Store,Date,Weekly_Sales,Holiday_Flag,Temperature,Fuel_Price,CPI,Unemployment,Year,Month,Month_Name,Quarter,Week,Year_Month,Holiday,Sales_Million
1,2010-02-05,1643690.9,0,42.31,2.572,211.0963582,8.106,2010,2,February,Q1,5,2010-02,Non-Holiday,1.6436909
1,2010-02-12,1641957.44,1,38.51,2.548,211.2421698,8.106,2010,2,February,Q1,6,2010-02,Holiday,1.6419574399999999
1,2010-02-19,1611968.17,0,39.93,2.514,211.2891429,8.106,2010,2,February,Q1,7,2010-02,Non-Holiday,1.61196817
1,2010-02-26,1409727.59,0,46.63,2.561,211.3196429,8.106,2010,2,February,Q1,8,2010-02,Non-Holiday,1.4097275900000001
1,2010-03-05,1554806.68,0,46.5,2.625,211.3501429,8.106,2010,3,March,Q1,9,2010-03,Non-Holiday,1.55480668
1,2010-03-12,1439541.59,0,57.79,2.667,211.3806429,8.106,2010,3,March,Q1,10,2010-03,Non-Holiday,1.4395415900000001
1,2010-03-19,1472515.79,0,54.58,2.72,211.215635,8.106,2010,3,March,Q1,11,2010-03,Non-Holiday,1.47251579
1,2010-03-26,1404429.92,0,51.45,2.732,211.0180424,8.106,2010,3,March,Q1,12,2010-03,Non-Holiday,1.4044299199999999
1,2010-04-02,1594968.28,0,62.27,2.719,210.8204499,7.808,2010,4,April,Q2,13,2010-04,Non-Holiday,1.59496828
1,2010-04-09,1545418.53,0,65.86,2.77,210.6228574,7.808,2010,4,April,Q2,14,2010-04,Non-Holiday,1.54541853
1,2010-04-16,1466058.28,0,66.32,2.808,210.4887,7.808,2010,4,April,Q2,15,2010-04,Non-Holiday,1.46605828
1,2010-04-23,1391256.12,0,64.84,2.795,210.4391228,7.808,2010,4,April,Q2,16,2010-04,Non-Holiday,1.3912561200000002
1,2010-04-30,1425100.71,0,67.41,2.78,210.3895456,7.808,2010,4,April,Q2,17,2010-04,Non-Holiday,1.42510071
1,2010-05-07,1603955.12,0,72.55,2.835,210.3399684,7.808,2010,5,May,Q2,18,2010-05,Non-Holiday,1.6039551200000002
1,2010-05-14,1494251.5,0,74.78,2.854,210.3374261,7.808,2010,5,May,Q2,19,2010-05,Non-Holiday,1.4942515
1,2010-05-21,1399662.07,0,76.44,2.826,210.6170934,7.808,2010,5,May,Q2,20,2010-05,Non-Holiday,1.39966207
1,2010-05-28,1432069.95,0,80.44,2.759,210.8967606,7.808,2010,5,May,Q2,21,2010-05,Non-Holiday,1.43206995
1,2010-06-04,1615524.71,0,80.69,2.705,211.1764278,7.808,2010,6,June,Q2,22,2010-06,Non-Holiday,1.6155247099999999
1,2010-06-11,1542561.09,0,80.43,2.668,211.4560951,7.808,2010,6,June,Q2,23,2010-06,Non-Holiday,1.5425610900000002
1,2010-06-18,1503284.06,0,84.11,2.637,211.4537719,7.808,2010,6,June,Q2,24,2010-06,Non-Holiday,1.5032840600000001
1,2010-06-25,1422711.6,0,84.34,2.653,211.3386526,7.808,2010,6,June,Q2,25,2010-06,Non-Holiday,1.4227116000000002
1,2010-07-02,1492418.14,0,80.91,2.669,211.2235333,7.787,2010,7,July,Q3,26,2010-07,Non-Holiday,1.4924181399999998
1,2010-07-09,1546074.18,0,80.48,2.642,211.108414,7.787,2010,7,July,Q3,27,2010-07,Non-Holiday,1.54607418
1,2010-07-16,1448938.92,0,83.15,2.623,211.1003854,7.787,2010,7,July,Q3,28,2010-07,Non-Holiday,1.44893892
1,2010-07-23,1385065.2,0,83.36,2.608,211.2351443,7.787,2010,7,July,Q3,29,2010-07,Non-Holiday,1.3850651999999999
1,2010-07-30,1371986.6,0,81.84,2.64,211.3699032,7.787,2010,7,July,Q3,30,2010-07,Non-Holiday,1.3719866
1,2010-08-06,1605491.78,0,87.16,2.627,211.5046621,7.787,2010,8,August,Q3,31,2010-08,Non-Holiday,1.60549178
1,2010-08-13,1508237.76,0,87.0,2.692,211.6394211,7.787,2010,8,August,Q3,32,2010-08,Non-Holiday,1.50823776
1,2010-08-20,1513080.49,0,86.65,2.664,211.6033633,7.787,2010,8,August,Q3,33,2010-08,Non-Holiday,1.51308049
1,2010-08-27,1449142.92,0,85.22,2.619,211.5673056,7.787,2010,8,August,Q3,34,2010-08,Non-Holiday,1.44914292
1,2010-09-03,1540163.53,0,81.21,2.577,211.5312479,7.787,2010,9,September,Q3,35,2010-09,Non-Holiday,1.54016353
1,2010-09-10,1507460.69,1,78.69,2.565,211.4951902,7.787,2010,9,September,Q3,36,2010-09,Holiday,1.50746069
1,2010-09-17,1430378.67,0,82.11,2.582,211.5224596,7.787,2010,9,September,Q3,37,2010-09,Non-Holiday,1.4303786699999999
1,2010-09-24,1351791.03,0,80.94,2.624,211.5972246,7.787,2010,9,September,Q3,38,2010-09,Non-Holiday,1.35179103
1,2010-10-01,1453329.5,0,71.89,2.603,211.6719895,7.838,2010,10,October,Q4,39,2010-10,Non-Holiday,1.4533295
1,2010-10-08,1508239.93,0,63.93,2.633,211.7467544,7.838,2010,10,October,Q4,40,2010-10,Non-Holiday,1.50823993
1,2010-10-15,1459409.1,0,67.18,2.72,211.8137436,7.838,2010,10,October,Q4,41,2010-10,Non-Holiday,1.4594091
1,2010-10-22,1345454.0,0,69.86,2.725,211.8612937,7.838,2010,10,October,Q4,42,2010-10,Non-Holiday,1.345454
1,2010-10-29,1384209.22,0,69.64,2.716,211.9088438,7.838,2010,10,October,Q4,43,2010-10,Non-Holiday,1.38420922
1,2010-11-05,1551659.28,0,58.74,2.689,211.9563939,7.838,2010,11,November,Q4,44,2010-11,Non-Holiday,1.55165928
1,2010-11-12,1494479.49,0,59.61,2.728,212.003944,7.838,2010,11,November,Q4,45,2010-11,Non-Holiday,1.49447949
1,2010-11-19,1483784.18,0,51.41,2.771,211.8896737,7.838,2010,11,November,Q4,46,2010-11,Non-Holiday,1.48378418
1,2010-11-26,1955624.11,1,64.52,2.735,211.7484333,7.838,2010,11,November,Q4,47,2010-11,Holiday,1.95562411
1,2010-12-03,1548033.78,0,49.27,2.708,211.607193,7.838,2010,12,December,Q4,48,2010-12,Non-Holiday,1.5480337800000001
1,2010-12-10,1682614.26,0,46.33,2.843,211.4659526,7.838,2010,12,December,Q4,49,2010-12,Non-Holiday,1.68261426
1,2010-12-17,1891034.93,0,49.84,2.869,211.4053124,7.838,2010,12,December,Q4,50,2010-12,Non-Holiday,1.89103493
1,2010-12-24,2387950.2,0,52.33,2.886,211.4051222,7.838,2010,12,December,Q4,51,2010-12,Non-Holiday,2.3879502
1,2010-12-31,1367320.01,1,48.43,2.943,211.4049321,7.838,2010,12,December,Q4,52,2010-12,Holiday,1.36732001
1,2011-01-07,1444732.28,0,48.27,2.976,211.4047419,7.742,2011,1,January,Q1,1,2011-01,Non-Holiday,1.44473228
1,2011-01-14,1391013.96,0,35.4,2.983,211.4574109,7.742,2011,1,January,Q1,2,2011-01,Non-Holiday,1.39101396
1,2011-01-21,1327405.42,0,44.04,3.016,211.8272343,7.742,2011,1,January,Q1,3,2011-01,Non-Holiday,1.3274054199999998
1,2011-01-28,1316899.31,0,43.83,3.01,212.1970577,7.742,2011,1,January,Q1,4,2011-01,Non-Holiday,1.3168993100000002
1,2011-02-04,1606629.58,0,42.27,2.989,212.5668812,7.742,2011,2,February,Q1,5,2011-02,Non-Holiday,1.6066295800000001
1,2011-02-11,1649614.93,1,36.39,3.022,212.9367046,7.742,2011,2,February,Q1,6,2011-02,Holiday,1.64961493
1,2011-02-18,1686842.78,0,57.36,3.045,213.2478853,7.742,2011,2,February,Q1,7,2011-02,Non-Holiday,1.68684278
1,2011-02-25,1456800.28,0,62.9,3.065,213.535609,7.742,2011,2,February,Q1,8,2011-02,Non-Holiday,1.45680028
1,2011-03-04,1636263.41,0,59.58,3.288,213.8233327,7.742,2011,3,March,Q1,9,2011-03,Non-Holiday,1.63626341
1,2011-03-11,1553191.63,0,53.56,3.459,214.1110564,7.742,2011,3,March,Q1,10,2011-03,Non-Holiday,1.55319163
1,2011-03-18,1576818.06,0,62.76,3.488,214.3627114,7.742,2011,3,March,Q1,11,2011-03,Non-Holiday,1.5768180600000001
1,2011-03-25,1541102.38,0,69.97,3.473,214.5999389,7.742,2011,3,March,Q1,12,2011-03,Non-Holiday,1.5411023799999999
1,2011-04-01,1495064.75,0,59.17,3.524,214.8371664,7.682,2011,4,April,Q2,13,2011-04,Non-Holiday,1.49506475
1,2011-04-08,1614259.35,0,67.84,3.622,215.0743939,7.682,2011,4,April,Q2,14,2011-04,Non-Holiday,1.6142593500000002
1,2011-04-15,1559889.0,0,71.27,3.743,215.2918561,7.682,2011,4,April,Q2,15,2011-04,Non-Holiday,1.559889
1,2011-04-22,1564819.81,0,72.99,3.807,215.4599053,7.682,2011,4,April,Q2,16,2011-04,Non-Holiday,1.5648198100000001
1,2011-04-29,1455090.69,0,72.03,3.81,215.6279544,7.682,2011,4,April,Q2,17,2011-04,Non-Holiday,1.45509069
1,2011-05-06,1629391.28,0,64.61,3.906,215.7960035,7.682,2011,5,May,Q2,18,2011-05,Non-Holiday,1.62939128
1,2011-05-13,1604775.58,0,75.64,3.899,215.9640526,7.682,2011,5,May,Q2,19,2011-05,Non-Holiday,1.60477558
1,2011-05-20,1428218.27,0,67.63,3.907,215.7339202,7.682,2011,5,May,Q2,20,2011-05,Non-Holiday,1.4282182700000001
1,2011-05-27,1466046.67,0,77.72,3.786,215.5037878,7.682,2011,5,May,Q2,21,2011-05,Non-Holiday,1.4660466699999999
1,2011-06-03,1635078.41,0,83.0,3.699,215.2736553,7.682,2011,6,June,Q2,22,2011-06,Non-Holiday,1.63507841
1,2011-06-10,1588948.32,0,83.13,3.648,215.0435229,7.682,2011,6,June,Q2,23,2011-06,Non-Holiday,1.58894832
1,2011-06-17,1532114.86,0,86.41,3.637,214.9980596,7.682,2011,6,June,Q2,24,2011-06,Non-Holiday,1.53211486
1,2011-06-24,1438830.15,0,83.58,3.594,215.0910982,7.682,2011,6,June,Q2,25,2011-06,Non-Holiday,1.4388301499999998
1,2011-07-01,1488538.09,0,85.55,3.524,215.1841368,7.962,2011,7,July,Q3,26,2011-07,Non-Holiday,1.48853809
1,2011-07-08,1534849.64,0,85.83,3.48,215.2771754,7.962,2011,7,July,Q3,27,2011-07,Non-Holiday,1.5348496399999998
1,2011-07-15,1455119.97,0,88.54,3.575,215.3611087,7.962,2011,7,July,Q3,28,2011-07,Non-Holiday,1.45511997
1,2011-07-22,1396926.82,0,85.77,3.651,215.4222784,7.962,2011,7,July,Q3,29,2011-07,Non-Holiday,1.39692682
1,2011-07-29,1352219.79,0,86.83,3.682,215.4834482,7.962,2011,7,July,Q3,30,2011-07,Non-Holiday,1.3522197900000001
1,2011-08-05,1624383.75,0,91.65,3.684,215.544618,7.962,2011,8,August,Q3,31,2011-08,Non-Holiday,1.62438375
1,2011-08-12,1525147.09,0,90.76,3.638,215.6057878,7.962,2011,8,August,Q3,32,2011-08,Non-Holiday,1.5251470900000001
1,2011-08-19,1530761.43,0,89.94,3.554,215.6693107,7.962,2011,8,August,Q3,33,2011-08,Non-Holiday,1.5307614299999999
1,2011-08-26,1464693.46,0,87.96,3.523,215.7332258,7.962,2011,8,August,Q3,34,2011-08,Non-Holiday,1.46469346
1,2011-09-02,1550229.22,0,87.83,3.533,215.7971409,7.962,2011,9,September,Q3,35,2011-09,Non-Holiday,1.55022922
1,2011-09-09,1540471.24,1,76.0,3.546,215.861056,7.962,2011,9,September,Q3,36,2011-09,Holiday,1.54047124
1,2011-09-16,1514259.78,0,79.94,3.526,216.0410526,7.962,2011,9,September,Q3,37,2011-09,Non-Holiday,1.51425978
1,2011-09-23,1380020.27,0,75.8,3.467,216.3758246,7.962,2011,9,September,Q3,38,2011-09,Non-Holiday,1.38002027
1,2011-09-30,1394561.83,0,79.69,3.355,216.7105965,7.962,2011,9,September,Q3,39,2011-09,Non-Holiday,1.39456183
1,2011-10-07,1630989.95,0,69.31,3.285,217.0453684,7.866,2011,10,October,Q4,40,2011-10,Non-Holiday,1.63098995
1,2011-10-14,1493525.93,0,71.74,3.274,217.3552733,7.866,2011,10,October,Q4,41,2011-10,Non-Holiday,1.49352593
1,2011-10-21,1502562.78,0,63.71,3.353,217.5159762,7.866,2011,10,October,Q4,42,2011-10,Non-Holiday,1.50256278
1,2011-10-28,1445249.09,0,66.57,3.372,217.6766791,7.866,2011,10,October,Q4,43,2011-10,Non-Holiday,1.4452490900000001
1,2011-11-04,1697229.58,0,54.98,3.332,217.837382,7.866,2011,11,November,Q4,44,2011-11,Non-Holiday,1.6972295800000001
1,2011-11-11,1594938.89,0,59.11,3.297,217.9980849,7.866,2011,11,November,Q4,45,2011-11,Non-Holiday,1.5949388899999999
1,2011-11-18,1539483.7,0,62.25,3.308,218.2205088,7.866,2011,11,November,Q4,46,2011-11,Non-Holiday,1.5394837
1,2011-11-25,2033320.66,1,60.14,3.236,218.4676211,7.866,2011,11,November,Q4,47,2011-11,Holiday,2.03332066
1,2011-12-02,1584083.95,0,48.91,3.172,218.7147333,7.866,2011,12,December,Q4,48,2011-12,Non-Holiday,1.58408395
1,2011-12-09,1799682.38,0,43.93,3.158,218.9618456,7.866,2011,12,December,Q4,49,2011-12,Non-Holiday,1.79968238
1,2011-12-16,1881176.67,0,51.63,3.159,219.1794533,7.866,2011,12,December,Q4,50,2011-12,Non-Holiday,1.8811766699999999
1,2011-12-23,2270188.99,0,47.96,3.112,219.3577216,7.866,2011,12,December,Q4,51,2011-12,Non-Holiday,2.2701889900000003
1,2011-12-30,1497462.72,1,44.55,3.129,219.5359898,7.866,2011,12,December,Q4,52,2011-12,Holiday,1.49746272
1,2012-01-06,1550369.92,0,49.01,3.157,219.7142581,7.348,2012,1,January,Q1,1,2012-01,Non-Holiday,1.5503699199999998
1,2012-01-13,1459601.17,0,48.53,3.261,219.8925263,7.348,2012,1,January,Q1,2,2012-01,Non-Holiday,1.45960117
1,2012-01-20,1394393.84,0,54.11,3.268,219.9856893,7.348,2012,1,January,Q1,3,2012-01,Non-Holiday,1.39439384
1,2012-01-27,1319325.59,0,54.26,3.29,220.0788523,7.348,2012,1,January,Q1,4,2012-01,Non-Holiday,1.31932559
1,2012-02-03,1636339.65,0,56.55,3.36,220.1720153,7.348,2012,2,February,Q1,5,2012-02,Non-Holiday,1.6363396499999998
1,2012-02-10,1802477.43,1,48.02,3.409,220.2651783,7.348,2012,2,February,Q1,6,2012-02,Holiday,1.80247743
1,2012-02-17,1819870.0,0,45.32,3.51,220.4257586,7.348,2012,2,February,Q1,7,2012-02,Non-Holiday,1.81987
1,2012-02-24,1539387.83,0,57.25,3.555,220.636902,7.348,2012,2,February,Q1,8,2012-02,Non-Holiday,1.5393878300000001
1,2012-03-02,1688420.76,0,60.96,3.63,220.8480454,7.348,2012,3,March,Q1,9,2012-03,Non-Holiday,1.68842076
1,2012-03-09,1675431.16,0,58.76,3.669,221.0591887,7.348,2012,3,March,Q1,10,2012-03,Non-Holiday,1.6754311599999998
1,2012-03-16,1677472.78,0,64.74,3.734,221.2118132,7.348,2012,3,March,Q1,11,2012-03,Non-Holiday,1.67747278
1,2012-03-23,1511068.07,0,65.93,3.787,221.2864126,7.348,2012,3,March,Q1,12,2012-03,Non-Holiday,1.51106807
1,2012-03-30,1649604.63,0,67.61,3.845,221.3610119,7.348,2012,3,March,Q1,13,2012-03,Non-Holiday,1.6496046299999998
1,2012-04-06,1899676.88,0,70.43,3.891,221.4356112,7.143,2012,4,April,Q2,14,2012-04,Non-Holiday,1.89967688
1,2012-04-13,1621031.7,0,69.07,3.891,221.5102105,7.143,2012,4,April,Q2,15,2012-04,Non-Holiday,1.6210316999999999
1,2012-04-20,1521577.87,0,66.76,3.877,221.5640737,7.143,2012,4,April,Q2,16,2012-04,Non-Holiday,1.5215778700000002
1,2012-04-27,1468928.37,0,67.23,3.814,221.6179368,7.143,2012,4,April,Q2,17,2012-04,Non-Holiday,1.4689283700000002
1,2012-05-04,1684519.99,0,75.55,3.749,221.6718,7.143,2012,5,May,Q2,18,2012-05,Non-Holiday,1.68451999
1,2012-05-11,1611096.05,0,73.77,3.688,221.7256632,7.143,2012,5,May,Q2,19,2012-05,Non-Holiday,1.61109605
1,2012-05-18,1595901.87,0,70.33,3.63,221.742674,7.143,2012,5,May,Q2,20,2012-05,Non-Holiday,1.59590187
1,2012-05-25,1555444.55,0,77.22,3.561,221.744944,7.143,2012,5,May,Q2,21,2012-05,Non-Holiday,1.55544455
1,2012-06-01,1624477.58,0,77.95,3.501,221.7472139,7.143,2012,6,June,Q2,22,2012-06,Non-Holiday,1.62447758
1,2012-06-08,1697230.96,0,78.3,3.452,221.7494839,7.143,2012,6,June,Q2,23,2012-06,Non-Holiday,1.69723096
1,2012-06-15,1630607.0,0,79.35,3.393,221.7626421,7.143,2012,6,June,Q2,24,2012-06,Non-Holiday,1.630607
1,2012-06-22,1527845.81,0,78.39,3.346,221.8030211,7.143,2012,6,June,Q2,25,2012-06,Non-Holiday,1.52784581
1,2012-06-29,1540421.49,0,84.88,3.286,221.8434,7.143,2012,6,June,Q2,26,2012-06,Non-Holiday,1.54042149
1,2012-07-06,1769854.16,0,81.57,3.227,221.8837789,6.908,2012,7,July,Q3,27,2012-07,Non-Holiday,1.76985416
1,2012-07-13,1527014.04,0,77.12,3.256,221.9241579,6.908,2012,7,July,Q3,28,2012-07,Non-Holiday,1.52701404
1,2012-07-20,1497954.76,0,80.42,3.311,221.9327267,6.908,2012,7,July,Q3,29,2012-07,Non-Holiday,1.49795476
1,2012-07-27,1439123.71,0,82.66,3.407,221.9412954,6.908,2012,7,July,Q3,30,2012-07,Non-Holiday,1.43912371
1,2012-08-03,1631135.79,0,86.11,3.417,221.9498642,6.908,2012,8,August,Q3,31,2012-08,Non-Holiday,1.63113579
1,2012-08-10,1592409.97,0,85.05,3.494,221.9584329,6.908,2012,8,August,Q3,32,2012-08,Non-Holiday,1.59240997
1,2012-08-17,1597868.05,0,84.85,3.571,222.0384109,6.908,2012,8,August,Q3,33,2012-08,Non-Holiday,1.59786805
1,2012-08-24,1494122.38,0,77.66,3.62,222.1719457,6.908,2012,8,August,Q3,34,2012-08,Non-Holiday,1.4941223799999999
1,2012-08-31,1582083.4,0,80.49,3.638,222.3054805,6.908,2012,8,August,Q3,35,2012-08,Non-Holiday,1.5820834
1,2012-09-07,1661767.33,1,83.96,3.73,222.4390153,6.908,2012,9,September,Q3,36,2012-09,Holiday,1.66176733
1,2012-09-14,1517428.87,0,74.97,3.717,222.5820193,6.908,2012,9,September,Q3,37,2012-09,Non-Holiday,1.51742887
1,2012-09-21,1506126.06,0,69.87,3.721,222.7818386,6.908,2012,9,September,Q3,38,2012-09,Non-Holiday,1.5061260600000002
1,2012-09-28,1437059.26,0,76.08,3.666,222.9816579,6.908,2012,9,September,Q3,39,2012-09,Non-Holiday,1.43705926
1,2012-10-05,1670785.97,0,68.55,3.617,223.1814772,6.573,2012,10,October,Q4,40,2012-10,Non-Holiday,1.67078597
1,2012-10-12,1573072.81,0,62.99,3.601,223.3812965,6.573,2012,10,October,Q4,41,2012-10,Non-Holiday,1.57307281
1,2012-10-19,1508068.77,0,67.97,3.594,223.4257233,6.573,2012,10,October,Q4,42,2012-10,Non-Holiday,1.50806877
1,2012-10-26,1493659.74,0,69.16,3.506,223.4442513,6.573,2012,10,October,Q4,43,2012-10,Non-Holiday,1.49365974
2,2010-02-05,2136989.46,0,40.19,2.572,210.7526053,8.324,2010,2,February,Q1,5,2010-02,Non-Holiday,2.13698946
2,2010-02-12,2137809.5,1,38.49,2.548,210.8979935,8.324,2010,2,February,Q1,6,2010-02,Holiday,2.1378095
2,2010-02-19,2124451.54,0,39.69,2.514,210.9451605,8.324,2010,2,February,Q1,7,2010-02,Non-Holiday,2.12445154
2,2010-02-26,1865097.27,0,46.1,2.561,210.9759573,8.324,2010,2,February,Q1,8,2010-02,Non-Holiday,1.86509727
2,2010-03-05,1991013.13,0,47.17,2.625,211.0067542,8.324,2010,3,March,Q1,9,2010-03,Non-Holiday,1.9910131299999998
2,2010-03-12,1990483.78,0,57.56,2.667,211.037551,8.324,2010,3,March,Q1,10,2010-03,Non-Holiday,1.99048378
2,2010-03-19,1946070.88,0,54.52,2.72,210.8733316,8.324,2010,3,March,Q1,11,2010-03,Non-Holiday,1.94607088
2,2010-03-26,1750197.81,0,51.26,2.732,210.6766095,8.324,2010,3,March,Q1,12,2010-03,Non-Holiday,1.75019781
2,2010-04-02,2066187.72,0,63.27,2.719,210.4798874,8.2,2010,4,April,Q2,13,2010-04,Non-Holiday,2.06618772
2,2010-04-09,1954689.21,0,65.41,2.77,210.2831653,8.2,2010,4,April,Q2,14,2010-04,Non-Holiday,1.95468921
2,2010-04-16,1874957.94,0,68.07,2.808,210.1495463,8.2,2010,4,April,Q2,15,2010-04,Non-Holiday,1.87495794
2,2010-04-23,1821990.93,0,65.11,2.795,210.1000648,8.2,2010,4,April,Q2,16,2010-04,Non-Holiday,1.82199093
2,2010-04-30,1802450.29,0,66.98,2.78,210.0505833,8.2,2010,4,April,Q2,17,2010-04,Non-Holiday,1.8024502900000001
2,2010-05-07,2042581.71,0,71.28,2.835,210.0011018,8.2,2010,5,May,Q2,18,2010-05,Non-Holiday,2.04258171
2,2010-05-14,1880752.36,0,73.31,2.854,209.9984585,8.2,2010,5,May,Q2,19,2010-05,Non-Holiday,1.88075236
2,2010-05-21,1896937.1,0,74.83,2.826,210.2768443,8.2,2010,5,May,Q2,20,2010-05,Non-Holiday,1.8969371000000002
2,2010-05-28,1957113.89,0,81.13,2.759,210.5552301,8.2,2010,5,May,Q2,21,2010-05,Non-Holiday,1.9571138899999998
2,2010-06-04,2102539.93,0,81.81,2.705,210.833616,8.2,2010,6,June,Q2,22,2010-06,Non-Holiday,2.1025399300000003
2,2010-06-11,2025538.76,0,83.4,2.668,211.1120018,8.2,2010,6,June,Q2,23,2010-06,Non-Holiday,2.02553876
2,2010-06-18,2001636.96,0,85.81,2.637,211.1096543,8.2,2010,6,June,Q2,24,2010-06,Non-Holiday,2.00163696
2,2010-06-25,1939927.09,0,86.26,2.653,210.9950134,8.2,2010,6,June,Q2,25,2010-06,Non-Holiday,1.93992709
2,2010-07-02,2003940.64,0,82.74,2.669,210.8803726,8.099,2010,7,July,Q3,26,2010-07,Non-Holiday,2.0039406399999997
2,2010-07-09,1880902.62,0,82.59,2.642,210.7657317,8.099,2010,7,July,Q3,27,2010-07,Non-Holiday,1.88090262
2,2010-07-16,1845879.79,0,85.32,2.623,210.7577954,8.099,2010,7,July,Q3,28,2010-07,Non-Holiday,1.8458797900000001
2,2010-07-23,1781717.71,0,87.66,2.608,210.8921319,8.099,2010,7,July,Q3,29,2010-07,Non-Holiday,1.78171771
2,2010-07-30,1804246.16,0,83.49,2.64,211.0264684,8.099,2010,7,July,Q3,30,2010-07,Non-Holiday,1.80424616
2,2010-08-06,1991909.98,0,89.53,2.627,211.1608049,8.099,2010,8,August,Q3,31,2010-08,Non-Holiday,1.99190998
2,2010-08-13,1895601.05,0,89.05,2.692,211.2951413,8.099,2010,8,August,Q3,32,2010-08,Non-Holiday,1.89560105
2,2010-08-20,1964335.23,0,88.7,2.664,211.2596586,8.099,2010,8,August,Q3,33,2010-08,Non-Holiday,1.9643352299999999
2,2010-08-27,1863840.49,0,87.12,2.619,211.2241759,8.099,2010,8,August,Q3,34,2010-08,Non-Holiday,1.86384049
2,2010-09-03,1904608.09,0,81.83,2.577,211.1886931,8.099,2010,9,September,Q3,35,2010-09,Non-Holiday,1.90460809
2,2010-09-10,1839128.83,1,79.09,2.565,211.1532104,8.099,2010,9,September,Q3,36,2010-09,Holiday,1.8391288300000002
2,2010-09-17,1793903.6,0,82.05,2.582,211.1806415,8.099,2010,9,September,Q3,37,2010-09,Non-Holiday,1.7939036000000002
2,2010-09-24,1724557.22,0,81.79,2.624,211.2552578,8.099,2010,9,September,Q3,38,2010-09,Non-Holiday,1.72455722
2,2010-10-01,1827440.43,0,69.24,2.603,211.3298742,8.163,2010,10,October,Q4,39,2010-10,Non-Holiday,1.82744043
2,2010-10-08,1849921.44,0,63.19,2.633,211.4044906,8.163,2010,10,October,Q4,40,2010-10,Non-Holiday,1.84992144
2,2010-10-15,1794355.49,0,65.8,2.72,211.4713286,8.163,2010,10,October,Q4,41,2010-10,Non-Holiday,1.79435549
2,2010-10-22,1737947.64,0,68.5,2.725,211.5187208,8.163,2010,10,October,Q4,42,2010-10,Non-Holiday,1.7379476399999998
2,2010-10-29,1802755.11,0,66.24,2.716,211.5661131,8.163,2010,10,October,Q4,43,2010-10,Non-Holiday,1.80275511
2,2010-11-05,1939061.41,0,57.85,2.689,211.6135053,8.163,2010,11,November,Q4,44,2010-11,Non-Holiday,1.9390614099999999
2,2010-11-12,1916812.74,0,59.69,2.728,211.6608975,8.163,2010,11,November,Q4,45,2010-11,Non-Holiday,1.91681274
2,2010-11-19,1956739.17,0,50.81,2.771,211.5470304,8.163,2010,11,November,Q4,46,2010-11,Non-Holiday,1.9567391699999999
2,2010-11-26,2658725.29,1,62.98,2.735,211.4062867,8.163,2010,11,November,Q4,47,2010-11,Holiday,2.65872529
2,2010-12-03,2015781.27,0,49.33,2.708,211.265543,8.163,2010,12,December,Q4,48,2010-12,Non-Holiday,2.01578127
2,2010-12-10,2378726.55,0,45.5,2.843,211.1247993,8.163,2010,12,December,Q4,49,2010-12,Non-Holiday,2.3787265499999997
2,2010-12-17,2609166.75,0,47.55,2.869,211.0645458,8.163,2010,12,December,Q4,50,2010-12,Non-Holiday,2.60916675
2,2010-12-24,3436007.68,0,49.97,2.886,211.0646599,8.163,2010,12,December,Q4,51,2010-12,Non-Holiday,3.4360076800000003
2,2010-12-31,1750434.55,1,47.3,2.943,211.064774,8.163,2010,12,December,Q4,52,2010-12,Holiday,1.75043455
2,2011-01-07,1758050.79,0,44.69,2.976,211.0648881,8.028,2011,1,January,Q1,1,2011-01,Non-Holiday,1.75805079
2,2011-01-14,1744193.58,0,33.02,2.983,211.1176713,8.028,2011,1,January,Q1,2,2011-01,Non-Holiday,1.7441935800000001
2,2011-01-21,1751384.9,0,41.4,3.016,211.4864691,8.028,2011,1,January,Q1,3,2011-01,Non-Holiday,1.7513849
2,2011-01-28,1695371.68,0,42.83,3.01,211.8552668,8.028,2011,1,January,Q1,4,2011-01,Non-Holiday,1.6953716799999998
2,2011-02-04,1929346.23,0,38.25,2.989,212.2240646,8.028,2011,2,February,Q1,5,2011-02,Non-Holiday,1.92934623
2,2011-02-11,2168041.61,1,33.19,3.022,212.5928624,8.028,2011,2,February,Q1,6,2011-02,Holiday,2.16804161
2,2011-02-18,2080884.82,0,57.83,3.045,212.9033115,8.028,2011,2,February,Q1,7,2011-02,Non-Holiday,2.08088482
2,2011-02-25,1833511.08,0,60.8,3.065,213.190421,8.028,2011,2,February,Q1,8,2011-02,Non-Holiday,1.83351108
2,2011-03-04,1981607.78,0,57.77,3.288,213.4775305,8.028,2011,3,March,Q1,9,2011-03,Non-Holiday,1.98160778
2,2011-03-11,1879107.31,0,52.7,3.459,213.7646401,8.028,2011,3,March,Q1,10,2011-03,Non-Holiday,1.87910731
2,2011-03-18,1902557.66,0,62.32,3.488,214.0156238,8.028,2011,3,March,Q1,11,2011-03,Non-Holiday,1.9025576599999998
2,2011-03-25,1766162.05,0,69.42,3.473,214.2521573,8.028,2011,3,March,Q1,12,2011-03,Non-Holiday,1.7661620500000001
2,2011-04-01,1800171.36,0,55.43,3.524,214.4886908,7.931,2011,4,April,Q2,13,2011-04,Non-Holiday,1.80017136
2,2011-04-08,1847552.61,0,67.0,3.622,214.7252242,7.931,2011,4,April,Q2,14,2011-04,Non-Holiday,1.8475526100000002
2,2011-04-15,1856467.84,0,69.48,3.743,214.9420631,7.931,2011,4,April,Q2,15,2011-04,Non-Holiday,1.85646784
2,2011-04-22,1886339.6,0,69.39,3.807,215.1096657,7.931,2011,4,April,Q2,16,2011-04,Non-Holiday,1.8863396000000001
2,2011-04-29,1745545.28,0,69.21,3.81,215.2772683,7.931,2011,4,April,Q2,17,2011-04,Non-Holiday,1.74554528
2,2011-05-06,1837743.6,0,61.48,3.906,215.4448709,7.931,2011,5,May,Q2,18,2011-05,Non-Holiday,1.8377436
2,2011-05-13,1838513.07,0,74.61,3.899,215.6124735,7.931,2011,5,May,Q2,19,2011-05,Non-Holiday,1.83851307
2,2011-05-20,1688281.86,0,67.14,3.907,215.3834778,7.931,2011,5,May,Q2,20,2011-05,Non-Holiday,1.68828186
2,2011-05-27,1797732.56,0,76.42,3.786,215.1544822,7.931,2011,5,May,Q2,21,2011-05,Non-Holiday,1.79773256
2,2011-06-03,1933756.21,0,83.07,3.699,214.9254865,7.931,2011,6,June,Q2,22,2011-06,Non-Holiday,1.9337562099999999
2,2011-06-10,1929153.16,0,83.4,3.648,214.6964908,7.931,2011,6,June,Q2,23,2011-06,Non-Holiday,1.9291531599999998
2,2011-06-17,1953771.99,0,86.53,3.637,214.6513538,7.931,2011,6,June,Q2,24,2011-06,Non-Holiday,1.95377199
2,2011-06-24,1790925.8,0,85.17,3.594,214.7441108,7.931,2011,6,June,Q2,25,2011-06,Non-Holiday,1.7909258000000001
2,2011-07-01,1866243.0,0,85.69,3.524,214.8368678,7.852,2011,7,July,Q3,26,2011-07,Non-Holiday,1.866243
2,2011-07-08,1853161.99,0,87.7,3.48,214.9296249,7.852,2011,7,July,Q3,27,2011-07,Non-Holiday,1.85316199
2,2011-07-15,1785187.29,0,89.83,3.575,215.0134426,7.852,2011,7,July,Q3,28,2011-07,Non-Holiday,1.78518729
2,2011-07-22,1743816.41,0,89.34,3.651,215.0749122,7.852,2011,7,July,Q3,29,2011-07,Non-Holiday,1.74381641
2,2011-07-29,1680693.06,0,90.07,3.682,215.1363819,7.852,2011,7,July,Q3,30,2011-07,Non-Holiday,1.68069306
2,2011-08-05,1876704.26,0,93.34,3.684,215.1978515,7.852,2011,8,August,Q3,31,2011-08,Non-Holiday,1.87670426
2,2011-08-12,1812768.26,0,91.58,3.638,215.2593211,7.852,2011,8,August,Q3,32,2011-08,Non-Holiday,1.81276826
2,2011-08-19,1844094.59,0,89.86,3.554,215.3229307,7.852,2011,8,August,Q3,33,2011-08,Non-Holiday,1.84409459
2,2011-08-26,1821139.91,0,90.45,3.523,215.386897,7.852,2011,8,August,Q3,34,2011-08,Non-Holiday,1.8211399099999999
2,2011-09-02,1809119.7,0,89.64,3.533,215.4508632,7.852,2011,9,September,Q3,35,2011-09,Non-Holiday,1.8091196999999999
2,2011-09-09,1748000.65,1,77.97,3.546,215.5148295,7.852,2011,9,September,Q3,36,2011-09,Holiday,1.7480006499999998
2,2011-09-16,1691439.52,0,78.85,3.526,215.6944378,7.852,2011,9,September,Q3,37,2011-09,Non-Holiday,1.69143952
2,2011-09-23,1669299.78,0,75.58,3.467,216.0282356,7.852,2011,9,September,Q3,38,2011-09,Non-Holiday,1.66929978
2,2011-09-30,1650394.44,0,78.14,3.355,216.3620333,7.852,2011,9,September,Q3,39,2011-09,Non-Holiday,1.65039444
2,2011-10-07,1837553.43,0,69.92,3.285,216.6958311,7.441,2011,10,October,Q4,40,2011-10,Non-Holiday,1.83755343
2,2011-10-14,1743882.19,0,71.67,3.274,217.0048261,7.441,2011,10,October,Q4,41,2011-10,Non-Holiday,1.7438821899999999
2,2011-10-21,1834680.25,0,64.53,3.353,217.1650042,7.441,2011,10,October,Q4,42,2011-10,Non-Holiday,1.83468025
2,2011-10-28,1769296.25,0,65.87,3.372,217.3251824,7.441,2011,10,October,Q4,43,2011-10,Non-Holiday,1.76929625
2,2011-11-04,1959707.9,0,55.53,3.332,217.4853605,7.441,2011,11,November,Q4,44,2011-11,Non-Holiday,1.9597079
2,2011-11-11,1920725.15,0,59.33,3.297,217.6455387,7.441,2011,11,November,Q4,45,2011-11,Non-Holiday,1.92072515
2,2011-11-18,1902762.5,0,62.01,3.308,217.8670218,7.441,2011,11,November,Q4,46,2011-11,Non-Holiday,1.9027625
2,2011-11-25,2614202.3,1,56.36,3.236,218.1130269,7.441,2011,11,November,Q4,47,2011-11,Holiday,2.6142022999999996
2,2011-12-02,1954952.0,0,48.74,3.172,218.3590319,7.441,2011,12,December,Q4,48,2011-12,Non-Holiday,1.954952
2,2011-12-09,2290549.32,0,41.76,3.158,218.605037,7.441,2011,12,December,Q4,49,2011-12,Non-Holiday,2.2905493199999998
2,2011-12-16,2432736.52,0,50.13,3.159,218.8217928,7.441,2011,12,December,Q4,50,2011-12,Non-Holiday,2.43273652
2,2011-12-23,3224369.8,0,46.66,3.112,218.9995495,7.441,2011,12,December,Q4,51,2011-12,Non-Holiday,3.2243698
2,2011-12-30,1874226.52,1,44.57,3.129,219.1773063,7.441,2011,12,December,Q4,52,2011-12,Holiday,1.8742265200000001
2,2012-01-06,1799520.14,0,46.75,3.157,219.355063,7.057,2012,1,January,Q1,1,2012-01,Non-Holiday,1.7995201399999998
2,2012-01-13,1744725.48,0,45.99,3.261,219.5328198,7.057,2012,1,January,Q1,2,2012-01,Non-Holiday,1.74472548
2,2012-01-20,1711769.11,0,51.7,3.268,219.6258417,7.057,2012,1,January,Q1,3,2012-01,Non-Holiday,1.71176911
2,2012-01-27,1660906.14,0,50.5,3.29,219.7188636,7.057,2012,1,January,Q1,4,2012-01,Non-Holiday,1.6609061399999998
2,2012-02-03,1935299.94,0,55.21,3.36,219.8118854,7.057,2012,2,February,Q1,5,2012-02,Non-Holiday,1.93529994
2,2012-02-10,2103322.68,1,46.98,3.409,219.9049073,7.057,2012,2,February,Q1,6,2012-02,Holiday,2.1033226800000002
2,2012-02-17,2196688.46,0,43.82,3.51,220.0651993,7.057,2012,2,February,Q1,7,2012-02,Non-Holiday,2.19668846
2,2012-02-24,1861802.7,0,54.63,3.555,220.275944,7.057,2012,2,February,Q1,8,2012-02,Non-Holiday,1.8618027
2,2012-03-02,1952555.66,0,58.79,3.63,220.4866886,7.057,2012,3,March,Q1,9,2012-03,Non-Holiday,1.95255566
2,2012-03-09,1937628.26,0,57.11,3.669,220.6974332,7.057,2012,3,March,Q1,10,2012-03,Non-Holiday,1.93762826
2,2012-03-16,1976082.13,0,63.68,3.734,220.8498468,7.057,2012,3,March,Q1,11,2012-03,Non-Holiday,1.97608213
2,2012-03-23,1790439.16,0,64.01,3.787,220.9244858,7.057,2012,3,March,Q1,12,2012-03,Non-Holiday,1.7904391599999998
2,2012-03-30,1857480.84,0,66.83,3.845,220.9991248,7.057,2012,3,March,Q1,13,2012-03,Non-Holiday,1.85748084
2,2012-04-06,2129035.91,0,68.43,3.891,221.0737638,6.891,2012,4,April,Q2,14,2012-04,Non-Holiday,2.1290359100000003
2,2012-04-13,1935869.1,0,68.08,3.891,221.1484028,6.891,2012,4,April,Q2,15,2012-04,Non-Holiday,1.9358691000000001
2,2012-04-20,1847344.45,0,65.69,3.877,221.2021074,6.891,2012,4,April,Q2,16,2012-04,Non-Holiday,1.84734445
2,2012-04-27,1764133.09,0,67.2,3.814,221.255812,6.891,2012,4,April,Q2,17,2012-04,Non-Holiday,1.76413309
2,2012-05-04,1923957.09,0,76.73,3.749,221.3095166,6.891,2012,5,May,Q2,18,2012-05,Non-Holiday,1.92395709
2,2012-05-11,1917520.99,0,73.87,3.688,221.3632212,6.891,2012,5,May,Q2,19,2012-05,Non-Holiday,1.91752099
2,2012-05-18,2000940.67,0,71.27,3.63,221.380331,6.891,2012,5,May,Q2,20,2012-05,Non-Holiday,2.00094067
2,2012-05-25,1912791.09,0,78.19,3.561,221.3828029,6.891,2012,5,May,Q2,21,2012-05,Non-Holiday,1.91279109
2,2012-06-01,1910092.37,0,78.38,3.501,221.3852748,6.891,2012,6,June,Q2,22,2012-06,Non-Holiday,1.91009237
2,2012-06-08,2010216.49,0,78.69,3.452,221.3877467,6.891,2012,6,June,Q2,23,2012-06,Non-Holiday,2.01021649
2,2012-06-15,1962924.3,0,80.56,3.393,221.4009901,6.891,2012,6,June,Q2,24,2012-06,Non-Holiday,1.9629243
2,2012-06-22,1887733.21,0,81.04,3.346,221.4411622,6.891,2012,6,June,Q2,25,2012-06,Non-Holiday,1.88773321
2,2012-06-29,1881046.12,0,86.32,3.286,221.4813343,6.891,2012,6,June,Q2,26,2012-06,Non-Holiday,1.8810461200000002
2,2012-07-06,2041507.4,0,84.2,3.227,221.5215064,6.565,2012,7,July,Q3,27,2012-07,Non-Holiday,2.0415074
2,2012-07-13,1830075.13,0,80.17,3.256,221.5616784,6.565,2012,7,July,Q3,28,2012-07,Non-Holiday,1.83007513
2,2012-07-20,1819666.46,0,83.23,3.311,221.5701123,6.565,2012,7,July,Q3,29,2012-07,Non-Holiday,1.8196664599999999
2,2012-07-27,1757923.88,0,86.37,3.407,221.5785461,6.565,2012,7,July,Q3,30,2012-07,Non-Holiday,1.7579238799999999
2,2012-08-03,1946104.64,0,90.22,3.417,221.5869799,6.565,2012,8,August,Q3,31,2012-08,Non-Holiday,1.94610464
2,2012-08-10,1866719.96,0,88.55,3.494,221.5954138,6.565,2012,8,August,Q3,32,2012-08,Non-Holiday,1.86671996
2,2012-08-17,1928016.01,0,84.79,3.571,221.6751459,6.565,2012,8,August,Q3,33,2012-08,Non-Holiday,1.9280160100000001
2,2012-08-24,1876788.15,0,76.91,3.62,221.8083518,6.565,2012,8,August,Q3,34,2012-08,Non-Holiday,1.8767881499999999
2,2012-08-31,1947083.3,0,82.64,3.638,221.9415576,6.565,2012,8,August,Q3,35,2012-08,Non-Holiday,1.9470833
2,2012-09-07,1898777.07,1,87.65,3.73,222.0747635,6.565,2012,9,September,Q3,36,2012-09,Holiday,1.89877707
2,2012-09-14,1814806.63,0,75.88,3.717,222.2174395,6.565,2012,9,September,Q3,37,2012-09,Non-Holiday,1.8148066299999999
2,2012-09-21,1829415.67,0,71.09,3.721,222.4169362,6.565,2012,9,September,Q3,38,2012-09,Non-Holiday,1.82941567
2,2012-09-28,1746470.56,0,79.45,3.666,222.6164329,6.565,2012,9,September,Q3,39,2012-09,Non-Holiday,1.7464705600000001
2,2012-10-05,1998321.04,0,70.27,3.617,222.8159296,6.17,2012,10,October,Q4,40,2012-10,Non-Holiday,1.99832104
2,2012-10-12,1900745.13,0,60.97,3.601,223.0154263,6.17,2012,10,October,Q4,41,2012-10,Non-Holiday,1.9007451299999998
2,2012-10-19,1847990.41,0,68.08,3.594,223.0598077,6.17,2012,10,October,Q4,42,2012-10,Non-Holiday,1.84799041
2,2012-10-26,1834458.35,0,69.79,3.506,223.0783366,6.17,2012,10,October,Q4,43,2012-10,Non-Holiday,1.83445835
3,2010-02-05,461622.22,0,45.71,2.572,214.4248812,7.368,2010,2,February,Q1,5,2010-02,Non-Holiday,0.46162221999999997
3,2010-02-12,420728.96,1,47.93,2.548,214.5747916,7.368,2010,2,February,Q1,6,2010-02,Holiday,0.42072896000000004
3,2010-02-19,421642.19,0,47.07,2.514,214.6198868,7.368,2010,2,February,Q1,7,2010-02,Non-Holiday,0.42164219000000003
3,2010-02-26,407204.86,0,52.05,2.561,214.6475127,7.368,2010,2,February,Q1,8,2010-02,Non-Holiday,0.40720486
3,2010-03-05,415202.04,0,53.04,2.625,214.6751386,7.368,2010,3,March,Q1,9,2010-03,Non-Holiday,0.41520204
3,2010-03-12,384200.69,0,63.08,2.667,214.7027646,7.368,2010,3,March,Q1,10,2010-03,Non-Holiday,0.38420069
3,2010-03-19,375328.59,0,60.42,2.72,214.5301219,7.368,2010,3,March,Q1,11,2010-03,Non-Holiday,0.37532859
3,2010-03-26,359949.27,0,57.06,2.732,214.3241011,7.368,2010,3,March,Q1,12,2010-03,Non-Holiday,0.35994927000000004
3,2010-04-02,423294.4,0,65.56,2.719,214.1180803,7.343,2010,4,April,Q2,13,2010-04,Non-Holiday,0.4232944
3,2010-04-09,415870.28,0,68.0,2.77,213.9120595,7.343,2010,4,April,Q2,14,2010-04,Non-Holiday,0.41587028000000004
3,2010-04-16,354993.26,0,66.98,2.808,213.7726889,7.343,2010,4,April,Q2,15,2010-04,Non-Holiday,0.35499326000000003
3,2010-04-23,339976.65,0,67.87,2.795,213.7221852,7.343,2010,4,April,Q2,16,2010-04,Non-Holiday,0.33997665000000005
3,2010-04-30,361248.39,0,70.24,2.78,213.6716815,7.343,2010,4,April,Q2,17,2010-04,Non-Holiday,0.36124839000000003
3,2010-05-07,399323.86,0,73.47,2.835,213.6211778,7.343,2010,5,May,Q2,18,2010-05,Non-Holiday,0.39932386
3,2010-05-14,384357.94,0,77.18,2.854,213.6196139,7.343,2010,5,May,Q2,19,2010-05,Non-Holiday,0.38435794
3,2010-05-21,343763.17,0,75.81,2.826,213.9116886,7.343,2010,5,May,Q2,20,2010-05,Non-Holiday,0.34376317
3,2010-05-28,350089.23,0,78.6,2.759,214.2037634,7.343,2010,5,May,Q2,21,2010-05,Non-Holiday,0.35008923
3,2010-06-04,396968.8,0,78.53,2.705,214.4958382,7.343,2010,6,June,Q2,22,2010-06,Non-Holiday,0.3969688
3,2010-06-11,355017.09,0,82.1,2.668,214.787913,7.343,2010,6,June,Q2,23,2010-06,Non-Holiday,0.35501709000000004
3,2010-06-18,364076.85,0,83.52,2.637,214.7858259,7.343,2010,6,June,Q2,24,2010-06,Non-Holiday,0.36407684999999995
3,2010-06-25,357346.48,0,83.79,2.653,214.6660741,7.343,2010,6,June,Q2,25,2010-06,Non-Holiday,0.35734647999999997
3,2010-07-02,381151.72,0,82.2,2.669,214.5463222,7.346,2010,7,July,Q3,26,2010-07,Non-Holiday,0.38115171999999997
3,2010-07-09,349214.18,0,81.75,2.642,214.4265704,7.346,2010,7,July,Q3,27,2010-07,Non-Holiday,0.34921418
3,2010-07-16,352728.78,0,84.32,2.623,214.4176476,7.346,2010,7,July,Q3,28,2010-07,Non-Holiday,0.35272878
3,2010-07-23,352864.49,0,83.32,2.608,214.5564968,7.346,2010,7,July,Q3,29,2010-07,Non-Holiday,0.35286449
3,2010-07-30,347955.05,0,82.04,2.64,214.695346,7.346,2010,7,July,Q3,30,2010-07,Non-Holiday,0.34795505
3,2010-08-06,402635.76,0,85.13,2.627,214.8341952,7.346,2010,8,August,Q3,31,2010-08,Non-Holiday,0.40263576
3,2010-08-13,339597.38,0,86.74,2.692,214.9730444,7.346,2010,8,August,Q3,32,2010-08,Non-Holiday,0.33959738
3,2010-08-20,351728.21,0,88.02,2.664,214.9314191,7.346,2010,8,August,Q3,33,2010-08,Non-Holiday,0.35172821000000004
3,2010-08-27,362134.09,0,86.15,2.619,214.8897938,7.346,2010,8,August,Q3,34,2010-08,Non-Holiday,0.36213409
3,2010-09-03,366473.97,0,84.16,2.577,214.8481685,7.346,2010,9,September,Q3,35,2010-09,Non-Holiday,0.36647397
3,2010-09-10,352260.97,1,80.84,2.565,214.8065431,7.346,2010,9,September,Q3,36,2010-09,Holiday,0.35226096999999995
3,2010-09-17,363064.64,0,82.36,2.582,214.8322484,7.346,2010,9,September,Q3,37,2010-09,Non-Holiday,0.36306464
3,2010-09-24,355626.87,0,76.9,2.624,214.9084516,7.346,2010,9,September,Q3,38,2010-09,Non-Holiday,0.35562687
3,2010-10-01,358784.1,0,73.6,2.603,214.9846548,7.564,2010,10,October,Q4,39,2010-10,Non-Holiday,0.3587841
3,2010-10-08,395107.35,0,66.99,2.633,215.060858,7.564,2010,10,October,Q4,40,2010-10,Non-Holiday,0.39510734999999997
3,2010-10-15,345584.39,0,69.71,2.72,215.1293114,7.564,2010,10,October,Q4,41,2010-10,Non-Holiday,0.34558439
3,2010-10-22,348895.98,0,71.64,2.725,215.17839,7.564,2010,10,October,Q4,42,2010-10,Non-Holiday,0.34889598
3,2010-10-29,348591.74,0,72.04,2.716,215.2274686,7.564,2010,10,October,Q4,43,2010-10,Non-Holiday,0.34859174
3,2010-11-05,423175.56,0,62.94,2.689,215.2765472,7.564,2010,11,November,Q4,44,2010-11,Non-Holiday,0.42317556
3,2010-11-12,386635.03,0,62.79,2.728,215.3256258,7.564,2010,11,November,Q4,45,2010-11,Non-Holiday,0.38663503000000005
3,2010-11-19,372545.32,0,57.72,2.771,215.2074519,7.564,2010,11,November,Q4,46,2010-11,Non-Holiday,0.37254532
3,2010-11-26,565567.84,1,68.71,2.735,215.0614025,7.564,2010,11,November,Q4,47,2010-11,Holiday,0.5655678399999999
3,2010-12-03,476420.77,0,53.76,2.708,214.9153531,7.564,2010,12,December,Q4,48,2010-12,Non-Holiday,0.47642077
3,2010-12-10,467642.03,0,51.13,2.843,214.7693037,7.564,2010,12,December,Q4,49,2010-12,Non-Holiday,0.46764203000000004
3,2010-12-17,498159.39,0,52.2,2.869,214.704919,7.564,2010,12,December,Q4,50,2010-12,Non-Holiday,0.49815939000000004
3,2010-12-24,605990.41,0,57.16,2.886,214.7017828,7.564,2010,12,December,Q4,51,2010-12,Non-Holiday,0.60599041
3,2010-12-31,382677.76,1,53.2,2.943,214.6986466,7.564,2010,12,December,Q4,52,2010-12,Holiday,0.38267776000000003
3,2011-01-07,378241.34,0,53.35,2.976,214.6955104,7.551,2011,1,January,Q1,1,2011-01,Non-Holiday,0.37824134000000004
3,2011-01-14,381061.1,0,44.76,2.983,214.7470729,7.551,2011,1,January,Q1,2,2011-01,Non-Holiday,0.3810611
3,2011-01-21,350876.7,0,50.74,3.016,215.1268275,7.551,2011,1,January,Q1,3,2011-01,Non-Holiday,0.3508767
3,2011-01-28,364866.24,0,48.71,3.01,215.5065821,7.551,2011,1,January,Q1,4,2011-01,Non-Holiday,0.36486624
3,2011-02-04,438516.53,0,45.95,2.989,215.8863367,7.551,2011,2,February,Q1,5,2011-02,Non-Holiday,0.43851653
3,2011-02-11,430526.21,1,43.57,3.022,216.2660913,7.551,2011,2,February,Q1,6,2011-02,Holiday,0.43052621
3,2011-02-18,432782.1,0,61.58,3.045,216.5843571,7.551,2011,2,February,Q1,7,2011-02,Non-Holiday,0.4327821
3,2011-02-25,397211.19,0,67.4,3.065,216.8780275,7.551,2011,2,February,Q1,8,2011-02,Non-Holiday,0.39721119
3,2011-03-04,437084.51,0,65.11,3.288,217.1716979,7.551,2011,3,March,Q1,9,2011-03,Non-Holiday,0.43708451
3,2011-03-11,404753.3,0,61.29,3.459,217.4653683,7.551,2011,3,March,Q1,10,2011-03,Non-Holiday,0.4047533
3,2011-03-18,392109.51,0,69.47,3.488,217.7235226,7.551,2011,3,March,Q1,11,2011-03,Non-Holiday,0.39210951
3,2011-03-25,380683.67,0,72.94,3.473,217.9674705,7.551,2011,3,March,Q1,12,2011-03,Non-Holiday,0.38068367
3,2011-04-01,374556.08,0,68.76,3.524,218.2114184,7.574,2011,4,April,Q2,13,2011-04,Non-Holiday,0.37455608
3,2011-04-08,384075.31,0,72.55,3.622,218.4553663,7.574,2011,4,April,Q2,14,2011-04,Non-Holiday,0.38407531
3,2011-04-15,366250.69,0,75.88,3.743,218.6788642,7.574,2011,4,April,Q2,15,2011-04,Non-Holiday,0.36625069
3,2011-04-22,391860.04,0,76.91,3.807,218.851237,7.574,2011,4,April,Q2,16,2011-04,Non-Holiday,0.39186003999999997
3,2011-04-29,367405.4,0,78.69,3.81,219.0236099,7.574,2011,4,April,Q2,17,2011-04,Non-Holiday,0.36740540000000005
3,2011-05-06,413042.12,0,69.45,3.906,219.1959827,7.574,2011,5,May,Q2,18,2011-05,Non-Holiday,0.41304212
3,2011-05-13,386312.68,0,79.87,3.899,219.3683556,7.574,2011,5,May,Q2,19,2011-05,Non-Holiday,0.38631268
3,2011-05-20,364603.13,0,75.79,3.907,219.127216,7.574,2011,5,May,Q2,20,2011-05,Non-Holiday,0.36460313
3,2011-05-27,369350.6,0,84.41,3.786,218.8860765,7.574,2011,5,May,Q2,21,2011-05,Non-Holiday,0.3693506
3,2011-06-03,394507.84,0,84.29,3.699,218.6449369,7.574,2011,6,June,Q2,22,2011-06,Non-Holiday,0.39450784
3,2011-06-10,391638.75,0,84.84,3.648,218.4037974,7.574,2011,6,June,Q2,23,2011-06,Non-Holiday,0.39163875
3,2011-06-17,403423.34,0,86.96,3.637,218.3551748,7.574,2011,6,June,Q2,24,2011-06,Non-Holiday,0.40342334
3,2011-06-24,385520.71,0,84.94,3.594,218.45094,7.574,2011,6,June,Q2,25,2011-06,Non-Holiday,0.38552071000000004
3,2011-07-01,368962.72,0,85.1,3.524,218.5467052,7.567,2011,7,July,Q3,26,2011-07,Non-Holiday,0.36896271999999997
3,2011-07-08,395146.24,0,85.38,3.48,218.6424704,7.567,2011,7,July,Q3,27,2011-07,Non-Holiday,0.39514624
3,2011-07-15,373454.33,0,87.14,3.575,218.7275216,7.567,2011,7,July,Q3,28,2011-07,Non-Holiday,0.37345433
3,2011-07-22,360617.37,0,86.19,3.651,218.7857881,7.567,2011,7,July,Q3,29,2011-07,Non-Holiday,0.36061737
3,2011-07-29,345381.29,0,88.07,3.682,218.8440545,7.567,2011,7,July,Q3,30,2011-07,Non-Holiday,0.34538128999999995
3,2011-08-05,409981.25,0,88.45,3.684,218.9023209,7.567,2011,8,August,Q3,31,2011-08,Non-Holiday,0.40998125
3,2011-08-12,380376.85,0,88.88,3.638,218.9605873,7.567,2011,8,August,Q3,32,2011-08,Non-Holiday,0.38037685
3,2011-08-19,379716.91,0,88.44,3.554,219.023271,7.567,2011,8,August,Q3,33,2011-08,Non-Holiday,0.37971690999999996
3,2011-08-26,366367.55,0,87.67,3.523,219.0866908,7.567,2011,8,August,Q3,34,2011-08,Non-Holiday,0.36636755
3,2011-09-02,375988.69,0,89.12,3.533,219.1501106,7.567,2011,9,September,Q3,35,2011-09,Non-Holiday,0.37598869
3,2011-09-09,377347.49,1,81.72,3.546,219.2135305,7.567,2011,9,September,Q3,36,2011-09,Holiday,0.37734749
3,2011-09-16,375629.51,0,83.63,3.526,219.3972867,7.567,2011,9,September,Q3,37,2011-09,Non-Holiday,0.37562951
3,2011-09-23,365248.94,0,80.19,3.467,219.7414914,7.567,2011,9,September,Q3,38,2011-09,Non-Holiday,0.36524894
3,2011-09-30,368477.93,0,82.58,3.355,220.085696,7.567,2011,9,September,Q3,39,2011-09,Non-Holiday,0.36847793
3,2011-10-07,403342.4,0,75.54,3.285,220.4299007,7.197,2011,10,October,Q4,40,2011-10,Non-Holiday,0.40334240000000005
3,2011-10-14,368282.57,0,73.75,3.274,220.7486167,7.197,2011,10,October,Q4,41,2011-10,Non-Holiday,0.36828257000000003
3,2011-10-21,394976.36,0,69.03,3.353,220.9144005,7.197,2011,10,October,Q4,42,2011-10,Non-Holiday,0.39497635999999997
3,2011-10-28,389540.62,0,71.04,3.372,221.0801842,7.197,2011,10,October,Q4,43,2011-10,Non-Holiday,0.38954062
3,2011-11-04,459443.22,0,59.31,3.332,221.245968,7.197,2011,11,November,Q4,44,2011-11,Non-Holiday,0.45944322
3,2011-11-11,407764.25,0,61.7,3.297,221.4117517,7.197,2011,11,November,Q4,45,2011-11,Non-Holiday,0.40776425
3,2011-11-18,398838.97,0,63.91,3.308,221.6432852,7.197,2011,11,November,Q4,46,2011-11,Non-Holiday,0.39883896999999996
3,2011-11-25,556925.19,1,68.0,3.236,221.9011185,7.197,2011,11,November,Q4,47,2011-11,Holiday,0.55692519
3,2011-12-02,472511.32,0,54.97,3.172,222.1589519,7.197,2011,12,December,Q4,48,2011-12,Non-Holiday,0.47251132
3,2011-12-09,468772.8,0,49.26,3.158,222.4167852,7.197,2011,12,December,Q4,49,2011-12,Non-Holiday,0.4687728
3,2011-12-16,510747.62,0,57.95,3.159,222.6426418,7.197,2011,12,December,Q4,50,2011-12,Non-Holiday,0.51074762
3,2011-12-23,551221.21,0,53.41,3.112,222.8258628,7.197,2011,12,December,Q4,51,2011-12,Non-Holiday,0.55122121
3,2011-12-30,410553.88,1,48.29,3.129,223.0090839,7.197,2011,12,December,Q4,52,2011-12,Holiday,0.41055388
3,2012-01-06,398178.21,0,52.42,3.157,223.1923049,6.833,2012,1,January,Q1,1,2012-01,Non-Holiday,0.39817821000000003
3,2012-01-13,367438.62,0,51.86,3.261,223.3755259,6.833,2012,1,January,Q1,2,2012-01,Non-Holiday,0.36743862
3,2012-01-20,365818.61,0,56.2,3.268,223.4700552,6.833,2012,1,January,Q1,3,2012-01,Non-Holiday,0.36581861
3,2012-01-27,349518.1,0,58.06,3.29,223.5645845,6.833,2012,1,January,Q1,4,2012-01,Non-Holiday,0.3495181
3,2012-02-03,424960.66,0,59.33,3.36,223.6591137,6.833,2012,2,February,Q1,5,2012-02,Non-Holiday,0.42496066
3,2012-02-10,473292.47,1,51.65,3.409,223.753643,6.833,2012,2,February,Q1,6,2012-02,Holiday,0.47329246999999997
3,2012-02-17,475591.08,0,52.39,3.51,223.9170153,6.833,2012,2,February,Q1,7,2012-02,Non-Holiday,0.47559108
3,2012-02-24,418925.47,0,60.12,3.555,224.1320199,6.833,2012,2,February,Q1,8,2012-02,Non-Holiday,0.41892546999999997
3,2012-03-02,469752.56,0,61.65,3.63,224.3470245,6.833,2012,3,March,Q1,9,2012-03,Non-Holiday,0.46975256
3,2012-03-09,445162.05,0,60.71,3.669,224.5620291,6.833,2012,3,March,Q1,10,2012-03,Non-Holiday,0.44516205
3,2012-03-16,411775.8,0,64.0,3.734,224.7166953,6.833,2012,3,March,Q1,11,2012-03,Non-Holiday,0.41177579999999997
3,2012-03-23,413907.25,0,66.53,3.787,224.7909104,6.833,2012,3,March,Q1,12,2012-03,Non-Holiday,0.41390725
3,2012-03-30,407488.84,0,69.36,3.845,224.8651254,6.833,2012,3,March,Q1,13,2012-03,Non-Holiday,0.40748884
3,2012-04-06,503232.13,0,73.01,3.891,224.9393405,6.664,2012,4,April,Q2,14,2012-04,Non-Holiday,0.50323213
3,2012-04-13,420789.74,0,72.83,3.891,225.0135556,6.664,2012,4,April,Q2,15,2012-04,Non-Holiday,0.42078973999999997
3,2012-04-20,434822.13,0,72.05,3.877,225.0689541,6.664,2012,4,April,Q2,16,2012-04,Non-Holiday,0.43482213000000003
3,2012-04-27,394616.11,0,73.39,3.814,225.1243526,6.664,2012,4,April,Q2,17,2012-04,Non-Holiday,0.39461610999999996
3,2012-05-04,439913.57,0,79.51,3.749,225.1797511,6.664,2012,5,May,Q2,18,2012-05,Non-Holiday,0.43991357000000003
3,2012-05-11,431985.36,0,75.19,3.688,225.2351496,6.664,2012,5,May,Q2,19,2012-05,Non-Holiday,0.43198536
3,2012-05-18,418112.76,0,72.38,3.63,225.2512024,6.664,2012,5,May,Q2,20,2012-05,Non-Holiday,0.41811276
3,2012-05-25,413701.29,0,78.58,3.561,225.2515168,6.664,2012,5,May,Q2,21,2012-05,Non-Holiday,0.41370129
3,2012-06-01,432268.53,0,81.55,3.501,225.2518313,6.664,2012,6,June,Q2,22,2012-06,Non-Holiday,0.43226853000000004
3,2012-06-08,446336.8,0,81.65,3.452,225.2521458,6.664,2012,6,June,Q2,23,2012-06,Non-Holiday,0.4463368
3,2012-06-15,442074.79,0,84.66,3.393,225.2644795,6.664,2012,6,June,Q2,24,2012-06,Non-Holiday,0.44207479
3,2012-06-22,419497.95,0,82.7,3.346,225.3068615,6.664,2012,6,June,Q2,25,2012-06,Non-Holiday,0.41949795
3,2012-06-29,422965.33,0,86.42,3.286,225.3492435,6.664,2012,6,June,Q2,26,2012-06,Non-Holiday,0.42296533000000003
3,2012-07-06,411206.5,0,83.14,3.227,225.3916254,6.334,2012,7,July,Q3,27,2012-07,Non-Holiday,0.4112065
3,2012-07-13,416913.1,0,82.28,3.256,225.4340074,6.334,2012,7,July,Q3,28,2012-07,Non-Holiday,0.4169131
3,2012-07-20,432424.85,0,81.38,3.311,225.4438827,6.334,2012,7,July,Q3,29,2012-07,Non-Holiday,0.43242484999999997
3,2012-07-27,389427.9,0,84.94,3.407,225.4537579,6.334,2012,7,July,Q3,30,2012-07,Non-Holiday,0.38942790000000005
3,2012-08-03,419990.29,0,86.55,3.417,225.4636332,6.334,2012,8,August,Q3,31,2012-08,Non-Holiday,0.41999029
3,2012-08-10,391811.6,0,85.85,3.494,225.4735085,6.334,2012,8,August,Q3,32,2012-08,Non-Holiday,0.3918116
3,2012-08-17,394918.83,0,87.36,3.571,225.5558664,6.334,2012,8,August,Q3,33,2012-08,Non-Holiday,0.39491883
3,2012-08-24,412449.67,0,83.01,3.62,225.6925864,6.334,2012,8,August,Q3,34,2012-08,Non-Holiday,0.41244967
3,2012-08-31,408838.73,0,85.18,3.638,225.8293063,6.334,2012,8,August,Q3,35,2012-08,Non-Holiday,0.40883873
3,2012-09-07,408229.73,1,84.99,3.73,225.9660263,6.334,2012,9,September,Q3,36,2012-09,Holiday,0.40822972999999996
3,2012-09-14,407589.16,0,78.36,3.717,226.1122067,6.334,2012,9,September,Q3,37,2012-09,Non-Holiday,0.40758915999999995
3,2012-09-21,414392.09,0,72.78,3.721,226.3151496,6.334,2012,9,September,Q3,38,2012-09,Non-Holiday,0.41439209000000005
3,2012-09-28,389813.02,0,77.46,3.666,226.5180926,6.334,2012,9,September,Q3,39,2012-09,Non-Holiday,0.38981302
3,2012-10-05,443557.65,0,72.74,3.617,226.7210356,6.034,2012,10,October,Q4,40,2012-10,Non-Holiday,0.44355765
3,2012-10-12,410804.39,0,70.31,3.601,226.9239785,6.034,2012,10,October,Q4,41,2012-10,Non-Holiday,0.41080439
3,2012-10-19,424513.08,0,73.44,3.594,226.9688442,6.034,2012,10,October,Q4,42,2012-10,Non-Holiday,0.42451308000000004
3,2012-10-26,405432.7,0,74.66,3.506,226.9873637,6.034,2012,10,October,Q4,43,2012-10,Non-Holiday,0.40543270000000003
4,2010-02-05,2135143.87,0,43.76,2.598,126.4420645,8.623,2010,2,February,Q1,5,2010-02,Non-Holiday,2.1351438700000003
4,2010-02-12,2188307.39,1,28.84,2.573,126.4962581,8.623,2010,2,February,Q1,6,2010-02,Holiday,2.1883073900000003
4,2010-02-19,2049860.26,0,36.45,2.54,126.5262857,8.623,2010,2,February,Q1,7,2010-02,Non-Holiday,2.04986026
4,2010-02-26,1925728.84,0,41.36,2.59,126.5522857,8.623,2010,2,February,Q1,8,2010-02,Non-Holiday,1.92572884
4,2010-03-05,1971057.44,0,43.49,2.654,126.5782857,8.623,2010,3,March,Q1,9,2010-03,Non-Holiday,1.97105744
4,2010-03-12,1894324.09,0,49.63,2.704,126.6042857,8.623,2010,3,March,Q1,10,2010-03,Non-Holiday,1.89432409
4,2010-03-19,1897429.36,0,55.19,2.743,126.6066452,8.623,2010,3,March,Q1,11,2010-03,Non-Holiday,1.89742936
4,2010-03-26,1762539.3,0,39.91,2.752,126.6050645,8.623,2010,3,March,Q1,12,2010-03,Non-Holiday,1.7625393
4,2010-04-02,1979247.12,0,48.77,2.74,126.6034839,7.896,2010,4,April,Q2,13,2010-04,Non-Holiday,1.9792471200000001
4,2010-04-09,1818452.72,0,54.16,2.773,126.6019032,7.896,2010,4,April,Q2,14,2010-04,Non-Holiday,1.81845272
4,2010-04-16,1851519.69,0,56.23,2.81,126.5621,7.896,2010,4,April,Q2,15,2010-04,Non-Holiday,1.85151969
4,2010-04-23,1802677.9,0,56.87,2.805,126.4713333,7.896,2010,4,April,Q2,16,2010-04,Non-Holiday,1.8026779
4,2010-04-30,1817273.28,0,53.04,2.787,126.3805667,7.896,2010,4,April,Q2,17,2010-04,Non-Holiday,1.81727328
4,2010-05-07,2000626.14,0,56.77,2.836,126.2898,7.896,2010,5,May,Q2,18,2010-05,Non-Holiday,2.00062614
4,2010-05-14,1875597.28,0,62.35,2.845,126.2085484,7.896,2010,5,May,Q2,19,2010-05,Non-Holiday,1.87559728
4,2010-05-21,1903752.6,0,67.4,2.82,126.1843871,7.896,2010,5,May,Q2,20,2010-05,Non-Holiday,1.9037526
4,2010-05-28,1857533.7,0,67.73,2.756,126.1602258,7.896,2010,5,May,Q2,21,2010-05,Non-Holiday,1.8575336999999998
4,2010-06-04,1903290.58,0,70.83,2.701,126.1360645,7.896,2010,6,June,Q2,22,2010-06,Non-Holiday,1.9032905800000002
4,2010-06-11,1870619.23,0,78.45,2.668,126.1119032,7.896,2010,6,June,Q2,23,2010-06,Non-Holiday,1.87061923
4,2010-06-18,1929736.35,0,81.53,2.635,126.114,7.896,2010,6,June,Q2,24,2010-06,Non-Holiday,1.92973635
4,2010-06-25,1846651.95,0,81.1,2.654,126.1266,7.896,2010,6,June,Q2,25,2010-06,Non-Holiday,1.84665195
4,2010-07-02,1881337.21,0,73.66,2.668,126.1392,7.372,2010,7,July,Q3,26,2010-07,Non-Holiday,1.8813372099999999
4,2010-07-09,1812208.22,0,80.35,2.637,126.1518,7.372,2010,7,July,Q3,27,2010-07,Non-Holiday,1.81220822
4,2010-07-16,1898427.66,0,78.53,2.621,126.1498065,7.372,2010,7,July,Q3,28,2010-07,Non-Holiday,1.8984276599999999
4,2010-07-23,1848426.78,0,79.78,2.612,126.1283548,7.372,2010,7,July,Q3,29,2010-07,Non-Holiday,1.84842678
4,2010-07-30,1796637.61,0,80.7,2.65,126.1069032,7.372,2010,7,July,Q3,30,2010-07,Non-Holiday,1.79663761
4,2010-08-06,1907638.58,0,76.53,2.64,126.0854516,7.372,2010,8,August,Q3,31,2010-08,Non-Holiday,1.90763858
4,2010-08-13,2007050.75,0,78.08,2.698,126.064,7.372,2010,8,August,Q3,32,2010-08,Non-Holiday,2.00705075
4,2010-08-20,1997181.09,0,78.83,2.671,126.0766452,7.372,2010,8,August,Q3,33,2010-08,Non-Holiday,1.99718109
4,2010-08-27,1848403.92,0,74.44,2.621,126.0892903,7.372,2010,8,August,Q3,34,2010-08,Non-Holiday,1.84840392
4,2010-09-03,1935857.58,0,76.8,2.584,126.1019355,7.372,2010,9,September,Q3,35,2010-09,Non-Holiday,1.93585758
4,2010-09-10,1865820.81,1,73.54,2.574,126.1145806,7.372,2010,9,September,Q3,36,2010-09,Holiday,1.86582081
4,2010-09-17,1899959.61,0,64.91,2.594,126.1454667,7.372,2010,9,September,Q3,37,2010-09,Non-Holiday,1.89995961
4,2010-09-24,1810684.68,0,60.96,2.642,126.1900333,7.372,2010,9,September,Q3,38,2010-09,Non-Holiday,1.8106846799999998
4,2010-10-01,1842821.02,0,63.96,2.619,126.2346,7.127,2010,10,October,Q4,39,2010-10,Non-Holiday,1.84282102
4,2010-10-08,1951494.85,0,67.73,2.645,126.2791667,7.127,2010,10,October,Q4,40,2010-10,Non-Holiday,1.95149485
4,2010-10-15,1867345.09,0,62.03,2.732,126.3266774,7.127,2010,10,October,Q4,41,2010-10,Non-Holiday,1.8673450900000002
4,2010-10-22,1927610.06,0,64.17,2.736,126.3815484,7.127,2010,10,October,Q4,42,2010-10,Non-Holiday,1.9276100600000001
4,2010-10-29,1933333.0,0,56.94,2.718,126.4364194,7.127,2010,10,October,Q4,43,2010-10,Non-Holiday,1.933333
4,2010-11-05,2013115.79,0,51.6,2.699,126.4912903,7.127,2010,11,November,Q4,44,2010-11,Non-Holiday,2.01311579
4,2010-11-12,1999794.26,0,52.65,2.741,126.5461613,7.127,2010,11,November,Q4,45,2010-11,Non-Holiday,1.99979426
4,2010-11-19,2097809.4,0,48.05,2.78,126.6072,7.127,2010,11,November,Q4,46,2010-11,Non-Holiday,2.0978094
4,2010-11-26,2789469.45,1,48.08,2.752,126.6692667,7.127,2010,11,November,Q4,47,2010-11,Holiday,2.7894694500000004
4,2010-12-03,2102530.17,0,46.4,2.727,126.7313333,7.127,2010,12,December,Q4,48,2010-12,Non-Holiday,2.10253017
4,2010-12-10,2302504.86,0,42.4,2.86,126.7934,7.127,2010,12,December,Q4,49,2010-12,Non-Holiday,2.30250486
4,2010-12-17,2740057.14,0,46.57,2.884,126.8794839,7.127,2010,12,December,Q4,50,2010-12,Non-Holiday,2.7400571400000002
4,2010-12-24,3526713.39,0,43.21,2.887,126.9835806,7.127,2010,12,December,Q4,51,2010-12,Non-Holiday,3.5267133900000003
4,2010-12-31,1794868.74,1,38.09,2.955,127.0876774,7.127,2010,12,December,Q4,52,2010-12,Holiday,1.79486874
4,2011-01-07,1862476.27,0,39.34,2.98,127.1917742,6.51,2011,1,January,Q1,1,2011-01,Non-Holiday,1.86247627
4,2011-01-14,1865502.46,0,31.6,2.992,127.3009355,6.51,2011,1,January,Q1,2,2011-01,Non-Holiday,1.8655024599999999
4,2011-01-21,1886393.94,0,38.34,3.017,127.4404839,6.51,2011,1,January,Q1,3,2011-01,Non-Holiday,1.88639394
4,2011-01-28,1814240.85,0,40.6,3.022,127.5800323,6.51,2011,1,January,Q1,4,2011-01,Non-Holiday,1.81424085
4,2011-02-04,2119086.04,0,34.61,2.996,127.7195806,6.51,2011,2,February,Q1,5,2011-02,Non-Holiday,2.11908604
4,2011-02-11,2187847.29,1,33.29,3.033,127.859129,6.51,2011,2,February,Q1,6,2011-02,Holiday,2.18784729
4,2011-02-18,2316495.56,0,48.17,3.058,127.99525,6.51,2011,2,February,Q1,7,2011-02,Non-Holiday,2.31649556
4,2011-02-25,2078094.69,0,49.0,3.087,128.13,6.51,2011,2,February,Q1,8,2011-02,Non-Holiday,2.07809469
4,2011-03-04,2103455.75,0,46.56,3.305,128.26475,6.51,2011,3,March,Q1,9,2011-03,Non-Holiday,2.10345575
4,2011-03-11,2039818.41,0,50.93,3.461,128.3995,6.51,2011,3,March,Q1,10,2011-03,Non-Holiday,2.03981841
4,2011-03-18,2116475.38,0,51.86,3.495,128.5121935,6.51,2011,3,March,Q1,11,2011-03,Non-Holiday,2.11647538
4,2011-03-25,1944164.32,0,59.1,3.48,128.6160645,6.51,2011,3,March,Q1,12,2011-03,Non-Holiday,1.94416432
4,2011-04-01,1900246.47,0,56.99,3.521,128.7199355,5.946,2011,4,April,Q2,13,2011-04,Non-Holiday,1.90024647
4,2011-04-08,2074953.46,0,62.61,3.605,128.8238065,5.946,2011,4,April,Q2,14,2011-04,Non-Holiday,2.07495346
4,2011-04-15,1960587.76,0,62.34,3.724,128.9107333,5.946,2011,4,April,Q2,15,2011-04,Non-Holiday,1.96058776
4,2011-04-22,2220600.76,0,68.8,3.781,128.9553,5.946,2011,4,April,Q2,16,2011-04,Non-Holiday,2.22060076
4,2011-04-29,1878167.44,0,64.22,3.781,128.9998667,5.946,2011,4,April,Q2,17,2011-04,Non-Holiday,1.87816744
4,2011-05-06,2063682.76,0,63.41,3.866,129.0444333,5.946,2011,5,May,Q2,18,2011-05,Non-Holiday,2.06368276
4,2011-05-13,2002362.37,0,70.65,3.872,129.089,5.946,2011,5,May,Q2,19,2011-05,Non-Holiday,2.00236237
4,2011-05-20,2015563.48,0,70.49,3.881,129.0756774,5.946,2011,5,May,Q2,20,2011-05,Non-Holiday,2.01556348
4,2011-05-27,1986597.95,0,73.65,3.771,129.0623548,5.946,2011,5,May,Q2,21,2011-05,Non-Holiday,1.98659795
4,2011-06-03,2065377.15,0,78.26,3.683,129.0490323,5.946,2011,6,June,Q2,22,2011-06,Non-Holiday,2.0653771499999998
4,2011-06-10,2073951.38,0,80.05,3.64,129.0357097,5.946,2011,6,June,Q2,23,2011-06,Non-Holiday,2.07395138
4,2011-06-17,2141210.62,0,83.51,3.618,129.0432,5.946,2011,6,June,Q2,24,2011-06,Non-Holiday,2.1412106200000003
4,2011-06-24,2008344.92,0,81.85,3.57,129.0663,5.946,2011,6,June,Q2,25,2011-06,Non-Holiday,2.00834492
4,2011-07-01,2051533.53,0,84.54,3.504,129.0894,5.644,2011,7,July,Q3,26,2011-07,Non-Holiday,2.05153353
4,2011-07-08,2066541.86,0,84.59,3.469,129.1125,5.644,2011,7,July,Q3,27,2011-07,Non-Holiday,2.06654186
4,2011-07-15,2049046.95,0,83.27,3.563,129.1338387,5.644,2011,7,July,Q3,28,2011-07,Non-Holiday,2.04904695
4,2011-07-22,2036231.39,0,82.84,3.627,129.1507742,5.644,2011,7,July,Q3,29,2011-07,Non-Holiday,2.0362313899999998
4,2011-07-29,1989674.07,0,84.36,3.659,129.1677097,5.644,2011,7,July,Q3,30,2011-07,Non-Holiday,1.98967407
4,2011-08-05,2160057.39,0,86.09,3.662,129.1846452,5.644,2011,8,August,Q3,31,2011-08,Non-Holiday,2.16005739
4,2011-08-12,2105668.74,0,82.98,3.617,129.2015806,5.644,2011,8,August,Q3,32,2011-08,Non-Holiday,2.10566874
4,2011-08-19,2232892.1,0,82.77,3.55,129.2405806,5.644,2011,8,August,Q3,33,2011-08,Non-Holiday,2.2328921
4,2011-08-26,1988490.21,0,81.47,3.523,129.2832581,5.644,2011,8,August,Q3,34,2011-08,Non-Holiday,1.98849021
4,2011-09-02,2078420.31,0,77.99,3.533,129.3259355,5.644,2011,9,September,Q3,35,2011-09,Non-Holiday,2.0784203100000003
4,2011-09-09,2093139.01,1,73.34,3.554,129.3686129,5.644,2011,9,September,Q3,36,2011-09,Holiday,2.09313901
4,2011-09-16,2075577.33,0,72.76,3.532,129.4306,5.644,2011,9,September,Q3,37,2011-09,Non-Holiday,2.07557733
4,2011-09-23,2031406.41,0,69.23,3.473,129.5183333,5.644,2011,9,September,Q3,38,2011-09,Non-Holiday,2.0314064099999998
4,2011-09-30,1929486.63,0,72.15,3.371,129.6060667,5.644,2011,9,September,Q3,39,2011-09,Non-Holiday,1.92948663
4,2011-10-07,2166737.65,0,65.79,3.299,129.6938,5.143,2011,10,October,Q4,40,2011-10,Non-Holiday,2.16673765
4,2011-10-14,2074548.85,0,63.75,3.283,129.7706452,5.143,2011,10,October,Q4,41,2011-10,Non-Holiday,2.07454885
4,2011-10-21,2207742.13,0,64.79,3.361,129.7821613,5.143,2011,10,October,Q4,42,2011-10,Non-Holiday,2.2077421299999997
4,2011-10-28,2151659.59,0,55.31,3.362,129.7936774,5.143,2011,10,October,Q4,43,2011-10,Non-Holiday,2.15165959
4,2011-11-04,2281217.31,0,49.86,3.322,129.8051935,5.143,2011,11,November,Q4,44,2011-11,Non-Holiday,2.28121731
4,2011-11-11,2203028.96,0,47.12,3.286,129.8167097,5.143,2011,11,November,Q4,45,2011-11,Non-Holiday,2.20302896
4,2011-11-18,2243946.59,0,50.44,3.294,129.8268333,5.143,2011,11,November,Q4,46,2011-11,Non-Holiday,2.2439465899999997
4,2011-11-25,3004702.33,1,47.96,3.225,129.8364,5.143,2011,11,November,Q4,47,2011-11,Holiday,3.00470233
4,2011-12-02,2180999.26,0,38.71,3.176,129.8459667,5.143,2011,12,December,Q4,48,2011-12,Non-Holiday,2.1809992599999997
4,2011-12-09,2508955.24,0,31.64,3.153,129.8555333,5.143,2011,12,December,Q4,49,2011-12,Non-Holiday,2.50895524
4,2011-12-16,2771397.17,0,36.44,3.149,129.8980645,5.143,2011,12,December,Q4,50,2011-12,Non-Holiday,2.7713971699999997
4,2011-12-23,3676388.98,0,35.92,3.103,129.9845484,5.143,2011,12,December,Q4,51,2011-12,Non-Holiday,3.67638898
4,2011-12-30,2007105.86,1,36.89,3.119,130.0710323,5.143,2011,12,December,Q4,52,2011-12,Holiday,2.0071058600000002
4,2012-01-06,2047766.07,0,38.64,3.158,130.1575161,4.607,2012,1,January,Q1,1,2012-01,Non-Holiday,2.04776607
4,2012-01-13,1941676.61,0,34.41,3.263,130.244,4.607,2012,1,January,Q1,2,2012-01,Non-Holiday,1.94167661
4,2012-01-20,2005097.76,0,42.09,3.273,130.2792258,4.607,2012,1,January,Q1,3,2012-01,Non-Holiday,2.00509776
4,2012-01-27,1928720.51,0,40.31,3.29,130.3144516,4.607,2012,1,January,Q1,4,2012-01,Non-Holiday,1.92872051
4,2012-02-03,2173373.91,0,41.81,3.354,130.3496774,4.607,2012,2,February,Q1,5,2012-02,Non-Holiday,2.17337391
4,2012-02-10,2374660.64,1,33.0,3.411,130.3849032,4.607,2012,2,February,Q1,6,2012-02,Holiday,2.37466064
4,2012-02-17,2427640.17,0,34.19,3.493,130.4546207,4.607,2012,2,February,Q1,7,2012-02,Non-Holiday,2.42764017
4,2012-02-24,2226662.17,0,41.31,3.541,130.5502069,4.607,2012,2,February,Q1,8,2012-02,Non-Holiday,2.22666217
4,2012-03-02,2206319.9,0,50.38,3.619,130.6457931,4.607,2012,3,March,Q1,9,2012-03,Non-Holiday,2.2063199
4,2012-03-09,2202450.81,0,53.63,3.667,130.7413793,4.607,2012,3,March,Q1,10,2012-03,Non-Holiday,2.20245081
4,2012-03-16,2214967.44,0,59.81,3.707,130.8261935,4.607,2012,3,March,Q1,11,2012-03,Non-Holiday,2.21496744
4,2012-03-23,2091592.54,0,59.07,3.759,130.8966452,4.607,2012,3,March,Q1,12,2012-03,Non-Holiday,2.09159254
4,2012-03-30,2089381.77,0,72.63,3.82,130.9670968,4.607,2012,3,March,Q1,13,2012-03,Non-Holiday,2.08938177
4,2012-04-06,2470206.13,0,67.69,3.864,131.0375484,4.308,2012,4,April,Q2,14,2012-04,Non-Holiday,2.4702061299999998
4,2012-04-13,2105301.39,0,68.69,3.881,131.108,4.308,2012,4,April,Q2,15,2012-04,Non-Holiday,2.10530139
4,2012-04-20,2144336.89,0,68.6,3.864,131.1173333,4.308,2012,4,April,Q2,16,2012-04,Non-Holiday,2.14433689
4,2012-04-27,2064065.66,0,76.47,3.81,131.1266667,4.308,2012,4,April,Q2,17,2012-04,Non-Holiday,2.06406566
4,2012-05-04,2196968.33,0,80.14,3.747,131.136,4.308,2012,5,May,Q2,18,2012-05,Non-Holiday,2.1969683300000002
4,2012-05-11,2127661.17,0,67.64,3.685,131.1453333,4.308,2012,5,May,Q2,19,2012-05,Non-Holiday,2.12766117
4,2012-05-18,2207214.81,0,68.43,3.62,131.0983226,4.308,2012,5,May,Q2,20,2012-05,Non-Holiday,2.20721481
4,2012-05-25,2154137.67,0,77.47,3.551,131.0287742,4.308,2012,5,May,Q2,21,2012-05,Non-Holiday,2.15413767
4,2012-06-01,2179360.94,0,77.41,3.483,130.9592258,4.308,2012,6,June,Q2,22,2012-06,Non-Holiday,2.17936094
4,2012-06-08,2245257.18,0,78.11,3.433,130.8896774,4.308,2012,6,June,Q2,23,2012-06,Non-Holiday,2.2452571800000003
4,2012-06-15,2234190.93,0,80.94,3.372,130.8295333,4.308,2012,6,June,Q2,24,2012-06,Non-Holiday,2.23419093
4,2012-06-22,2197299.65,0,81.63,3.329,130.7929,4.308,2012,6,June,Q2,25,2012-06,Non-Holiday,2.1972996499999997
4,2012-06-29,2128362.92,0,84.23,3.257,130.7562667,4.308,2012,6,June,Q2,26,2012-06,Non-Holiday,2.12836292
4,2012-07-06,2224499.28,0,80.37,3.187,130.7196333,4.077,2012,7,July,Q3,27,2012-07,Non-Holiday,2.22449928
4,2012-07-13,2100252.61,0,76.86,3.224,130.683,4.077,2012,7,July,Q3,28,2012-07,Non-Holiday,2.10025261
4,2012-07-20,2175563.69,0,79.14,3.263,130.7012903,4.077,2012,7,July,Q3,29,2012-07,Non-Holiday,2.17556369
4,2012-07-27,2048613.65,0,81.06,3.356,130.7195806,4.077,2012,7,July,Q3,30,2012-07,Non-Holiday,2.04861365
4,2012-08-03,2174514.13,0,83.86,3.374,130.737871,4.077,2012,8,August,Q3,31,2012-08,Non-Holiday,2.17451413
4,2012-08-10,2193367.69,0,83.21,3.476,130.7561613,4.077,2012,8,August,Q3,32,2012-08,Non-Holiday,2.19336769
4,2012-08-17,2283540.3,0,81.41,3.552,130.7909677,4.077,2012,8,August,Q3,33,2012-08,Non-Holiday,2.2835403
4,2012-08-24,2125241.68,0,75.76,3.61,130.8381613,4.077,2012,8,August,Q3,34,2012-08,Non-Holiday,2.1252416800000002
4,2012-08-31,2081181.35,0,76.47,3.646,130.8853548,4.077,2012,8,August,Q3,35,2012-08,Non-Holiday,2.08118135
4,2012-09-07,2125104.72,1,82.09,3.709,130.9325484,4.077,2012,9,September,Q3,36,2012-09,Holiday,2.1251047200000004
4,2012-09-14,2117854.6,0,68.2,3.706,130.9776667,4.077,2012,9,September,Q3,37,2012-09,Non-Holiday,2.1178546000000003
4,2012-09-21,2119438.53,0,68.97,3.721,131.0103333,4.077,2012,9,September,Q3,38,2012-09,Non-Holiday,2.1194385299999996
4,2012-09-28,2027620.23,0,71.74,3.666,131.043,4.077,2012,9,September,Q3,39,2012-09,Non-Holiday,2.02762023
4,2012-10-05,2209835.43,0,63.07,3.62,131.0756667,3.879,2012,10,October,Q4,40,2012-10,Non-Holiday,2.20983543
4,2012-10-12,2133026.07,0,57.11,3.603,131.1083333,3.879,2012,10,October,Q4,41,2012-10,Non-Holiday,2.1330260699999997
4,2012-10-19,2097266.85,0,64.46,3.61,131.1499677,3.879,2012,10,October,Q4,42,2012-10,Non-Holiday,2.09726685
4,2012-10-26,2149594.46,0,63.64,3.514,131.1930968,3.879,2012,10,October,Q4,43,2012-10,Non-Holiday,2.14959446
5,2010-02-05,317173.1,0,39.7,2.572,211.6539716,6.566,2010,2,February,Q1,5,2010-02,Non-Holiday,0.3171731
5,2010-02-12,311825.7,1,39.81,2.548,211.8004698,6.566,2010,2,February,Q1,6,2010-02,Holiday,0.31182570000000004
5,2010-02-19,303447.57,0,41.14,2.514,211.8471283,6.566,2010,2,February,Q1,7,2010-02,Non-Holiday,0.30344757
5,2010-02-26,270281.63,0,46.7,2.561,211.8771468,6.566,2010,2,February,Q1,8,2010-02,Non-Holiday,0.27028163
5,2010-03-05,288855.71,0,48.89,2.625,211.9071653,6.566,2010,3,March,Q1,9,2010-03,Non-Holiday,0.28885571000000004
5,2010-03-12,297293.59,0,58.5,2.667,211.9371839,6.566,2010,3,March,Q1,10,2010-03,Non-Holiday,0.29729359000000005
5,2010-03-19,281706.41,0,55.46,2.72,211.770897,6.566,2010,3,March,Q1,11,2010-03,Non-Holiday,0.28170640999999996
5,2010-03-26,273282.97,0,52.47,2.732,211.5718925,6.566,2010,3,March,Q1,12,2010-03,Non-Holiday,0.27328296999999996
5,2010-04-02,331406.0,0,63.18,2.719,211.372888,6.465,2010,4,April,Q2,13,2010-04,Non-Holiday,0.331406
5,2010-04-09,328020.49,0,65.19,2.77,211.1738835,6.465,2010,4,April,Q2,14,2010-04,Non-Holiday,0.32802049
5,2010-04-16,306858.69,0,65.3,2.808,211.0388528,6.465,2010,4,April,Q2,15,2010-04,Non-Holiday,0.30685869
5,2010-04-23,288839.73,0,65.13,2.795,210.9891204,6.465,2010,4,April,Q2,16,2010-04,Non-Holiday,0.28883972999999996
5,2010-04-30,298697.84,0,67.53,2.78,210.939388,6.465,2010,4,April,Q2,17,2010-04,Non-Holiday,0.29869784000000005
5,2010-05-07,333522.6,0,71.53,2.835,210.8896556,6.465,2010,5,May,Q2,18,2010-05,Non-Holiday,0.3335226
5,2010-05-14,296673.77,0,74.79,2.854,210.8872772,6.465,2010,5,May,Q2,19,2010-05,Non-Holiday,0.29667377
5,2010-05-21,301615.49,0,75.2,2.826,211.169023,6.465,2010,5,May,Q2,20,2010-05,Non-Holiday,0.30161549
5,2010-05-28,310013.11,0,79.81,2.759,211.4507688,6.465,2010,5,May,Q2,21,2010-05,Non-Holiday,0.31001311
5,2010-06-04,337825.89,0,79.54,2.705,211.7325146,6.465,2010,6,June,Q2,22,2010-06,Non-Holiday,0.33782589
5,2010-06-11,296641.91,0,80.7,2.668,212.0142605,6.465,2010,6,June,Q2,23,2010-06,Non-Holiday,0.29664190999999995
5,2010-06-18,313795.6,0,83.91,2.637,212.0119769,6.465,2010,6,June,Q2,24,2010-06,Non-Holiday,0.31379559999999995
5,2010-06-25,295257.3,0,83.72,2.653,211.8960815,6.465,2010,6,June,Q2,25,2010-06,Non-Holiday,0.2952573
5,2010-07-02,305993.27,0,81.25,2.669,211.7801861,6.496,2010,7,July,Q3,26,2010-07,Non-Holiday,0.30599327000000004
5,2010-07-09,291808.87,0,81.14,2.642,211.6642907,6.496,2010,7,July,Q3,27,2010-07,Non-Holiday,0.29180887
5,2010-07-16,280701.7,0,83.98,2.623,211.6561123,6.496,2010,7,July,Q3,28,2010-07,Non-Holiday,0.2807017
5,2010-07-23,274742.63,0,83.66,2.608,211.7915565,6.496,2010,7,July,Q3,29,2010-07,Non-Holiday,0.27474263
5,2010-07-30,268929.03,0,82.46,2.64,211.9270006,6.496,2010,7,July,Q3,30,2010-07,Non-Holiday,0.26892903
5,2010-08-06,303043.02,0,86.1,2.627,212.0624447,6.496,2010,8,August,Q3,31,2010-08,Non-Holiday,0.30304302
5,2010-08-13,286477.35,0,87.41,2.692,212.1978889,6.496,2010,8,August,Q3,32,2010-08,Non-Holiday,0.28647734999999996
5,2010-08-20,287205.38,0,87.71,2.664,212.1608984,6.496,2010,8,August,Q3,33,2010-08,Non-Holiday,0.28720538
5,2010-08-27,288519.75,0,87.05,2.619,212.123908,6.496,2010,8,August,Q3,34,2010-08,Non-Holiday,0.28851975
5,2010-09-03,323798.0,0,84.06,2.577,212.0869176,6.496,2010,9,September,Q3,35,2010-09,Non-Holiday,0.323798
5,2010-09-10,306533.08,1,79.86,2.565,212.0499271,6.496,2010,9,September,Q3,36,2010-09,Holiday,0.30653308
5,2010-09-17,282558.65,0,82.28,2.582,212.0769346,6.496,2010,9,September,Q3,37,2010-09,Non-Holiday,0.28255865
5,2010-09-24,293131.58,0,78.53,2.624,212.1519404,6.496,2010,9,September,Q3,38,2010-09,Non-Holiday,0.29313158
5,2010-10-01,283178.12,0,71.1,2.603,212.2269463,6.768,2010,10,October,Q4,39,2010-10,Non-Holiday,0.28317812
5,2010-10-08,290494.85,0,64.99,2.633,212.3019522,6.768,2010,10,October,Q4,40,2010-10,Non-Holiday,0.29049484999999997
5,2010-10-15,280681.2,0,68.11,2.72,212.3691867,6.768,2010,10,October,Q4,41,2010-10,Non-Holiday,0.2806812
5,2010-10-22,284988.27,0,70.96,2.725,212.4169928,6.768,2010,10,October,Q4,42,2010-10,Non-Holiday,0.28498827000000004
5,2010-10-29,278031.81,0,70.58,2.716,212.464799,6.768,2010,10,October,Q4,43,2010-10,Non-Holiday,0.27803181
5,2010-11-05,325310.3,0,58.88,2.689,212.5126051,6.768,2010,11,November,Q4,44,2010-11,Non-Holiday,0.3253103
5,2010-11-12,301827.36,0,62.37,2.728,212.5604113,6.768,2010,11,November,Q4,45,2010-11,Non-Holiday,0.30182736
5,2010-11-19,297384.81,0,52.52,2.771,212.445487,6.768,2010,11,November,Q4,46,2010-11,Non-Holiday,0.29738481
5,2010-11-26,488362.61,1,66.15,2.735,212.303441,6.768,2010,11,November,Q4,47,2010-11,Holiday,0.48836261
5,2010-12-03,344490.88,0,51.31,2.708,212.1613951,6.768,2010,12,December,Q4,48,2010-12,Non-Holiday,0.34449088
5,2010-12-10,352811.53,0,48.27,2.843,212.0193491,6.768,2010,12,December,Q4,49,2010-12,Non-Holiday,0.35281153000000004
5,2010-12-17,367801.19,0,51.61,2.869,211.9580815,6.768,2010,12,December,Q4,50,2010-12,Non-Holiday,0.36780119
5,2010-12-24,466010.25,0,55.01,2.886,211.9573978,6.768,2010,12,December,Q4,51,2010-12,Non-Holiday,0.46601025
5,2010-12-31,298180.18,1,49.79,2.943,211.9567142,6.768,2010,12,December,Q4,52,2010-12,Holiday,0.29818018
5,2011-01-07,286347.26,0,48.3,2.976,211.9560305,6.634,2011,1,January,Q1,1,2011-01,Non-Holiday,0.28634726
5,2011-01-14,260636.71,0,37.74,2.983,212.008514,6.634,2011,1,January,Q1,2,2011-01,Non-Holiday,0.26063671
5,2011-01-21,275313.34,0,45.41,3.016,212.3800012,6.634,2011,1,January,Q1,3,2011-01,Non-Holiday,0.27531334
5,2011-01-28,279088.39,0,44.5,3.01,212.7514884,6.634,2011,1,January,Q1,4,2011-01,Non-Holiday,0.27908839
5,2011-02-04,329613.2,0,41.67,2.989,213.1229755,6.634,2011,2,February,Q1,5,2011-02,Non-Holiday,0.3296132
5,2011-02-11,311590.54,1,38.25,3.022,213.4944627,6.634,2011,2,February,Q1,6,2011-02,Holiday,0.31159053999999997
5,2011-02-18,356622.61,0,58.83,3.045,213.8068304,6.634,2011,2,February,Q1,7,2011-02,Non-Holiday,0.35662261
5,2011-02-25,294659.5,0,63.35,3.065,214.0955503,6.634,2011,2,February,Q1,8,2011-02,Non-Holiday,0.2946595
5,2011-03-04,329033.66,0,60.35,3.288,214.3842702,6.634,2011,3,March,Q1,9,2011-03,Non-Holiday,0.32903365999999995
5,2011-03-11,293098.1,0,55.74,3.459,214.6729901,6.634,2011,3,March,Q1,10,2011-03,Non-Holiday,0.2930981
5,2011-03-18,312177.67,0,64.31,3.488,214.9257339,6.634,2011,3,March,Q1,11,2011-03,Non-Holiday,0.31217766999999996
5,2011-03-25,294732.5,0,70.71,3.473,215.1640872,6.634,2011,3,March,Q1,12,2011-03,Non-Holiday,0.2947325
5,2011-04-01,314316.55,0,61.5,3.524,215.4024406,6.489,2011,4,April,Q2,13,2011-04,Non-Holiday,0.31431655
5,2011-04-08,307333.62,0,69.64,3.622,215.6407939,6.489,2011,4,April,Q2,14,2011-04,Non-Holiday,0.30733362
5,2011-04-15,307913.58,0,72.02,3.743,215.8592673,6.489,2011,4,April,Q2,15,2011-04,Non-Holiday,0.30791358
5,2011-04-22,328415.44,0,74.34,3.807,216.0280407,6.489,2011,4,April,Q2,16,2011-04,Non-Holiday,0.32841544
5,2011-04-29,307291.56,0,74.75,3.81,216.1968142,6.489,2011,4,April,Q2,17,2011-04,Non-Holiday,0.30729156
5,2011-05-06,322904.68,0,66.27,3.906,216.3655877,6.489,2011,5,May,Q2,18,2011-05,Non-Holiday,0.32290468
5,2011-05-13,290930.01,0,77.38,3.899,216.5343611,6.489,2011,5,May,Q2,19,2011-05,Non-Holiday,0.29093001
5,2011-05-20,299614.33,0,71.37,3.907,216.3023847,6.489,2011,5,May,Q2,20,2011-05,Non-Holiday,0.29961433000000004
5,2011-05-27,297149.69,0,80.14,3.786,216.0704083,6.489,2011,5,May,Q2,21,2011-05,Non-Holiday,0.29714969
5,2011-06-03,329183.92,0,83.81,3.699,215.8384319,6.489,2011,6,June,Q2,22,2011-06,Non-Holiday,0.32918391999999996
5,2011-06-10,304984.14,0,83.61,3.648,215.6064555,6.489,2011,6,June,Q2,23,2011-06,Non-Holiday,0.30498414
5,2011-06-17,304811.82,0,86.84,3.637,215.560463,6.489,2011,6,June,Q2,24,2011-06,Non-Holiday,0.30481182
5,2011-06-24,302881.64,0,84.76,3.594,215.6539583,6.489,2011,6,June,Q2,25,2011-06,Non-Holiday,0.30288164
5,2011-07-01,327093.89,0,85.81,3.524,215.7474537,6.529,2011,7,July,Q3,26,2011-07,Non-Holiday,0.32709389
5,2011-07-08,310804.93,0,86.64,3.48,215.8409491,6.529,2011,7,July,Q3,27,2011-07,Non-Holiday,0.31080493
5,2011-07-15,283248.62,0,88.64,3.575,215.9250696,6.529,2011,7,July,Q3,28,2011-07,Non-Holiday,0.28324862
5,2011-07-22,292539.73,0,86.97,3.651,215.985753,6.529,2011,7,July,Q3,29,2011-07,Non-Holiday,0.29253973
5,2011-07-29,275142.17,0,89.42,3.682,216.0464364,6.529,2011,7,July,Q3,30,2011-07,Non-Holiday,0.27514216999999996
5,2011-08-05,317738.56,0,91.07,3.684,216.1071198,6.529,2011,8,August,Q3,31,2011-08,Non-Holiday,0.31773856
5,2011-08-12,289886.16,0,90.16,3.638,216.1678032,6.529,2011,8,August,Q3,32,2011-08,Non-Holiday,0.28988615999999995
5,2011-08-19,303643.84,0,89.35,3.554,216.2311855,6.529,2011,8,August,Q3,33,2011-08,Non-Holiday,0.30364384
5,2011-08-26,310338.17,0,89.18,3.523,216.2950176,6.529,2011,8,August,Q3,34,2011-08,Non-Holiday,0.31033816999999997
5,2011-09-02,315645.53,0,90.38,3.533,216.3588498,6.529,2011,9,September,Q3,35,2011-09,Non-Holiday,0.31564553
5,2011-09-09,321110.22,1,79.04,3.546,216.4226819,6.529,2011,9,September,Q3,36,2011-09,Holiday,0.32111021999999995
5,2011-09-16,278529.71,0,83.55,3.526,216.6033083,6.529,2011,9,September,Q3,37,2011-09,Non-Holiday,0.27852971000000004
5,2011-09-23,291024.98,0,78.01,3.467,216.9396605,6.529,2011,9,September,Q3,38,2011-09,Non-Holiday,0.29102498
5,2011-09-30,292315.38,0,81.16,3.355,217.2760127,6.529,2011,9,September,Q3,39,2011-09,Non-Holiday,0.29231538
5,2011-10-07,309111.47,0,71.64,3.285,217.6123648,6.3,2011,10,October,Q4,40,2011-10,Non-Holiday,0.30911147
5,2011-10-14,286117.72,0,72.36,3.274,217.9237458,6.3,2011,10,October,Q4,41,2011-10,Non-Holiday,0.28611771999999996
5,2011-10-21,306069.18,0,66.9,3.353,218.0852999,6.3,2011,10,October,Q4,42,2011-10,Non-Holiday,0.30606918
5,2011-10-28,307035.11,0,69.27,3.372,218.2468539,6.3,2011,10,October,Q4,43,2011-10,Non-Holiday,0.30703511
5,2011-11-04,353652.23,0,56.71,3.332,218.408408,6.3,2011,11,November,Q4,44,2011-11,Non-Holiday,0.35365222999999996
5,2011-11-11,311906.7,0,60.71,3.297,218.5699621,6.3,2011,11,November,Q4,45,2011-11,Non-Holiday,0.31190670000000004
5,2011-11-18,307944.37,0,64.33,3.308,218.793912,6.3,2011,11,November,Q4,46,2011-11,Non-Holiday,0.30794437
5,2011-11-25,507900.07,1,61.93,3.236,219.0428204,6.3,2011,11,November,Q4,47,2011-11,Holiday,0.50790007
5,2011-12-02,376225.61,0,51.14,3.172,219.2917287,6.3,2011,12,December,Q4,48,2011-12,Non-Holiday,0.37622561
5,2011-12-09,367433.77,0,44.12,3.158,219.540637,6.3,2011,12,December,Q4,49,2011-12,Non-Holiday,0.36743377
5,2011-12-16,379530.3,0,54.42,3.159,219.7596266,6.3,2011,12,December,Q4,50,2011-12,Non-Holiday,0.3795303
5,2011-12-23,458562.24,0,50.33,3.112,219.9387246,6.3,2011,12,December,Q4,51,2011-12,Non-Holiday,0.45856224
5,2011-12-30,349624.88,1,45.62,3.129,220.1178226,6.3,2011,12,December,Q4,52,2011-12,Holiday,0.34962488
5,2012-01-06,312078.71,0,50.21,3.157,220.2969205,5.943,2012,1,January,Q1,1,2012-01,Non-Holiday,0.31207871000000004
5,2012-01-13,291454.52,0,48.86,3.261,220.4760185,5.943,2012,1,January,Q1,2,2012-01,Non-Holiday,0.29145452
5,2012-01-20,287523.98,0,54.65,3.268,220.5694104,5.943,2012,1,January,Q1,3,2012-01,Non-Holiday,0.28752397999999996
5,2012-01-27,295974.22,0,54.63,3.29,220.6628023,5.943,2012,1,January,Q1,4,2012-01,Non-Holiday,0.29597421999999995
5,2012-02-03,333948.0,0,57.35,3.36,220.7561941,5.943,2012,2,February,Q1,5,2012-02,Non-Holiday,0.333948
5,2012-02-10,349239.88,1,48.57,3.409,220.849586,5.943,2012,2,February,Q1,6,2012-02,Holiday,0.34923988
5,2012-02-17,356427.98,0,48.25,3.51,221.0106341,5.943,2012,2,February,Q1,7,2012-02,Non-Holiday,0.35642798
5,2012-02-24,312220.47,0,57.75,3.555,221.2224243,5.943,2012,2,February,Q1,8,2012-02,Non-Holiday,0.31222046999999997
5,2012-03-02,359206.21,0,60.66,3.63,221.4342146,5.943,2012,3,March,Q1,9,2012-03,Non-Holiday,0.35920621
5,2012-03-09,347295.6,0,57.69,3.669,221.6460048,5.943,2012,3,March,Q1,10,2012-03,Non-Holiday,0.3472956
5,2012-03-16,339392.54,0,63.55,3.734,221.7989713,5.943,2012,3,March,Q1,11,2012-03,Non-Holiday,0.33939253999999996
5,2012-03-23,321299.99,0,64.44,3.787,221.8735063,5.943,2012,3,March,Q1,12,2012-03,Non-Holiday,0.32129999
5,2012-03-30,331318.73,0,67.76,3.845,221.9480412,5.943,2012,3,March,Q1,13,2012-03,Non-Holiday,0.33131873
5,2012-04-06,402985.7,0,70.4,3.891,222.0225762,5.801,2012,4,April,Q2,14,2012-04,Non-Holiday,0.4029857
5,2012-04-13,351832.03,0,70.56,3.891,222.0971111,5.801,2012,4,April,Q2,15,2012-04,Non-Holiday,0.35183203
5,2012-04-20,330063.06,0,67.33,3.877,222.1512315,5.801,2012,4,April,Q2,16,2012-04,Non-Holiday,0.33006306
5,2012-04-27,324839.74,0,68.96,3.814,222.2053519,5.801,2012,4,April,Q2,17,2012-04,Non-Holiday,0.32483974
5,2012-05-04,360932.69,0,77.1,3.749,222.2594722,5.801,2012,5,May,Q2,18,2012-05,Non-Holiday,0.36093269
5,2012-05-11,333870.52,0,73.45,3.688,222.3135926,5.801,2012,5,May,Q2,19,2012-05,Non-Holiday,0.33387052
5,2012-05-18,336189.66,0,70.45,3.63,222.330443,5.801,2012,5,May,Q2,20,2012-05,Non-Holiday,0.33618966
5,2012-05-25,341994.48,0,78.23,3.561,222.3323853,5.801,2012,5,May,Q2,21,2012-05,Non-Holiday,0.34199448
5,2012-06-01,359867.8,0,79.72,3.501,222.3343277,5.801,2012,6,June,Q2,22,2012-06,Non-Holiday,0.3598678
5,2012-06-08,341704.59,0,81.02,3.452,222.33627,5.801,2012,6,June,Q2,23,2012-06,Non-Holiday,0.34170459000000003
5,2012-06-15,327383.64,0,81.64,3.393,222.3492901,5.801,2012,6,June,Q2,24,2012-06,Non-Holiday,0.32738364000000003
5,2012-06-22,325041.68,0,80.57,3.346,222.3900046,5.801,2012,6,June,Q2,25,2012-06,Non-Holiday,0.32504168
5,2012-06-29,329658.1,0,87.08,3.286,222.4307191,5.801,2012,6,June,Q2,26,2012-06,Non-Holiday,0.32965809999999995
5,2012-07-06,341214.43,0,82.35,3.227,222.4714336,5.603,2012,7,July,Q3,27,2012-07,Non-Holiday,0.34121443
5,2012-07-13,316203.64,0,80.78,3.256,222.5121481,5.603,2012,7,July,Q3,28,2012-07,Non-Holiday,0.31620364
5,2012-07-20,321205.12,0,81.05,3.311,222.5209358,5.603,2012,7,July,Q3,29,2012-07,Non-Holiday,0.32120512
5,2012-07-27,306827.36,0,85.06,3.407,222.5297234,5.603,2012,7,July,Q3,30,2012-07,Non-Holiday,0.30682736
5,2012-08-03,324195.17,0,86.91,3.417,222.5385111,5.603,2012,8,August,Q3,31,2012-08,Non-Holiday,0.32419517
5,2012-08-10,306759.7,0,86.96,3.494,222.5472987,5.603,2012,8,August,Q3,32,2012-08,Non-Holiday,0.3067597
5,2012-08-17,314014.18,0,87.52,3.571,222.6276753,5.603,2012,8,August,Q3,33,2012-08,Non-Holiday,0.31401418
5,2012-08-24,320831.36,0,79.45,3.62,222.7617437,5.603,2012,8,August,Q3,34,2012-08,Non-Holiday,0.32083136
5,2012-08-31,344642.01,0,84.25,3.638,222.8958121,5.603,2012,8,August,Q3,35,2012-08,Non-Holiday,0.34464201
5,2012-09-07,350648.91,1,86.3,3.73,223.0298805,5.603,2012,9,September,Q3,36,2012-09,Holiday,0.35064891
5,2012-09-14,299800.67,0,76.65,3.717,223.1734167,5.603,2012,9,September,Q3,37,2012-09,Non-Holiday,0.29980067
5,2012-09-21,307306.76,0,71.09,3.721,223.3737593,5.603,2012,9,September,Q3,38,2012-09,Non-Holiday,0.30730676
5,2012-09-28,310141.68,0,78.33,3.666,223.5741019,5.603,2012,9,September,Q3,39,2012-09,Non-Holiday,0.31014168
5,2012-10-05,343048.29,0,71.17,3.617,223.7744444,5.422,2012,10,October,Q4,40,2012-10,Non-Holiday,0.34304829
5,2012-10-12,325345.41,0,66.24,3.601,223.974787,5.422,2012,10,October,Q4,41,2012-10,Non-Holiday,0.32534541
5,2012-10-19,313358.15,0,69.17,3.594,224.0192873,5.422,2012,10,October,Q4,42,2012-10,Non-Holiday,0.31335815
5,2012-10-26,319550.77,0,71.7,3.506,224.0378139,5.422,2012,10,October,Q4,43,2012-10,Non-Holiday,0.31955077000000004
6,2010-02-05,1652635.1,0,40.43,2.572,212.6223518,7.259,2010,2,February,Q1,5,2010-02,Non-Holiday,1.6526351000000001
6,2010-02-12,1606283.86,1,40.57,2.548,212.7700425,7.259,2010,2,February,Q1,6,2010-02,Holiday,1.60628386
6,2010-02-19,1567138.07,0,43.58,2.514,212.8161546,7.259,2010,2,February,Q1,7,2010-02,Non-Holiday,1.5671380700000002
6,2010-02-26,1432953.21,0,47.1,2.561,212.845337,7.259,2010,2,February,Q1,8,2010-02,Non-Holiday,1.43295321
6,2010-03-05,1601348.82,0,49.63,2.625,212.8745193,7.259,2010,3,March,Q1,9,2010-03,Non-Holiday,1.6013488200000001
6,2010-03-12,1558621.36,0,58.82,2.667,212.9037017,7.259,2010,3,March,Q1,10,2010-03,Non-Holiday,1.55862136
6,2010-03-19,1693058.91,0,56.55,2.72,212.7351935,7.259,2010,3,March,Q1,11,2010-03,Non-Holiday,1.69305891
6,2010-03-26,1472033.38,0,53.74,2.732,212.533737,7.259,2010,3,March,Q1,12,2010-03,Non-Holiday,1.4720333799999998
6,2010-04-02,1770333.9,0,64.94,2.719,212.3322805,7.092,2010,4,April,Q2,13,2010-04,Non-Holiday,1.7703339
6,2010-04-09,1667181.82,0,66.15,2.77,212.1308239,7.092,2010,4,April,Q2,14,2010-04,Non-Holiday,1.6671818200000001
6,2010-04-16,1519846.36,0,65.68,2.808,211.9942765,7.092,2010,4,April,Q2,15,2010-04,Non-Holiday,1.51984636
6,2010-04-23,1540435.99,0,64.11,2.795,211.9442745,7.092,2010,4,April,Q2,16,2010-04,Non-Holiday,1.54043599
6,2010-04-30,1498080.16,0,68.91,2.78,211.8942725,7.092,2010,4,April,Q2,17,2010-04,Non-Holiday,1.49808016
6,2010-05-07,1619920.04,0,73.68,2.835,211.8442706,7.092,2010,5,May,Q2,18,2010-05,Non-Holiday,1.61992004
6,2010-05-14,1524059.4,0,74.95,2.854,211.8421769,7.092,2010,5,May,Q2,19,2010-05,Non-Holiday,1.5240593999999998
6,2010-05-21,1531938.44,0,74.8,2.826,212.1275324,7.092,2010,5,May,Q2,20,2010-05,Non-Holiday,1.53193844
6,2010-05-28,1644470.66,0,78.89,2.759,212.412888,7.092,2010,5,May,Q2,21,2010-05,Non-Holiday,1.6444706599999999
6,2010-06-04,1857380.09,0,79.44,2.705,212.6982436,7.092,2010,6,June,Q2,22,2010-06,Non-Holiday,1.8573800900000002
6,2010-06-11,1685652.35,0,81.81,2.668,212.9835992,7.092,2010,6,June,Q2,23,2010-06,Non-Holiday,1.68565235
6,2010-06-18,1677248.24,0,83.89,2.637,212.9813843,7.092,2010,6,June,Q2,24,2010-06,Non-Holiday,1.67724824
6,2010-06-25,1640681.88,0,84.2,2.653,212.8641412,7.092,2010,6,June,Q2,25,2010-06,Non-Holiday,1.6406818799999998
6,2010-07-02,1759777.25,0,80.34,2.669,212.746898,6.973,2010,7,July,Q3,26,2010-07,Non-Holiday,1.75977725
6,2010-07-09,1690317.99,0,80.93,2.642,212.6296549,6.973,2010,7,July,Q3,27,2010-07,Non-Holiday,1.69031799
6,2010-07-16,1560120.8,0,83.75,2.623,212.6212163,6.973,2010,7,July,Q3,28,2010-07,Non-Holiday,1.5601208
6,2010-07-23,1585240.92,0,83.9,2.608,212.7578505,6.973,2010,7,July,Q3,29,2010-07,Non-Holiday,1.58524092
6,2010-07-30,1532308.78,0,81.37,2.64,212.8944846,6.973,2010,7,July,Q3,30,2010-07,Non-Holiday,1.53230878
6,2010-08-06,1633241.59,0,86.61,2.627,213.0311188,6.973,2010,8,August,Q3,31,2010-08,Non-Holiday,1.6332415900000001
6,2010-08-13,1547654.98,0,86.83,2.692,213.1677529,6.973,2010,8,August,Q3,32,2010-08,Non-Holiday,1.54765498
6,2010-08-20,1539930.5,0,87.36,2.664,213.1291427,6.973,2010,8,August,Q3,33,2010-08,Non-Holiday,1.5399305
6,2010-08-27,1450766.12,0,85.71,2.619,213.0905324,6.973,2010,8,August,Q3,34,2010-08,Non-Holiday,1.4507661200000002
6,2010-09-03,1510925.32,0,82.15,2.577,213.0519222,6.973,2010,9,September,Q3,35,2010-09,Non-Holiday,1.5109253200000001
6,2010-09-10,1424225.44,1,78.78,2.565,213.013312,6.973,2010,9,September,Q3,36,2010-09,Holiday,1.4242254399999998
6,2010-09-17,1308537.75,0,81.78,2.582,213.0398643,6.973,2010,9,September,Q3,37,2010-09,Non-Holiday,1.30853775
6,2010-09-24,1275591.84,0,76.49,2.624,213.1152886,6.973,2010,9,September,Q3,38,2010-09,Non-Holiday,1.2755918400000001
6,2010-10-01,1328468.89,0,70.69,2.603,213.1907129,7.007,2010,10,October,Q4,39,2010-10,Non-Holiday,1.32846889
6,2010-10-08,1360317.9,0,65.21,2.633,213.2661373,7.007,2010,10,October,Q4,40,2010-10,Non-Holiday,1.3603178999999999
6,2010-10-15,1344580.92,0,68.93,2.72,213.3337977,7.007,2010,10,October,Q4,41,2010-10,Non-Holiday,1.3445809199999998
6,2010-10-22,1332716.53,0,70.97,2.725,213.3820486,7.007,2010,10,October,Q4,42,2010-10,Non-Holiday,1.3327165300000001
6,2010-10-29,1385323.7,0,70.39,2.716,213.4302994,7.007,2010,10,October,Q4,43,2010-10,Non-Holiday,1.3853237
6,2010-11-05,1505442.15,0,59.9,2.689,213.4785503,7.007,2010,11,November,Q4,44,2010-11,Non-Holiday,1.50544215
6,2010-11-12,1495536.46,0,62.11,2.728,213.5268011,7.007,2010,11,November,Q4,45,2010-11,Non-Holiday,1.49553646
6,2010-11-19,1518841.45,0,52.99,2.771,213.4107412,7.007,2010,11,November,Q4,46,2010-11,Non-Holiday,1.51884145
6,2010-11-26,2267452.4,1,65.79,2.735,213.2672961,7.007,2010,11,November,Q4,47,2010-11,Holiday,2.2674524
6,2010-12-03,1677067.24,0,52.3,2.708,213.123851,7.007,2010,12,December,Q4,48,2010-12,Non-Holiday,1.67706724
6,2010-12-10,1834737.58,0,48.46,2.843,212.9804059,7.007,2010,12,December,Q4,49,2010-12,Non-Holiday,1.83473758
6,2010-12-17,2090268.95,0,52.24,2.869,212.918049,7.007,2010,12,December,Q4,50,2010-12,Non-Holiday,2.09026895
6,2010-12-24,2727575.18,0,55.07,2.886,212.9165082,7.007,2010,12,December,Q4,51,2010-12,Non-Holiday,2.72757518
6,2010-12-31,1464050.02,1,49.14,2.943,212.9149674,7.007,2010,12,December,Q4,52,2010-12,Holiday,1.46405002
6,2011-01-07,1350441.68,0,47.78,2.976,212.9134266,6.858,2011,1,January,Q1,1,2011-01,Non-Holiday,1.3504416799999999
6,2011-01-14,1306194.55,0,38.37,2.983,212.9655882,6.858,2011,1,January,Q1,2,2011-01,Non-Holiday,1.30619455
6,2011-01-21,1261253.18,0,46.2,3.016,213.3399647,6.858,2011,1,January,Q1,3,2011-01,Non-Holiday,1.26125318
6,2011-01-28,1287034.7,0,44.98,3.01,213.7143412,6.858,2011,1,January,Q1,4,2011-01,Non-Holiday,1.2870347
6,2011-02-04,1514999.17,0,40.59,2.989,214.0887176,6.858,2011,2,February,Q1,5,2011-02,Non-Holiday,1.5149991699999998
6,2011-02-11,1486920.17,1,39.38,3.022,214.4630941,6.858,2011,2,February,Q1,6,2011-02,Holiday,1.4869201699999999
6,2011-02-18,1572117.54,0,59.61,3.045,214.7775231,6.858,2011,2,February,Q1,7,2011-02,Non-Holiday,1.57211754
6,2011-02-25,1422600.43,0,62.86,3.065,215.0679731,6.858,2011,2,February,Q1,8,2011-02,Non-Holiday,1.42260043
6,2011-03-04,1502617.99,0,60.45,3.288,215.3584231,6.858,2011,3,March,Q1,9,2011-03,Non-Holiday,1.50261799
6,2011-03-11,1494497.39,0,57.71,3.459,215.6488731,6.858,2011,3,March,Q1,10,2011-03,Non-Holiday,1.4944973899999998
6,2011-03-18,1685375.47,0,65.07,3.488,215.9035078,6.858,2011,3,March,Q1,11,2011-03,Non-Holiday,1.6853754699999999
6,2011-03-25,1438465.81,0,70.83,3.473,216.1438163,6.858,2011,3,March,Q1,12,2011-03,Non-Holiday,1.43846581
6,2011-04-01,1459276.77,0,62.25,3.524,216.3841249,6.855,2011,4,April,Q2,13,2011-04,Non-Holiday,1.45927677
6,2011-04-08,1534594.0,0,70.35,3.622,216.6244334,6.855,2011,4,April,Q2,14,2011-04,Non-Holiday,1.534594
6,2011-04-15,1448797.02,0,73.17,3.743,216.8446627,6.855,2011,4,April,Q2,15,2011-04,Non-Holiday,1.44879702
6,2011-04-22,1639358.93,0,74.24,3.807,217.0146941,6.855,2011,4,April,Q2,16,2011-04,Non-Holiday,1.63935893
6,2011-04-29,1479249.9,0,75.27,3.81,217.1847255,6.855,2011,4,April,Q2,17,2011-04,Non-Holiday,1.4792499
6,2011-05-06,1504651.57,0,65.42,3.906,217.3547569,6.855,2011,5,May,Q2,18,2011-05,Non-Holiday,1.50465157
6,2011-05-13,1453185.65,0,76.95,3.899,217.5247882,6.855,2011,5,May,Q2,19,2011-05,Non-Holiday,1.45318565
6,2011-05-20,1382783.83,0,72.01,3.907,217.2896095,6.855,2011,5,May,Q2,20,2011-05,Non-Holiday,1.3827838300000002
6,2011-05-27,1523979.11,0,80.83,3.786,217.0544307,6.855,2011,5,May,Q2,21,2011-05,Non-Holiday,1.5239791100000002
6,2011-06-03,1705506.29,0,84.01,3.699,216.819252,6.855,2011,6,June,Q2,22,2011-06,Non-Holiday,1.70550629
6,2011-06-10,1598643.65,0,84.49,3.648,216.5840732,6.855,2011,6,June,Q2,23,2011-06,Non-Holiday,1.5986436499999999
6,2011-06-17,1622150.33,0,87.08,3.637,216.5371616,6.855,2011,6,June,Q2,24,2011-06,Non-Holiday,1.62215033
6,2011-06-24,1543365.9,0,85.51,3.594,216.6314502,6.855,2011,6,June,Q2,25,2011-06,Non-Holiday,1.5433659
6,2011-07-01,1694551.15,0,87.0,3.524,216.7257388,6.925,2011,7,July,Q3,26,2011-07,Non-Holiday,1.69455115
6,2011-07-08,1709373.62,0,88.36,3.48,216.8200275,6.925,2011,7,July,Q3,27,2011-07,Non-Holiday,1.70937362
6,2011-07-15,1526801.24,0,88.93,3.575,216.9044732,6.925,2011,7,July,Q3,28,2011-07,Non-Holiday,1.52680124
6,2011-07-22,1526506.08,0,88.06,3.651,216.964312,6.925,2011,7,July,Q3,29,2011-07,Non-Holiday,1.52650608
6,2011-07-29,1483991.05,0,90.22,3.682,217.0241507,6.925,2011,7,July,Q3,30,2011-07,Non-Holiday,1.48399105
6,2011-08-05,1601584.57,0,91.46,3.684,217.0839894,6.925,2011,8,August,Q3,31,2011-08,Non-Holiday,1.60158457
6,2011-08-12,1484995.38,0,90.49,3.638,217.1438281,6.925,2011,8,August,Q3,32,2011-08,Non-Holiday,1.48499538
6,2011-08-19,1493544.04,0,89.26,3.554,217.2069662,6.925,2011,8,August,Q3,33,2011-08,Non-Holiday,1.49354404
6,2011-08-26,1420405.41,0,90.07,3.523,217.2706543,6.925,2011,8,August,Q3,34,2011-08,Non-Holiday,1.4204054099999999
6,2011-09-02,1481618.74,0,91.22,3.533,217.3343423,6.925,2011,9,September,Q3,35,2011-09,Non-Holiday,1.48161874
6,2011-09-09,1483574.38,1,80.21,3.546,217.3980304,6.925,2011,9,September,Q3,36,2011-09,Holiday,1.4835743799999999
6,2011-09-16,1351407.79,0,84.94,3.526,217.5797506,6.925,2011,9,September,Q3,37,2011-09,Non-Holiday,1.35140779
6,2011-09-23,1336044.75,0,78.49,3.467,217.9188471,6.925,2011,9,September,Q3,38,2011-09,Non-Holiday,1.33604475
6,2011-09-30,1307551.92,0,82.51,3.355,218.2579435,6.925,2011,9,September,Q3,39,2011-09,Non-Holiday,1.3075519199999999
6,2011-10-07,1481739.2,0,74.1,3.285,218.59704,6.551,2011,10,October,Q4,40,2011-10,Non-Holiday,1.4817392
6,2011-10-14,1386520.99,0,71.24,3.274,218.9109844,6.551,2011,10,October,Q4,41,2011-10,Non-Holiday,1.38652099
6,2011-10-21,1417922.37,0,68.53,3.353,219.0740167,6.551,2011,10,October,Q4,42,2011-10,Non-Holiday,1.41792237
6,2011-10-28,1419445.12,0,69.51,3.372,219.237049,6.551,2011,10,October,Q4,43,2011-10,Non-Holiday,1.41944512
6,2011-11-04,1523420.38,0,58.54,3.332,219.4000812,6.551,2011,11,November,Q4,44,2011-11,Non-Holiday,1.52342038
6,2011-11-11,1536176.54,0,61.33,3.297,219.5631135,6.551,2011,11,November,Q4,45,2011-11,Non-Holiday,1.53617654
6,2011-11-18,1524390.07,0,63.89,3.308,219.7897137,6.551,2011,11,November,Q4,46,2011-11,Non-Holiday,1.5243900700000002
6,2011-11-25,2249811.55,1,62.78,3.236,220.0417412,6.551,2011,11,November,Q4,47,2011-11,Holiday,2.24981155
6,2011-12-02,1688531.34,0,51.18,3.172,220.2937686,6.551,2011,12,December,Q4,48,2011-12,Non-Holiday,1.6885313400000002
6,2011-12-09,1903385.14,0,43.64,3.158,220.5457961,6.551,2011,12,December,Q4,49,2011-12,Non-Holiday,1.90338514
6,2011-12-16,2034695.56,0,53.27,3.159,220.7671856,6.551,2011,12,December,Q4,50,2011-12,Non-Holiday,2.03469556
6,2011-12-23,2644633.02,0,49.45,3.112,220.9477245,6.551,2011,12,December,Q4,51,2011-12,Non-Holiday,2.64463302
6,2011-12-30,1598080.52,1,46.8,3.129,221.1282634,6.551,2011,12,December,Q4,52,2011-12,Holiday,1.5980805200000001
6,2012-01-06,1395339.71,0,50.82,3.157,221.3088023,6.132,2012,1,January,Q1,1,2012-01,Non-Holiday,1.39533971
6,2012-01-13,1344243.17,0,48.33,3.261,221.4893412,6.132,2012,1,January,Q1,2,2012-01,Non-Holiday,1.34424317
6,2012-01-20,1326255.7,0,55.37,3.268,221.5831306,6.132,2012,1,January,Q1,3,2012-01,Non-Holiday,1.3262557
6,2012-01-27,1315610.66,0,53.95,3.29,221.6769199,6.132,2012,1,January,Q1,4,2012-01,Non-Holiday,1.31561066
6,2012-02-03,1496305.78,0,57.45,3.36,221.7707093,6.132,2012,2,February,Q1,5,2012-02,Non-Holiday,1.49630578
6,2012-02-10,1620603.92,1,48.58,3.409,221.8644987,6.132,2012,2,February,Q1,6,2012-02,Holiday,1.62060392
6,2012-02-17,1632616.09,0,49.03,3.51,222.026359,6.132,2012,2,February,Q1,7,2012-02,Non-Holiday,1.6326160900000002
6,2012-02-24,1465187.71,0,59.17,3.555,222.2392726,6.132,2012,2,February,Q1,8,2012-02,Non-Holiday,1.46518771
6,2012-03-02,1550385.65,0,60.32,3.63,222.4521862,6.132,2012,3,March,Q1,9,2012-03,Non-Holiday,1.55038565
6,2012-03-09,1569304.4,0,57.89,3.669,222.6650998,6.132,2012,3,March,Q1,10,2012-03,Non-Holiday,1.5693043999999998
6,2012-03-16,1748010.29,0,62.8,3.734,222.8186603,6.132,2012,3,March,Q1,11,2012-03,Non-Holiday,1.74801029
6,2012-03-23,1495143.62,0,63.71,3.787,222.8930835,6.132,2012,3,March,Q1,12,2012-03,Non-Holiday,1.4951436200000001
6,2012-03-30,1508933.26,0,67.91,3.845,222.9675066,6.132,2012,3,March,Q1,13,2012-03,Non-Holiday,1.50893326
6,2012-04-06,1840131.19,0,71.6,3.891,223.0419298,5.964,2012,4,April,Q2,14,2012-04,Non-Holiday,1.84013119
6,2012-04-13,1616394.45,0,71.29,3.891,223.1163529,5.964,2012,4,April,Q2,15,2012-04,Non-Holiday,1.61639445
6,2012-04-20,1456073.24,0,68.64,3.877,223.17092,5.964,2012,4,April,Q2,16,2012-04,Non-Holiday,1.45607324
6,2012-04-27,1456221.1,0,71.5,3.814,223.2254871,5.964,2012,4,April,Q2,17,2012-04,Non-Holiday,1.4562211
6,2012-05-04,1543461.12,0,77.66,3.749,223.2800541,5.964,2012,5,May,Q2,18,2012-05,Non-Holiday,1.5434611200000001
6,2012-05-11,1517075.67,0,72.66,3.688,223.3346212,5.964,2012,5,May,Q2,19,2012-05,Non-Holiday,1.5170756699999999
6,2012-05-18,1513635.64,0,70.5,3.63,223.3511928,5.964,2012,5,May,Q2,20,2012-05,Non-Holiday,1.51363564
6,2012-05-25,1603793.42,0,78.47,3.561,223.3525662,5.964,2012,5,May,Q2,21,2012-05,Non-Holiday,1.60379342
6,2012-06-01,1681121.38,0,80.39,3.501,223.3539397,5.964,2012,6,June,Q2,22,2012-06,Non-Holiday,1.68112138
6,2012-06-08,1696619.52,0,80.5,3.452,223.3553131,5.964,2012,6,June,Q2,23,2012-06,Non-Holiday,1.69661952
6,2012-06-15,1642247.48,0,82.1,3.393,223.3680933,5.964,2012,6,June,Q2,24,2012-06,Non-Holiday,1.64224748
6,2012-06-22,1618272.25,0,81.2,3.346,223.4093906,5.964,2012,6,June,Q2,25,2012-06,Non-Holiday,1.61827225
6,2012-06-29,1648863.46,0,87.35,3.286,223.4506878,5.964,2012,6,June,Q2,26,2012-06,Non-Holiday,1.64886346
6,2012-07-06,1876359.39,0,82.95,3.227,223.4919851,5.668,2012,7,July,Q3,27,2012-07,Non-Holiday,1.87635939
6,2012-07-13,1588142.26,0,80.27,3.256,223.5332824,5.668,2012,7,July,Q3,28,2012-07,Non-Holiday,1.58814226
6,2012-07-20,1574361.97,0,81.57,3.311,223.5424501,5.668,2012,7,July,Q3,29,2012-07,Non-Holiday,1.57436197
6,2012-07-27,1513229.16,0,85.78,3.407,223.5516178,5.668,2012,7,July,Q3,30,2012-07,Non-Holiday,1.5132291599999999
6,2012-08-03,1627274.93,0,87.55,3.417,223.5607856,5.668,2012,8,August,Q3,31,2012-08,Non-Holiday,1.62727493
6,2012-08-10,1588380.73,0,87.04,3.494,223.5699533,5.668,2012,8,August,Q3,32,2012-08,Non-Holiday,1.58838073
6,2012-08-17,1543049.52,0,87.53,3.571,223.6510224,5.668,2012,8,August,Q3,33,2012-08,Non-Holiday,1.54304952
6,2012-08-24,1501095.49,0,79.03,3.62,223.7860175,5.668,2012,8,August,Q3,34,2012-08,Non-Holiday,1.50109549
6,2012-08-31,1577439.81,0,83.58,3.638,223.9210125,5.668,2012,8,August,Q3,35,2012-08,Non-Holiday,1.57743981
6,2012-09-07,1608077.01,1,86.33,3.73,224.0560076,5.668,2012,9,September,Q3,36,2012-09,Holiday,1.60807701
6,2012-09-14,1375166.86,0,76.41,3.717,224.2004678,5.668,2012,9,September,Q3,37,2012-09,Non-Holiday,1.3751668600000002
6,2012-09-21,1425603.65,0,70.81,3.721,224.4017192,5.668,2012,9,September,Q3,38,2012-09,Non-Holiday,1.42560365
6,2012-09-28,1369131.46,0,77.82,3.666,224.6029706,5.668,2012,9,September,Q3,39,2012-09,Non-Holiday,1.36913146
6,2012-10-05,1518177.71,0,70.84,3.617,224.804222,5.329,2012,10,October,Q4,40,2012-10,Non-Holiday,1.51817771
6,2012-10-12,1459396.84,0,65.43,3.601,225.0054733,5.329,2012,10,October,Q4,41,2012-10,Non-Holiday,1.4593968400000001
6,2012-10-19,1436883.99,0,69.68,3.594,225.0501013,5.329,2012,10,October,Q4,42,2012-10,Non-Holiday,1.4368839899999999
6,2012-10-26,1431426.34,0,72.34,3.506,225.0686254,5.329,2012,10,October,Q4,43,2012-10,Non-Holiday,1.43142634
7,2010-02-05,496725.44,0,10.53,2.58,189.3816974,9.014,2010,2,February,Q1,5,2010-02,Non-Holiday,0.49672544
7,2010-02-12,524104.92,1,25.9,2.572,189.4642725,9.014,2010,2,February,Q1,6,2010-02,Holiday,0.52410492
7,2010-02-19,506760.54,0,27.28,2.55,189.5340998,9.014,2010,2,February,Q1,7,2010-02,Non-Holiday,0.5067605399999999
7,2010-02-26,496083.24,0,24.91,2.586,189.6018023,9.014,2010,2,February,Q1,8,2010-02,Non-Holiday,0.49608324
7,2010-03-05,491419.55,0,35.86,2.62,189.6695049,9.014,2010,3,March,Q1,9,2010-03,Non-Holiday,0.49141955
7,2010-03-12,480452.1,0,27.25,2.684,189.7372075,9.014,2010,3,March,Q1,10,2010-03,Non-Holiday,0.4804521
7,2010-03-19,574450.23,0,29.04,2.692,189.734262,9.014,2010,3,March,Q1,11,2010-03,Non-Holiday,0.57445023
7,2010-03-26,514731.6,0,23.33,2.717,189.7195417,9.014,2010,3,March,Q1,12,2010-03,Non-Holiday,0.5147316
7,2010-04-02,561145.14,0,38.26,2.725,189.7048215,8.963,2010,4,April,Q2,13,2010-04,Non-Holiday,0.56114514
7,2010-04-09,484263.25,0,33.79,2.75,189.6901012,8.963,2010,4,April,Q2,14,2010-04,Non-Holiday,0.48426325
7,2010-04-16,406228.19,0,41.89,2.765,189.6628845,8.963,2010,4,April,Q2,15,2010-04,Non-Holiday,0.40622819
7,2010-04-23,404751.25,0,43.07,2.776,189.6190057,8.963,2010,4,April,Q2,16,2010-04,Non-Holiday,0.40475125
7,2010-04-30,373655.61,0,38.99,2.766,189.575127,8.963,2010,4,April,Q2,17,2010-04,Non-Holiday,0.37365560999999997
7,2010-05-07,395453.83,0,40.07,2.771,189.5312483,8.963,2010,5,May,Q2,18,2010-05,Non-Holiday,0.39545383
7,2010-05-14,372673.61,0,41.41,2.788,189.4904116,8.963,2010,5,May,Q2,19,2010-05,Non-Holiday,0.37267361
7,2010-05-21,395195.65,0,46.6,2.776,189.467827,8.963,2010,5,May,Q2,20,2010-05,Non-Holiday,0.39519565
7,2010-05-28,442734.55,0,54.24,2.737,189.4452425,8.963,2010,5,May,Q2,21,2010-05,Non-Holiday,0.44273455
7,2010-06-04,509183.22,0,53.63,2.7,189.422658,8.963,2010,6,June,Q2,22,2010-06,Non-Holiday,0.5091832199999999
7,2010-06-11,498580.87,0,63.59,2.684,189.4000734,8.963,2010,6,June,Q2,23,2010-06,Non-Holiday,0.49858087
7,2010-06-18,481144.09,0,52.7,2.674,189.4185259,8.963,2010,6,June,Q2,24,2010-06,Non-Holiday,0.48114409
7,2010-06-25,553714.87,0,59.94,2.715,189.4533931,8.963,2010,6,June,Q2,25,2010-06,Non-Holiday,0.55371487
7,2010-07-02,575570.77,0,61.31,2.728,189.4882603,9.017,2010,7,July,Q3,26,2010-07,Non-Holiday,0.57557077
7,2010-07-09,593462.34,0,58.0,2.711,189.5231276,9.017,2010,7,July,Q3,27,2010-07,Non-Holiday,0.59346234
7,2010-07-16,557166.35,0,62.19,2.699,189.6125456,9.017,2010,7,July,Q3,28,2010-07,Non-Holiday,0.5571663499999999
7,2010-07-23,570231.21,0,64.64,2.691,189.774698,9.017,2010,7,July,Q3,29,2010-07,Non-Holiday,0.57023121
7,2010-07-30,603547.16,0,66.07,2.69,189.9368504,9.017,2010,7,July,Q3,30,2010-07,Non-Holiday,0.6035471600000001
7,2010-08-06,643854.17,0,61.7,2.69,190.0990028,9.017,2010,8,August,Q3,31,2010-08,Non-Holiday,0.64385417
7,2010-08-13,598185.4,0,60.13,2.723,190.2611552,9.017,2010,8,August,Q3,32,2010-08,Non-Holiday,0.5981854
7,2010-08-20,582353.17,0,59.59,2.732,190.2948237,9.017,2010,8,August,Q3,33,2010-08,Non-Holiday,0.5823531700000001
7,2010-08-27,554309.24,0,57.57,2.731,190.3284922,9.017,2010,8,August,Q3,34,2010-08,Non-Holiday,0.55430924
7,2010-09-03,532765.05,0,49.84,2.773,190.3621607,9.017,2010,9,September,Q3,35,2010-09,Non-Holiday,0.5327650500000001
7,2010-09-10,535769.32,1,48.5,2.78,190.3958293,9.017,2010,9,September,Q3,36,2010-09,Holiday,0.53576932
7,2010-09-17,489408.53,0,48.56,2.8,190.4688287,9.017,2010,9,September,Q3,37,2010-09,Non-Holiday,0.48940853
7,2010-09-24,488008.83,0,47.55,2.793,190.5713264,9.017,2010,9,September,Q3,38,2010-09,Non-Holiday,0.48800883
7,2010-10-01,448998.73,0,49.99,2.759,190.6738241,9.137,2010,10,October,Q4,39,2010-10,Non-Holiday,0.44899872999999996
7,2010-10-08,480239.88,0,44.13,2.745,190.7763218,9.137,2010,10,October,Q4,40,2010-10,Non-Holiday,0.48023988
7,2010-10-15,463370.48,0,35.86,2.762,190.8623087,9.137,2010,10,October,Q4,41,2010-10,Non-Holiday,0.46337048
7,2010-10-22,472450.81,0,36.84,2.762,190.9070184,9.137,2010,10,October,Q4,42,2010-10,Non-Holiday,0.47245081
7,2010-10-29,465493.15,0,34.78,2.748,190.951728,9.137,2010,10,October,Q4,43,2010-10,Non-Holiday,0.46549315
7,2010-11-05,480512.44,0,49.44,2.729,190.9964377,9.137,2010,11,November,Q4,44,2010-11,Non-Holiday,0.48051244
7,2010-11-12,507584.29,0,22.12,2.737,191.0411474,9.137,2010,11,November,Q4,45,2010-11,Non-Holiday,0.5075842899999999
7,2010-11-19,482528.36,0,25.56,2.758,191.0312172,9.137,2010,11,November,Q4,46,2010-11,Non-Holiday,0.48252836
7,2010-11-26,835189.26,1,17.95,2.742,191.0121805,9.137,2010,11,November,Q4,47,2010-11,Holiday,0.83518926
7,2010-12-03,552811.62,0,21.88,2.712,190.9931437,9.137,2010,12,December,Q4,48,2010-12,Non-Holiday,0.55281162
7,2010-12-10,599730.07,0,24.24,2.728,190.9741069,9.137,2010,12,December,Q4,49,2010-12,Non-Holiday,0.59973007
7,2010-12-17,716388.81,0,20.74,2.778,191.0303376,9.137,2010,12,December,Q4,50,2010-12,Non-Holiday,0.7163888100000001
7,2010-12-24,1045124.88,0,26.04,2.781,191.1430189,9.137,2010,12,December,Q4,51,2010-12,Non-Holiday,1.04512488
7,2010-12-31,729572.08,1,13.76,2.829,191.2557002,9.137,2010,12,December,Q4,52,2010-12,Holiday,0.72957208
7,2011-01-07,661163.94,0,10.09,2.882,191.3683815,8.818,2011,1,January,Q1,1,2011-01,Non-Holiday,0.6611639399999999
7,2011-01-14,547384.9,0,11.32,2.911,191.4784939,8.818,2011,1,January,Q1,2,2011-01,Non-Holiday,0.5473849000000001
7,2011-01-21,521539.46,0,25.4,2.973,191.5731924,8.818,2011,1,January,Q1,3,2011-01,Non-Holiday,0.5215394600000001
7,2011-01-28,513372.17,0,10.11,3.008,191.667891,8.818,2011,1,January,Q1,4,2011-01,Non-Holiday,0.51337217
7,2011-02-04,558027.77,0,-2.06,3.011,191.7625895,8.818,2011,2,February,Q1,5,2011-02,Non-Holiday,0.55802777
7,2011-02-11,559903.13,1,10.24,3.037,191.8572881,8.818,2011,2,February,Q1,6,2011-02,Holiday,0.55990313
7,2011-02-18,572387.47,0,17.3,3.051,191.9178331,8.818,2011,2,February,Q1,7,2011-02,Non-Holiday,0.57238747
7,2011-02-25,546690.84,0,17.46,3.101,191.9647167,8.818,2011,2,February,Q1,8,2011-02,Non-Holiday,0.54669084
7,2011-03-04,551378.39,0,21.84,3.232,192.0116004,8.818,2011,3,March,Q1,9,2011-03,Non-Holiday,0.55137839
7,2011-03-11,558963.83,0,20.7,3.372,192.058484,8.818,2011,3,March,Q1,10,2011-03,Non-Holiday,0.5589638299999999
7,2011-03-18,635014.69,0,27.69,3.406,192.1237981,8.818,2011,3,March,Q1,11,2011-03,Non-Holiday,0.63501469
7,2011-03-25,559061.58,0,25.69,3.414,192.1964844,8.818,2011,3,March,Q1,12,2011-03,Non-Holiday,0.55906158
7,2011-04-01,513409.67,0,24.83,3.461,192.2691707,8.595,2011,4,April,Q2,13,2011-04,Non-Holiday,0.5134096699999999
7,2011-04-08,500552.16,0,30.64,3.532,192.3418571,8.595,2011,4,April,Q2,14,2011-04,Non-Holiday,0.50055216
7,2011-04-15,423380.14,0,27.79,3.611,192.4225954,8.595,2011,4,April,Q2,15,2011-04,Non-Holiday,0.42338014
7,2011-04-22,466594.89,0,31.84,3.636,192.5234638,8.595,2011,4,April,Q2,16,2011-04,Non-Holiday,0.46659489000000004
7,2011-04-29,410429.73,0,26.79,3.663,192.6243322,8.595,2011,4,April,Q2,17,2011-04,Non-Holiday,0.41042973
7,2011-05-06,407012.47,0,26.54,3.735,192.7252006,8.595,2011,5,May,Q2,18,2011-05,Non-Holiday,0.40701246999999996
7,2011-05-13,414094.05,0,36.61,3.767,192.826069,8.595,2011,5,May,Q2,19,2011-05,Non-Holiday,0.41409405
7,2011-05-20,424670.98,0,36.16,3.828,192.831317,8.595,2011,5,May,Q2,20,2011-05,Non-Holiday,0.42467098
7,2011-05-27,457216.87,0,37.51,3.795,192.8365651,8.595,2011,5,May,Q2,21,2011-05,Non-Holiday,0.45721687
7,2011-06-03,542295.37,0,45.77,3.763,192.8418131,8.595,2011,6,June,Q2,22,2011-06,Non-Holiday,0.5422953699999999
7,2011-06-10,621099.95,0,53.3,3.735,192.8470612,8.595,2011,6,June,Q2,23,2011-06,Non-Holiday,0.62109995
7,2011-06-17,610991.35,0,48.79,3.697,192.9034759,8.595,2011,6,June,Q2,24,2011-06,Non-Holiday,0.6109913499999999
7,2011-06-24,640043.97,0,46.85,3.661,192.9982655,8.595,2011,6,June,Q2,25,2011-06,Non-Holiday,0.64004397
7,2011-07-01,704344.21,0,58.54,3.597,193.0930552,8.622,2011,7,July,Q3,26,2011-07,Non-Holiday,0.7043442099999999
7,2011-07-08,761793.94,0,59.08,3.54,193.1878448,8.622,2011,7,July,Q3,27,2011-07,Non-Holiday,0.7617939399999999
7,2011-07-15,642748.21,0,54.37,3.532,193.3125484,8.622,2011,7,July,Q3,28,2011-07,Non-Holiday,0.6427482099999999
7,2011-07-22,688043.96,0,56.22,3.545,193.5120367,8.622,2011,7,July,Q3,29,2011-07,Non-Holiday,0.68804396
7,2011-07-29,653382.62,0,56.66,3.547,193.711525,8.622,2011,7,July,Q3,30,2011-07,Non-Holiday,0.65338262
7,2011-08-05,695392.84,0,55.91,3.554,193.9110133,8.622,2011,8,August,Q3,31,2011-08,Non-Holiday,0.69539284
7,2011-08-12,670670.46,0,54.56,3.542,194.1105017,8.622,2011,8,August,Q3,32,2011-08,Non-Holiday,0.67067046
7,2011-08-19,645156.21,0,56.06,3.499,194.2500634,8.622,2011,8,August,Q3,33,2011-08,Non-Holiday,0.64515621
7,2011-08-26,629994.47,0,57.6,3.485,194.3796374,8.622,2011,8,August,Q3,34,2011-08,Non-Holiday,0.62999447
7,2011-09-02,592355.24,0,53.4,3.511,194.5092113,8.622,2011,9,September,Q3,35,2011-09,Non-Holiday,0.59235524
7,2011-09-09,613135.23,1,45.61,3.566,194.6387853,8.622,2011,9,September,Q3,36,2011-09,Holiday,0.61313523
7,2011-09-16,558981.45,0,43.67,3.596,194.7419707,8.622,2011,9,September,Q3,37,2011-09,Non-Holiday,0.55898145
7,2011-09-23,536144.81,0,43.67,3.581,194.8099713,8.622,2011,9,September,Q3,38,2011-09,Non-Holiday,0.53614481
7,2011-09-30,488880.26,0,47.34,3.538,194.8779718,8.622,2011,9,September,Q3,39,2011-09,Non-Holiday,0.48888026
7,2011-10-07,525866.36,0,40.65,3.498,194.9459724,8.513,2011,10,October,Q4,40,2011-10,Non-Holiday,0.52586636
7,2011-10-14,501959.19,0,32.65,3.491,195.0261012,8.513,2011,10,October,Q4,41,2011-10,Non-Holiday,0.50195919
7,2011-10-21,558691.43,0,37.49,3.548,195.1789994,8.513,2011,10,October,Q4,42,2011-10,Non-Holiday,0.5586914300000001
7,2011-10-28,527339.52,0,28.82,3.55,195.3318977,8.513,2011,10,October,Q4,43,2011-10,Non-Holiday,0.5273395200000001
7,2011-11-04,564536.01,0,23.41,3.527,195.4847959,8.513,2011,11,November,Q4,44,2011-11,Non-Holiday,0.56453601
7,2011-11-11,556015.59,0,19.53,3.505,195.6376941,8.513,2011,11,November,Q4,45,2011-11,Non-Holiday,0.55601559
7,2011-11-18,539826.56,0,29.53,3.479,195.7184713,8.513,2011,11,November,Q4,46,2011-11,Non-Holiday,0.5398265600000001
7,2011-11-25,949075.87,1,27.6,3.424,195.7704,8.513,2011,11,November,Q4,47,2011-11,Holiday,0.94907587
7,2011-12-02,591907.88,0,20.38,3.378,195.8223287,8.513,2011,12,December,Q4,48,2011-12,Non-Holiday,0.59190788
7,2011-12-09,653845.45,0,11.17,3.331,195.8742575,8.513,2011,12,December,Q4,49,2011-12,Non-Holiday,0.6538454499999999
7,2011-12-16,720242.19,0,15.2,3.266,195.9841685,8.513,2011,12,December,Q4,50,2011-12,Non-Holiday,0.7202421899999999
7,2011-12-23,1059715.27,0,12.19,3.173,196.1713893,8.513,2011,12,December,Q4,51,2011-12,Non-Holiday,1.05971527
7,2011-12-30,815915.52,1,15.56,3.119,196.3586101,8.513,2011,12,December,Q4,52,2011-12,Holiday,0.81591552
7,2012-01-06,713117.66,0,18.67,3.095,196.5458309,8.256,2012,1,January,Q1,1,2012-01,Non-Holiday,0.71311766
7,2012-01-13,593875.46,0,7.46,3.077,196.7330517,8.256,2012,1,January,Q1,2,2012-01,Non-Holiday,0.5938754599999999
7,2012-01-20,578002.85,0,27.41,3.055,196.7796652,8.256,2012,1,January,Q1,3,2012-01,Non-Holiday,0.57800285
7,2012-01-27,541037.98,0,26.9,3.038,196.8262786,8.256,2012,1,January,Q1,4,2012-01,Non-Holiday,0.54103798
7,2012-02-03,580453.32,0,22.2,3.031,196.8728921,8.256,2012,2,February,Q1,5,2012-02,Non-Holiday,0.5804533199999999
7,2012-02-10,563460.77,1,18.79,3.103,196.9195056,8.256,2012,2,February,Q1,6,2012-02,Holiday,0.56346077
7,2012-02-17,620908.18,0,27.03,3.113,196.9432711,8.256,2012,2,February,Q1,7,2012-02,Non-Holiday,0.62090818
7,2012-02-24,603041.14,0,24.41,3.129,196.9499007,8.256,2012,2,February,Q1,8,2012-02,Non-Holiday,0.60304114
7,2012-03-02,551058.13,0,21.64,3.191,196.9565303,8.256,2012,3,March,Q1,9,2012-03,Non-Holiday,0.55105813
7,2012-03-09,579166.5,0,30.1,3.286,196.9631599,8.256,2012,3,March,Q1,10,2012-03,Non-Holiday,0.5791665
7,2012-03-16,669205.73,0,37.29,3.486,197.0457208,8.256,2012,3,March,Q1,11,2012-03,Non-Holiday,0.6692057299999999
7,2012-03-23,615997.29,0,35.06,3.664,197.2295234,8.256,2012,3,March,Q1,12,2012-03,Non-Holiday,0.61599729
7,2012-03-30,583322.2,0,44.99,3.75,197.4133259,8.256,2012,3,March,Q1,13,2012-03,Non-Holiday,0.5833221999999999
7,2012-04-06,621425.98,0,44.29,3.854,197.5971285,8.09,2012,4,April,Q2,14,2012-04,Non-Holiday,0.6214259799999999
7,2012-04-13,517420.23,0,41.43,3.901,197.780931,8.09,2012,4,April,Q2,15,2012-04,Non-Holiday,0.51742023
7,2012-04-20,457340.06,0,39.3,3.936,197.7227385,8.09,2012,4,April,Q2,16,2012-04,Non-Holiday,0.45734006
7,2012-04-27,467827.75,0,51.49,3.927,197.664546,8.09,2012,4,April,Q2,17,2012-04,Non-Holiday,0.46782775
7,2012-05-04,465198.89,0,45.38,3.903,197.6063534,8.09,2012,5,May,Q2,18,2012-05,Non-Holiday,0.46519889000000003
7,2012-05-11,460397.41,0,48.54,3.87,197.5481609,8.09,2012,5,May,Q2,19,2012-05,Non-Holiday,0.46039740999999995
7,2012-05-18,468428.3,0,49.41,3.837,197.5553137,8.09,2012,5,May,Q2,20,2012-05,Non-Holiday,0.46842829999999996
7,2012-05-25,532739.77,0,50.6,3.804,197.5886046,8.09,2012,5,May,Q2,21,2012-05,Non-Holiday,0.5327397700000001
7,2012-06-01,598495.02,0,55.06,3.764,197.6218954,8.09,2012,6,June,Q2,22,2012-06,Non-Holiday,0.59849502
7,2012-06-08,642963.75,0,63.07,3.741,197.6551863,8.09,2012,6,June,Q2,23,2012-06,Non-Holiday,0.64296375
7,2012-06-15,666942.02,0,59.33,3.723,197.692292,8.09,2012,6,June,Q2,24,2012-06,Non-Holiday,0.66694202
7,2012-06-22,687344.68,0,63.69,3.735,197.7389345,8.09,2012,6,June,Q2,25,2012-06,Non-Holiday,0.68734468
7,2012-06-29,704335.41,0,68.84,3.693,197.785577,8.09,2012,6,June,Q2,26,2012-06,Non-Holiday,0.70433541
7,2012-07-06,805642.61,0,64.67,3.646,197.8322195,7.872,2012,7,July,Q3,27,2012-07,Non-Holiday,0.80564261
7,2012-07-13,694150.89,0,64.21,3.613,197.8788621,7.872,2012,7,July,Q3,28,2012-07,Non-Holiday,0.69415089
7,2012-07-20,686345.69,0,62.87,3.585,197.9290378,7.872,2012,7,July,Q3,29,2012-07,Non-Holiday,0.6863456899999999
7,2012-07-27,686365.4,0,64.6,3.57,197.9792136,7.872,2012,7,July,Q3,30,2012-07,Non-Holiday,0.6863654
7,2012-08-03,680954.81,0,61.83,3.528,198.0293893,7.872,2012,8,August,Q3,31,2012-08,Non-Holiday,0.68095481
7,2012-08-10,675926.3,0,63.41,3.509,198.0795651,7.872,2012,8,August,Q3,32,2012-08,Non-Holiday,0.6759263000000001
7,2012-08-17,642450.4,0,59.66,3.545,198.1001057,7.872,2012,8,August,Q3,33,2012-08,Non-Holiday,0.6424504
7,2012-08-24,609099.37,0,59.27,3.558,198.0984199,7.872,2012,8,August,Q3,34,2012-08,Non-Holiday,0.60909937
7,2012-08-31,586467.16,0,60.46,3.556,198.0967341,7.872,2012,8,August,Q3,35,2012-08,Non-Holiday,0.58646716
7,2012-09-07,597876.55,1,57.84,3.596,198.0950484,7.872,2012,9,September,Q3,36,2012-09,Holiday,0.5978765500000001
7,2012-09-14,541120.2,0,53.66,3.659,198.1267184,7.872,2012,9,September,Q3,37,2012-09,Non-Holiday,0.5411201999999999
7,2012-09-21,530842.25,0,51.77,3.765,198.358523,7.872,2012,9,September,Q3,38,2012-09,Non-Holiday,0.53084225
7,2012-09-28,525545.76,0,50.64,3.789,198.5903276,7.872,2012,9,September,Q3,39,2012-09,Non-Holiday,0.52554576
7,2012-10-05,505830.56,0,48.43,3.779,198.8221322,7.557,2012,10,October,Q4,40,2012-10,Non-Holiday,0.50583056
7,2012-10-12,503463.93,0,41.43,3.76,199.0539368,7.557,2012,10,October,Q4,41,2012-10,Non-Holiday,0.50346393
7,2012-10-19,516424.83,0,43.01,3.75,199.1481963,7.557,2012,10,October,Q4,42,2012-10,Non-Holiday,0.5164248300000001
7,2012-10-26,495543.28,0,42.53,3.686,199.2195317,7.557,2012,10,October,Q4,43,2012-10,Non-Holiday,0.49554328000000003
8,2010-02-05,1004137.09,0,34.14,2.572,214.4714512,6.299,2010,2,February,Q1,5,2010-02,Non-Holiday,1.00413709
8,2010-02-12,994801.4,1,33.34,2.548,214.6214189,6.299,2010,2,February,Q1,6,2010-02,Holiday,0.9948014000000001
8,2010-02-19,963960.37,0,39.1,2.514,214.6664878,6.299,2010,2,February,Q1,7,2010-02,Non-Holiday,0.96396037
8,2010-02-26,847592.11,0,37.91,2.561,214.6940735,6.299,2010,2,February,Q1,8,2010-02,Non-Holiday,0.84759211
8,2010-03-05,881503.95,0,45.64,2.625,214.7216592,6.299,2010,3,March,Q1,9,2010-03,Non-Holiday,0.8815039499999999
8,2010-03-12,860336.16,0,49.76,2.667,214.7492449,6.299,2010,3,March,Q1,10,2010-03,Non-Holiday,0.86033616
8,2010-03-19,839911.0,0,47.26,2.72,214.5764954,6.299,2010,3,March,Q1,11,2010-03,Non-Holiday,0.839911
8,2010-03-26,772539.12,0,46.51,2.732,214.3703567,6.299,2010,3,March,Q1,12,2010-03,Non-Holiday,0.77253912
8,2010-04-02,914500.91,0,60.18,2.719,214.164218,6.29,2010,4,April,Q2,13,2010-04,Non-Holiday,0.91450091
8,2010-04-09,916033.92,0,59.25,2.77,213.9580793,6.29,2010,4,April,Q2,14,2010-04,Non-Holiday,0.9160339200000001
8,2010-04-16,882917.12,0,62.66,2.808,213.8186357,6.29,2010,4,April,Q2,15,2010-04,Non-Holiday,0.88291712
8,2010-04-23,850440.26,0,56.1,2.795,213.768119,6.29,2010,4,April,Q2,16,2010-04,Non-Holiday,0.8504402600000001
8,2010-04-30,778672.64,0,61.01,2.78,213.7176024,6.29,2010,4,April,Q2,17,2010-04,Non-Holiday,0.77867264
8,2010-05-07,916820.96,0,62.68,2.835,213.6670857,6.29,2010,5,May,Q2,18,2010-05,Non-Holiday,0.91682096
8,2010-05-14,873337.84,0,61.35,2.854,213.6655355,6.29,2010,5,May,Q2,19,2010-05,Non-Holiday,0.8733378399999999
8,2010-05-21,818333.21,0,66.03,2.826,213.9577839,6.29,2010,5,May,Q2,20,2010-05,Non-Holiday,0.8183332099999999
8,2010-05-28,868041.56,0,74.71,2.759,214.2500323,6.29,2010,5,May,Q2,21,2010-05,Non-Holiday,0.8680415600000001
8,2010-06-04,958225.41,0,75.71,2.705,214.5422806,6.29,2010,6,June,Q2,22,2010-06,Non-Holiday,0.95822541
8,2010-06-11,914835.86,0,82.21,2.668,214.834529,6.29,2010,6,June,Q2,23,2010-06,Non-Holiday,0.91483586
8,2010-06-18,869922.56,0,78.79,2.637,214.8324452,6.29,2010,6,June,Q2,24,2010-06,Non-Holiday,0.86992256
8,2010-06-25,814919.11,0,81.78,2.653,214.7126286,6.29,2010,6,June,Q2,25,2010-06,Non-Holiday,0.81491911
8,2010-07-02,852333.75,0,74.78,2.669,214.5928119,6.315,2010,7,July,Q3,26,2010-07,Non-Holiday,0.85233375
8,2010-07-09,845289.77,0,72.49,2.642,214.4729952,6.315,2010,7,July,Q3,27,2010-07,Non-Holiday,0.84528977
8,2010-07-16,848630.57,0,77.49,2.623,214.4640599,6.315,2010,7,July,Q3,28,2010-07,Non-Holiday,0.84863057
8,2010-07-23,785515.88,0,78.29,2.608,214.6029664,6.315,2010,7,July,Q3,29,2010-07,Non-Holiday,0.78551588
8,2010-07-30,787295.09,0,76.02,2.64,214.7418728,6.315,2010,7,July,Q3,30,2010-07,Non-Holiday,0.78729509
8,2010-08-06,893399.77,0,80.37,2.627,214.8807793,6.315,2010,8,August,Q3,31,2010-08,Non-Holiday,0.89339977
8,2010-08-13,867919.21,0,80.11,2.692,215.0196857,6.315,2010,8,August,Q3,32,2010-08,Non-Holiday,0.8679192099999999
8,2010-08-20,870676.44,0,79.36,2.664,214.9779825,6.315,2010,8,August,Q3,33,2010-08,Non-Holiday,0.87067644
8,2010-08-27,888816.78,0,74.92,2.619,214.9362793,6.315,2010,8,August,Q3,34,2010-08,Non-Holiday,0.88881678
8,2010-09-03,899036.47,0,76.14,2.577,214.894576,6.315,2010,9,September,Q3,35,2010-09,Non-Holiday,0.89903647
8,2010-09-10,831425.2,1,74.34,2.565,214.8528728,6.315,2010,9,September,Q3,36,2010-09,Holiday,0.8314252
8,2010-09-17,836707.85,0,75.32,2.582,214.8785562,6.315,2010,9,September,Q3,37,2010-09,Non-Holiday,0.83670785
8,2010-09-24,773725.08,0,72.21,2.624,214.9547795,6.315,2010,9,September,Q3,38,2010-09,Non-Holiday,0.77372508
8,2010-10-01,804105.49,0,68.7,2.603,215.0310029,6.433,2010,10,October,Q4,39,2010-10,Non-Holiday,0.80410549
8,2010-10-08,870349.86,0,62.94,2.633,215.1072262,6.433,2010,10,October,Q4,40,2010-10,Non-Holiday,0.87034986
8,2010-10-15,826546.96,0,62.59,2.72,215.1757,6.433,2010,10,October,Q4,41,2010-10,Non-Holiday,0.8265469599999999
8,2010-10-22,836419.14,0,62.86,2.725,215.2248,6.433,2010,10,October,Q4,42,2010-10,Non-Holiday,0.8364191400000001
8,2010-10-29,830756.76,0,57.93,2.716,215.2739,6.433,2010,10,October,Q4,43,2010-10,Non-Holiday,0.83075676
8,2010-11-05,927266.34,0,55.76,2.689,215.323,6.433,2010,11,November,Q4,44,2010-11,Non-Holiday,0.92726634
8,2010-11-12,911538.98,0,54.89,2.728,215.3721,6.433,2010,11,November,Q4,45,2010-11,Non-Holiday,0.91153898
8,2010-11-19,885608.04,0,43.86,2.771,215.2538714,6.433,2010,11,November,Q4,46,2010-11,Non-Holiday,0.88560804
8,2010-11-26,1261693.16,1,51.07,2.735,215.1077548,6.433,2010,11,November,Q4,47,2010-11,Holiday,1.2616931599999999
8,2010-12-03,952766.93,0,42.85,2.708,214.9616381,6.433,2010,12,December,Q4,48,2010-12,Non-Holiday,0.95276693
8,2010-12-10,1069061.63,0,42.47,2.843,214.8155214,6.433,2010,12,December,Q4,49,2010-12,Non-Holiday,1.06906163
8,2010-12-17,1220579.55,0,45.03,2.869,214.7510843,6.433,2010,12,December,Q4,50,2010-12,Non-Holiday,1.22057955
8,2010-12-24,1511641.09,0,45.67,2.886,214.7479069,6.433,2010,12,December,Q4,51,2010-12,Non-Holiday,1.5116410900000001
8,2010-12-31,773586.49,1,41.47,2.943,214.7447295,6.433,2010,12,December,Q4,52,2010-12,Holiday,0.77358649
8,2011-01-07,873065.23,0,35.77,2.976,214.7415521,6.262,2011,1,January,Q1,1,2011-01,Non-Holiday,0.87306523
8,2011-01-14,809646.66,0,31.62,2.983,214.7930991,6.262,2011,1,January,Q1,2,2011-01,Non-Holiday,0.8096466600000001
8,2011-01-21,822668.23,0,42.06,3.016,215.1729926,6.262,2011,1,January,Q1,3,2011-01,Non-Holiday,0.82266823
8,2011-01-28,782256.66,0,39.26,3.01,215.5528862,6.262,2011,1,January,Q1,4,2011-01,Non-Holiday,0.78225666
8,2011-02-04,944594.78,0,24.48,2.989,215.9327797,6.262,2011,2,February,Q1,5,2011-02,Non-Holiday,0.9445947800000001
8,2011-02-11,996147.39,1,28.26,3.022,216.3126733,6.262,2011,2,February,Q1,6,2011-02,Holiday,0.99614739
8,2011-02-18,1065108.64,0,50.64,3.045,216.6310383,6.262,2011,2,February,Q1,7,2011-02,Non-Holiday,1.0651086399999998
8,2011-02-25,917317.15,0,51.29,3.065,216.9247918,6.262,2011,2,February,Q1,8,2011-02,Non-Holiday,0.91731715
8,2011-03-04,935266.43,0,53.18,3.288,217.2185454,6.262,2011,3,March,Q1,9,2011-03,Non-Holiday,0.9352664300000001
8,2011-03-11,900387.29,0,49.14,3.459,217.512299,6.262,2011,3,March,Q1,10,2011-03,Non-Holiday,0.9003872900000001
8,2011-03-18,898289.14,0,56.68,3.488,217.7705442,6.262,2011,3,March,Q1,11,2011-03,Non-Holiday,0.89828914
8,2011-03-25,827968.36,0,59.74,3.473,218.0145862,6.262,2011,3,March,Q1,12,2011-03,Non-Holiday,0.82796836
8,2011-04-01,878762.3,0,49.86,3.524,218.2586281,6.297,2011,4,April,Q2,13,2011-04,Non-Holiday,0.8787623
8,2011-04-08,949825.83,0,65.62,3.622,218.50267,6.297,2011,4,April,Q2,14,2011-04,Non-Holiday,0.94982583
8,2011-04-15,908278.74,0,63.55,3.743,218.7262524,6.297,2011,4,April,Q2,15,2011-04,Non-Holiday,0.90827874
8,2011-04-22,937473.13,0,65.11,3.807,218.8986857,6.297,2011,4,April,Q2,16,2011-04,Non-Holiday,0.93747313
8,2011-04-29,855014.77,0,62.29,3.81,219.071119,6.297,2011,4,April,Q2,17,2011-04,Non-Holiday,0.85501477
8,2011-05-06,941457.34,0,58.92,3.906,219.2435524,6.297,2011,5,May,Q2,18,2011-05,Non-Holiday,0.9414573399999999
8,2011-05-13,895763.41,0,72.96,3.899,219.4159857,6.297,2011,5,May,Q2,19,2011-05,Non-Holiday,0.89576341
8,2011-05-20,836049.89,0,65.54,3.907,219.1746922,6.297,2011,5,May,Q2,20,2011-05,Non-Holiday,0.83604989
8,2011-05-27,857939.41,0,73.14,3.786,218.9333986,6.297,2011,5,May,Q2,21,2011-05,Non-Holiday,0.8579394100000001
8,2011-06-03,929222.16,0,82.05,3.699,218.6921051,6.297,2011,6,June,Q2,22,2011-06,Non-Holiday,0.92922216
8,2011-06-10,897309.41,0,82.21,3.648,218.4508115,6.297,2011,6,June,Q2,23,2011-06,Non-Holiday,0.8973094100000001
8,2011-06-17,922048.41,0,84.73,3.637,218.4021448,6.297,2011,6,June,Q2,24,2011-06,Non-Holiday,0.92204841
8,2011-06-24,864881.24,0,83.94,3.594,218.4979481,6.297,2011,6,June,Q2,25,2011-06,Non-Holiday,0.86488124
8,2011-07-01,883683.35,0,87.26,3.524,218.5937514,6.425,2011,7,July,Q3,26,2011-07,Non-Holiday,0.88368335
8,2011-07-08,861965.12,0,83.57,3.48,218.6895548,6.425,2011,7,July,Q3,27,2011-07,Non-Holiday,0.86196512
8,2011-07-15,849925.37,0,84.26,3.575,218.7746217,6.425,2011,7,July,Q3,28,2011-07,Non-Holiday,0.84992537
8,2011-07-22,829902.42,0,85.46,3.651,218.8328475,6.425,2011,7,July,Q3,29,2011-07,Non-Holiday,0.82990242
8,2011-07-29,807082.19,0,86.46,3.682,218.8910733,6.425,2011,7,July,Q3,30,2011-07,Non-Holiday,0.8070821899999999
8,2011-08-05,892393.77,0,85.15,3.684,218.9492991,6.425,2011,8,August,Q3,31,2011-08,Non-Holiday,0.89239377
8,2011-08-12,856796.1,0,86.05,3.638,219.0075249,6.425,2011,8,August,Q3,32,2011-08,Non-Holiday,0.8567961
8,2011-08-19,895066.5,0,82.92,3.554,219.0701968,6.425,2011,8,August,Q3,33,2011-08,Non-Holiday,0.8950665
8,2011-08-26,912542.82,0,84.69,3.523,219.1336097,6.425,2011,8,August,Q3,34,2011-08,Non-Holiday,0.91254282
8,2011-09-02,891387.14,0,84.77,3.533,219.1970226,6.425,2011,9,September,Q3,35,2011-09,Non-Holiday,0.89138714
8,2011-09-09,848358.09,1,69.01,3.546,219.2604355,6.425,2011,9,September,Q3,36,2011-09,Holiday,0.84835809
8,2011-09-16,870971.82,0,69.09,3.526,219.4442443,6.425,2011,9,September,Q3,37,2011-09,Non-Holiday,0.87097182
8,2011-09-23,806444.29,0,68.72,3.467,219.788581,6.425,2011,9,September,Q3,38,2011-09,Non-Holiday,0.8064442900000001
8,2011-09-30,809049.37,0,72.2,3.355,220.1329176,6.425,2011,9,September,Q3,39,2011-09,Non-Holiday,0.80904937
8,2011-10-07,929976.55,0,67.61,3.285,220.4772543,6.123,2011,10,October,Q4,40,2011-10,Non-Holiday,0.92997655
8,2011-10-14,863188.26,0,61.74,3.274,220.7960935,6.123,2011,10,October,Q4,41,2011-10,Non-Holiday,0.86318826
8,2011-10-21,905984.49,0,59.97,3.353,220.9619484,6.123,2011,10,October,Q4,42,2011-10,Non-Holiday,0.90598449
8,2011-10-28,876712.31,0,56.86,3.372,221.1278032,6.123,2011,10,October,Q4,43,2011-10,Non-Holiday,0.87671231
8,2011-11-04,947815.05,0,49.68,3.332,221.2936581,6.123,2011,11,November,Q4,44,2011-11,Non-Holiday,0.94781505
8,2011-11-11,917088.48,0,50.56,3.297,221.4595129,6.123,2011,11,November,Q4,45,2011-11,Non-Holiday,0.91708848
8,2011-11-18,897032.19,0,51.72,3.308,221.6911738,6.123,2011,11,November,Q4,46,2011-11,Non-Holiday,0.8970321899999999
8,2011-11-25,1235163.86,1,49.61,3.236,221.9491571,6.123,2011,11,November,Q4,47,2011-11,Holiday,1.2351638600000001
8,2011-12-02,986601.46,0,40.82,3.172,222.2071405,6.123,2011,12,December,Q4,48,2011-12,Non-Holiday,0.9866014599999999
8,2011-12-09,1051922.95,0,30.51,3.158,222.4651238,6.123,2011,12,December,Q4,49,2011-12,Non-Holiday,1.05192295
8,2011-12-16,1118163.94,0,39.79,3.159,222.6910959,6.123,2011,12,December,Q4,50,2011-12,Non-Holiday,1.1181639399999999
8,2011-12-23,1462254.05,0,38.16,3.112,222.8743862,6.123,2011,12,December,Q4,51,2011-12,Non-Holiday,1.46225405
8,2011-12-30,858572.22,1,36.33,3.129,223.0576765,6.123,2011,12,December,Q4,52,2011-12,Holiday,0.85857222
8,2012-01-06,872113.23,0,43.47,3.157,223.2409668,5.825,2012,1,January,Q1,1,2012-01,Non-Holiday,0.87211323
8,2012-01-13,817661.76,0,36.46,3.261,223.4242571,5.825,2012,1,January,Q1,2,2012-01,Non-Holiday,0.81766176
8,2012-01-20,813954.82,0,46.81,3.268,223.5188055,5.825,2012,1,January,Q1,3,2012-01,Non-Holiday,0.81395482
8,2012-01-27,778178.53,0,45.52,3.29,223.6133539,5.825,2012,1,January,Q1,4,2012-01,Non-Holiday,0.77817853
8,2012-02-03,927610.69,0,45.56,3.36,223.7079023,5.825,2012,2,February,Q1,5,2012-02,Non-Holiday,0.92761069
8,2012-02-10,1021400.42,1,35.71,3.409,223.8024507,5.825,2012,2,February,Q1,6,2012-02,Holiday,1.02140042
8,2012-02-17,1096232.89,0,37.51,3.51,223.9658621,5.825,2012,2,February,Q1,7,2012-02,Non-Holiday,1.0962328899999998
8,2012-02-24,928537.54,0,46.33,3.555,224.1809207,5.825,2012,2,February,Q1,8,2012-02,Non-Holiday,0.92853754
8,2012-03-02,952264.91,0,50.95,3.63,224.3959793,5.825,2012,3,March,Q1,9,2012-03,Non-Holiday,0.95226491
8,2012-03-09,960115.56,0,49.59,3.669,224.6110379,5.825,2012,3,March,Q1,10,2012-03,Non-Holiday,0.9601155600000001
8,2012-03-16,921178.39,0,56.63,3.734,224.7657327,5.825,2012,3,March,Q1,11,2012-03,Non-Holiday,0.92117839
8,2012-03-23,874223.25,0,52.9,3.787,224.8399424,5.825,2012,3,March,Q1,12,2012-03,Non-Holiday,0.87422325
8,2012-03-30,905935.29,0,66.69,3.845,224.9141521,5.825,2012,3,March,Q1,13,2012-03,Non-Holiday,0.9059352900000001
8,2012-04-06,1046816.59,0,62.18,3.891,224.9883618,5.679,2012,4,April,Q2,14,2012-04,Non-Holiday,1.04681659
8,2012-04-13,909989.45,0,65.19,3.891,225.0625714,5.679,2012,4,April,Q2,15,2012-04,Non-Holiday,0.90998945
8,2012-04-20,872288.46,0,63.59,3.877,225.1179914,5.679,2012,4,April,Q2,16,2012-04,Non-Holiday,0.8722884599999999
8,2012-04-27,879448.25,0,70.34,3.814,225.1734114,5.679,2012,4,April,Q2,17,2012-04,Non-Holiday,0.87944825
8,2012-05-04,937232.09,0,73.96,3.749,225.2288314,5.679,2012,5,May,Q2,18,2012-05,Non-Holiday,0.93723209
8,2012-05-11,920128.89,0,64.96,3.688,225.2842514,5.679,2012,5,May,Q2,19,2012-05,Non-Holiday,0.92012889
8,2012-05-18,913922.01,0,64.16,3.63,225.3002908,5.679,2012,5,May,Q2,20,2012-05,Non-Holiday,0.9139220100000001
8,2012-05-25,895157.44,0,76.11,3.561,225.3005779,5.679,2012,5,May,Q2,21,2012-05,Non-Holiday,0.89515744
8,2012-06-01,921161.2,0,78.31,3.501,225.300865,5.679,2012,6,June,Q2,22,2012-06,Non-Holiday,0.9211611999999999
8,2012-06-08,928820.0,0,74.28,3.452,225.3011521,5.679,2012,6,June,Q2,23,2012-06,Non-Holiday,0.92882
8,2012-06-15,916918.7,0,77.14,3.393,225.3134743,5.679,2012,6,June,Q2,24,2012-06,Non-Holiday,0.9169187
8,2012-06-22,899449.65,0,78.85,3.346,225.3558843,5.679,2012,6,June,Q2,25,2012-06,Non-Holiday,0.89944965
8,2012-06-29,878298.22,0,84.47,3.286,225.3982943,5.679,2012,6,June,Q2,26,2012-06,Non-Holiday,0.87829822
8,2012-07-06,936205.5,0,81.24,3.227,225.4407043,5.401,2012,7,July,Q3,27,2012-07,Non-Holiday,0.9362055
8,2012-07-13,890488.01,0,78.46,3.256,225.4831143,5.401,2012,7,July,Q3,28,2012-07,Non-Holiday,0.89048801
8,2012-07-20,888834.07,0,79.94,3.311,225.4930078,5.401,2012,7,July,Q3,29,2012-07,Non-Holiday,0.8888340699999999
8,2012-07-27,838227.52,0,81.71,3.407,225.5029014,5.401,2012,7,July,Q3,30,2012-07,Non-Holiday,0.83822752
8,2012-08-03,897076.73,0,85.06,3.417,225.5127949,5.401,2012,8,August,Q3,31,2012-08,Non-Holiday,0.89707673
8,2012-08-10,930745.69,0,83.74,3.494,225.5226885,5.401,2012,8,August,Q3,32,2012-08,Non-Holiday,0.93074569
8,2012-08-17,896613.19,0,81.21,3.571,225.6050797,5.401,2012,8,August,Q3,33,2012-08,Non-Holiday,0.89661319
8,2012-08-24,936373.65,0,73.77,3.62,225.7418442,5.401,2012,8,August,Q3,34,2012-08,Non-Holiday,0.9363736500000001
8,2012-08-31,976137.73,0,75.33,3.638,225.8786088,5.401,2012,8,August,Q3,35,2012-08,Non-Holiday,0.97613773
8,2012-09-07,932160.37,1,80.87,3.73,226.0153733,5.401,2012,9,September,Q3,36,2012-09,Holiday,0.93216037
8,2012-09-14,883569.38,0,67.21,3.717,226.1615981,5.401,2012,9,September,Q3,37,2012-09,Non-Holiday,0.88356938
8,2012-09-21,857796.45,0,66.96,3.721,226.3645848,5.401,2012,9,September,Q3,38,2012-09,Non-Holiday,0.8577964499999999
8,2012-09-28,884724.41,0,71.1,3.666,226.5675714,5.401,2012,9,September,Q3,39,2012-09,Non-Holiday,0.88472441
8,2012-10-05,976436.02,0,61.41,3.617,226.7705581,5.124,2012,10,October,Q4,40,2012-10,Non-Holiday,0.9764360200000001
8,2012-10-12,927511.99,0,55.03,3.601,226.9735448,5.124,2012,10,October,Q4,41,2012-10,Non-Holiday,0.92751199
8,2012-10-19,900309.75,0,62.99,3.594,227.0184166,5.124,2012,10,October,Q4,42,2012-10,Non-Holiday,0.90030975
8,2012-10-26,891671.44,0,64.74,3.506,227.0369359,5.124,2012,10,October,Q4,43,2012-10,Non-Holiday,0.89167144
9,2010-02-05,549505.55,0,38.01,2.572,214.6554591,6.415,2010,2,February,Q1,5,2010-02,Non-Holiday,0.54950555
9,2010-02-12,552677.48,1,37.08,2.548,214.8056534,6.415,2010,2,February,Q1,6,2010-02,Holiday,0.5526774799999999
9,2010-02-19,511327.9,0,43.06,2.514,214.8506185,6.415,2010,2,February,Q1,7,2010-02,Non-Holiday,0.5113279000000001
9,2010-02-26,473773.27,0,43.83,2.561,214.8780453,6.415,2010,2,February,Q1,8,2010-02,Non-Holiday,0.47377327
9,2010-03-05,507297.88,0,48.43,2.625,214.9054721,6.415,2010,3,March,Q1,9,2010-03,Non-Holiday,0.50729788
9,2010-03-12,494145.8,0,55.76,2.667,214.932899,6.415,2010,3,March,Q1,10,2010-03,Non-Holiday,0.49414579999999997
9,2010-03-19,485744.61,0,53.15,2.72,214.7597274,6.415,2010,3,March,Q1,11,2010-03,Non-Holiday,0.48574460999999997
9,2010-03-26,484946.56,0,51.8,2.732,214.5531227,6.415,2010,3,March,Q1,12,2010-03,Non-Holiday,0.48494655999999997
9,2010-04-02,545206.32,0,65.21,2.719,214.3465181,6.384,2010,4,April,Q2,13,2010-04,Non-Holiday,0.5452063199999999
9,2010-04-09,529384.31,0,64.95,2.77,214.1399135,6.384,2010,4,April,Q2,14,2010-04,Non-Holiday,0.5293843100000001
9,2010-04-16,485764.32,0,66.09,2.808,214.0001817,6.384,2010,4,April,Q2,15,2010-04,Non-Holiday,0.48576432
9,2010-04-23,488683.57,0,61.26,2.795,213.9496138,6.384,2010,4,April,Q2,16,2010-04,Non-Holiday,0.48868357
9,2010-04-30,491723.42,0,66.07,2.78,213.8990459,6.384,2010,4,April,Q2,17,2010-04,Non-Holiday,0.49172341999999997
9,2010-05-07,526128.61,0,68.58,2.835,213.848478,6.384,2010,5,May,Q2,18,2010-05,Non-Holiday,0.52612861
9,2010-05-14,492792.8,0,70.53,2.854,213.8469819,6.384,2010,5,May,Q2,19,2010-05,Non-Holiday,0.4927928
9,2010-05-21,506274.94,0,71.5,2.826,214.1399162,6.384,2010,5,May,Q2,20,2010-05,Non-Holiday,0.50627494
9,2010-05-28,558143.53,0,77.12,2.759,214.4328505,6.384,2010,5,May,Q2,21,2010-05,Non-Holiday,0.55814353
9,2010-06-04,586061.46,0,79.65,2.705,214.7257848,6.384,2010,6,June,Q2,22,2010-06,Non-Holiday,0.5860614599999999
9,2010-06-11,522715.68,0,83.75,2.668,215.0187191,6.384,2010,6,June,Q2,23,2010-06,Non-Holiday,0.52271568
9,2010-06-18,513073.87,0,82.99,2.637,215.0166484,6.384,2010,6,June,Q2,24,2010-06,Non-Holiday,0.51307387
9,2010-06-25,509263.28,0,85.02,2.653,214.8965756,6.384,2010,6,June,Q2,25,2010-06,Non-Holiday,0.50926328
9,2010-07-02,528832.54,0,78.55,2.669,214.7765028,6.442,2010,7,July,Q3,26,2010-07,Non-Holiday,0.52883254
9,2010-07-09,485389.15,0,78.51,2.642,214.6564301,6.442,2010,7,July,Q3,27,2010-07,Non-Holiday,0.48538915000000005
9,2010-07-16,474030.51,0,82.93,2.623,214.6474453,6.442,2010,7,July,Q3,28,2010-07,Non-Holiday,0.47403051
9,2010-07-23,462676.5,0,84.49,2.608,214.7865779,6.442,2010,7,July,Q3,29,2010-07,Non-Holiday,0.4626765
9,2010-07-30,468675.19,0,79.83,2.64,214.9257105,6.442,2010,7,July,Q3,30,2010-07,Non-Holiday,0.46867519
9,2010-08-06,522815.45,0,87.09,2.627,215.064843,6.442,2010,8,August,Q3,31,2010-08,Non-Holiday,0.52281545
9,2010-08-13,481897.98,0,86.85,2.692,215.2039756,6.442,2010,8,August,Q3,32,2010-08,Non-Holiday,0.48189798
9,2010-08-20,499325.38,0,86.3,2.664,215.1619646,6.442,2010,8,August,Q3,33,2010-08,Non-Holiday,0.49932538
9,2010-08-27,506789.66,0,84.01,2.619,215.1199536,6.442,2010,8,August,Q3,34,2010-08,Non-Holiday,0.5067896599999999
9,2010-09-03,511049.06,0,82.47,2.577,215.0779426,6.442,2010,9,September,Q3,35,2010-09,Non-Holiday,0.5110490599999999
9,2010-09-10,484835.2,1,77.7,2.565,215.0359315,6.442,2010,9,September,Q3,36,2010-09,Holiday,0.4848352
9,2010-09-17,463448.59,0,81.19,2.582,215.0615285,6.442,2010,9,September,Q3,37,2010-09,Non-Holiday,0.46344859000000005
9,2010-09-24,452905.22,0,77.15,2.624,215.1378313,6.442,2010,9,September,Q3,38,2010-09,Non-Holiday,0.45290522
9,2010-10-01,495692.19,0,69.08,2.603,215.2141341,6.56,2010,10,October,Q4,39,2010-10,Non-Holiday,0.49569219
9,2010-10-08,505069.21,0,65.35,2.633,215.290437,6.56,2010,10,October,Q4,40,2010-10,Non-Holiday,0.50506921
9,2010-10-15,454769.68,0,67.36,2.72,215.3589917,6.56,2010,10,October,Q4,41,2010-10,Non-Holiday,0.45476968
9,2010-10-22,466322.76,0,69.99,2.725,215.4081762,6.56,2010,10,October,Q4,42,2010-10,Non-Holiday,0.46632276
9,2010-10-29,508801.61,0,64.43,2.716,215.4573607,6.56,2010,10,October,Q4,43,2010-10,Non-Holiday,0.50880161
9,2010-11-05,517869.97,0,58.69,2.689,215.5065452,6.56,2010,11,November,Q4,44,2010-11,Non-Holiday,0.51786997
9,2010-11-12,520846.68,0,61.59,2.728,215.5557297,6.56,2010,11,November,Q4,45,2010-11,Non-Holiday,0.52084668
9,2010-11-19,519823.3,0,49.96,2.771,215.4372854,6.56,2010,11,November,Q4,46,2010-11,Non-Holiday,0.5198233
9,2010-11-26,768070.53,1,60.18,2.735,215.2909028,6.56,2010,11,November,Q4,47,2010-11,Holiday,0.76807053
9,2010-12-03,578164.82,0,49.89,2.708,215.1445203,6.56,2010,12,December,Q4,48,2010-12,Non-Holiday,0.5781648199999999
9,2010-12-10,618121.82,0,46.1,2.843,214.9981378,6.56,2010,12,December,Q4,49,2010-12,Non-Holiday,0.6181218199999999
9,2010-12-17,685243.2,0,49.7,2.869,214.9334937,6.56,2010,12,December,Q4,50,2010-12,Non-Holiday,0.6852431999999999
9,2010-12-24,873347.55,0,50.93,2.886,214.9301534,6.56,2010,12,December,Q4,51,2010-12,Non-Holiday,0.8733475500000001
9,2010-12-31,459770.85,1,45.92,2.943,214.9268131,6.56,2010,12,December,Q4,52,2010-12,Holiday,0.45977084999999995
9,2011-01-07,490981.78,0,41.82,2.976,214.9234729,6.416,2011,1,January,Q1,1,2011-01,Non-Holiday,0.49098178000000003
9,2011-01-14,458086.69,0,36.43,2.983,214.9749587,6.416,2011,1,January,Q1,2,2011-01,Non-Holiday,0.45808669
9,2011-01-21,454021.69,0,44.72,3.016,215.3554013,6.416,2011,1,January,Q1,3,2011-01,Non-Holiday,0.45402169
9,2011-01-28,463561.48,0,43.9,3.01,215.7358438,6.416,2011,1,January,Q1,4,2011-01,Non-Holiday,0.46356147999999997
9,2011-02-04,544612.28,0,31.82,2.989,216.1162864,6.416,2011,2,February,Q1,5,2011-02,Non-Holiday,0.5446122800000001
9,2011-02-11,555279.02,1,34.13,3.022,216.496729,6.416,2011,2,February,Q1,6,2011-02,Holiday,0.5552790200000001
9,2011-02-18,610985.56,0,58.5,3.045,216.8154856,6.416,2011,2,February,Q1,7,2011-02,Non-Holiday,0.61098556
9,2011-02-25,513107.2,0,59.01,3.065,217.1095679,6.416,2011,2,February,Q1,8,2011-02,Non-Holiday,0.5131072
9,2011-03-04,542016.18,0,60.67,3.288,217.4036503,6.416,2011,3,March,Q1,9,2011-03,Non-Holiday,0.5420161800000001
9,2011-03-11,517783.5,0,54.75,3.459,217.6977326,6.416,2011,3,March,Q1,10,2011-03,Non-Holiday,0.5177835
9,2011-03-18,515226.11,0,63.82,3.488,217.9563371,6.416,2011,3,March,Q1,11,2011-03,Non-Holiday,0.51522611
9,2011-03-25,497488.4,0,68.79,3.473,218.2007506,6.416,2011,3,March,Q1,12,2011-03,Non-Holiday,0.4974884
9,2011-04-01,520962.14,0,56.12,3.524,218.445164,6.38,2011,4,April,Q2,13,2011-04,Non-Holiday,0.52096214
9,2011-04-08,561625.92,0,71.4,3.622,218.6895775,6.38,2011,4,April,Q2,14,2011-04,Non-Holiday,0.56162592
9,2011-04-15,528420.28,0,71.9,3.743,218.9134935,6.38,2011,4,April,Q2,15,2011-04,Non-Holiday,0.5284202800000001
9,2011-04-22,549502.11,0,72.35,3.807,219.0861659,6.38,2011,4,April,Q2,16,2011-04,Non-Holiday,0.5495021099999999
9,2011-04-29,532226.2,0,70.85,3.81,219.2588382,6.38,2011,4,April,Q2,17,2011-04,Non-Holiday,0.5322262
9,2011-05-06,545251.1,0,62.2,3.906,219.4315106,6.38,2011,5,May,Q2,18,2011-05,Non-Holiday,0.5452511
9,2011-05-13,539126.0,0,77.66,3.899,219.6041829,6.38,2011,5,May,Q2,19,2011-05,Non-Holiday,0.539126
9,2011-05-20,518266.9,0,70.49,3.907,219.3622809,6.38,2011,5,May,Q2,20,2011-05,Non-Holiday,0.5182669
9,2011-05-27,553834.04,0,80.42,3.786,219.1203788,6.38,2011,5,May,Q2,21,2011-05,Non-Holiday,0.55383404
9,2011-06-03,587004.29,0,85.8,3.699,218.8784768,6.38,2011,6,June,Q2,22,2011-06,Non-Holiday,0.58700429
9,2011-06-10,550076.32,0,85.81,3.648,218.6365747,6.38,2011,6,June,Q2,23,2011-06,Non-Holiday,0.55007632
9,2011-06-17,558671.14,0,89.15,3.637,218.5877333,6.38,2011,6,June,Q2,24,2011-06,Non-Holiday,0.5586711400000001
9,2011-06-24,538745.93,0,86.74,3.594,218.6836874,6.38,2011,6,June,Q2,25,2011-06,Non-Holiday,0.53874593
9,2011-07-01,537064.03,0,89.14,3.524,218.7796415,6.404,2011,7,July,Q3,26,2011-07,Non-Holiday,0.53706403
9,2011-07-08,535983.13,0,89.04,3.48,218.8755955,6.404,2011,7,July,Q3,27,2011-07,Non-Holiday,0.53598313
9,2011-07-15,512834.04,0,90.45,3.575,218.9607242,6.404,2011,7,July,Q3,28,2011-07,Non-Holiday,0.51283404
9,2011-07-22,491449.94,0,89.08,3.651,219.0187895,6.404,2011,7,July,Q3,29,2011-07,Non-Holiday,0.49144994000000003
9,2011-07-29,471449.98,0,91.1,3.682,219.0768548,6.404,2011,7,July,Q3,30,2011-07,Non-Holiday,0.47144998
9,2011-08-05,554879.67,0,91.52,3.684,219.1349201,6.404,2011,8,August,Q3,31,2011-08,Non-Holiday,0.55487967
9,2011-08-12,520284.79,0,91.63,3.638,219.1929854,6.404,2011,8,August,Q3,32,2011-08,Non-Holiday,0.5202847899999999
9,2011-08-19,540819.44,0,85.8,3.554,219.2556109,6.404,2011,8,August,Q3,33,2011-08,Non-Holiday,0.5408194399999999
9,2011-08-26,542663.53,0,88.95,3.523,219.3189965,6.404,2011,8,August,Q3,34,2011-08,Non-Holiday,0.54266353
9,2011-09-02,544643.33,0,89.33,3.533,219.382382,6.404,2011,9,September,Q3,35,2011-09,Non-Holiday,0.54464333
9,2011-09-09,528784.86,1,75.65,3.546,219.4457675,6.404,2011,9,September,Q3,36,2011-09,Holiday,0.52878486
9,2011-09-16,500274.03,0,77.95,3.526,219.6297841,6.404,2011,9,September,Q3,37,2011-09,Non-Holiday,0.50027403
9,2011-09-23,506743.78,0,74.42,3.467,219.9746423,6.404,2011,9,September,Q3,38,2011-09,Non-Holiday,0.50674378
9,2011-09-30,508567.04,0,78.45,3.355,220.3195004,6.404,2011,9,September,Q3,39,2011-09,Non-Holiday,0.50856704
9,2011-10-07,553836.98,0,72.62,3.285,220.6643585,6.054,2011,10,October,Q4,40,2011-10,Non-Holiday,0.55383698
9,2011-10-14,529515.66,0,67.27,3.274,220.9836849,6.054,2011,10,October,Q4,41,2011-10,Non-Holiday,0.52951566
9,2011-10-21,557075.21,0,65.46,3.353,221.1498206,6.054,2011,10,October,Q4,42,2011-10,Non-Holiday,0.5570752099999999
9,2011-10-28,548527.49,0,63.96,3.372,221.3159563,6.054,2011,10,October,Q4,43,2011-10,Non-Holiday,0.54852749
9,2011-11-04,597855.07,0,54.46,3.332,221.4820921,6.054,2011,11,November,Q4,44,2011-11,Non-Holiday,0.5978550699999999
9,2011-11-11,594574.12,0,58.28,3.297,221.6482278,6.054,2011,11,November,Q4,45,2011-11,Non-Holiday,0.59457412
9,2011-11-18,542414.27,0,58.8,3.308,221.8803923,6.054,2011,11,November,Q4,46,2011-11,Non-Holiday,0.54241427
9,2011-11-25,814753.5,1,54.32,3.236,222.1389683,6.054,2011,11,November,Q4,47,2011-11,Holiday,0.8147535
9,2011-12-02,613115.21,0,46.84,3.172,222.3975443,6.054,2011,12,December,Q4,48,2011-12,Non-Holiday,0.6131152099999999
9,2011-12-09,630327.28,0,37.65,3.158,222.6561203,6.054,2011,12,December,Q4,49,2011-12,Non-Holiday,0.63032728
9,2011-12-16,705557.97,0,47.31,3.159,222.8825484,6.054,2011,12,December,Q4,50,2011-12,Non-Holiday,0.70555797
9,2011-12-23,905324.68,0,44.43,3.112,223.0661125,6.054,2011,12,December,Q4,51,2011-12,Non-Holiday,0.9053246800000001
9,2011-12-30,549788.36,1,43.41,3.129,223.2496766,6.054,2011,12,December,Q4,52,2011-12,Holiday,0.54978836
9,2012-01-06,519585.67,0,47.54,3.157,223.4332408,5.667,2012,1,January,Q1,1,2012-01,Non-Holiday,0.51958567
9,2012-01-13,474964.6,0,42.44,3.261,223.6168049,5.667,2012,1,January,Q1,2,2012-01,Non-Holiday,0.47496459999999996
9,2012-01-20,480130.04,0,51.56,3.268,223.7114288,5.667,2012,1,January,Q1,3,2012-01,Non-Holiday,0.48013004
9,2012-01-27,482451.21,0,49.38,3.29,223.8060527,5.667,2012,1,January,Q1,4,2012-01,Non-Holiday,0.48245121
9,2012-02-03,549967.89,0,54.43,3.36,223.9006766,5.667,2012,2,February,Q1,5,2012-02,Non-Holiday,0.54996789
9,2012-02-10,609736.12,1,44.03,3.409,223.9953006,5.667,2012,2,February,Q1,6,2012-02,Holiday,0.60973612
9,2012-02-17,658965.05,0,43.81,3.51,224.1588663,5.667,2012,2,February,Q1,7,2012-02,Non-Holiday,0.65896505
9,2012-02-24,563578.79,0,53.67,3.555,224.3741384,5.667,2012,2,February,Q1,8,2012-02,Non-Holiday,0.56357879
9,2012-03-02,619498.28,0,57.2,3.63,224.5894104,5.667,2012,3,March,Q1,9,2012-03,Non-Holiday,0.6194982800000001
9,2012-03-09,574955.95,0,54.03,3.669,224.8046825,5.667,2012,3,March,Q1,10,2012-03,Non-Holiday,0.57495595
9,2012-03-16,550373.57,0,59.94,3.734,224.9594902,5.667,2012,3,March,Q1,11,2012-03,Non-Holiday,0.55037357
9,2012-03-23,550791.32,0,58.79,3.787,225.0336786,5.667,2012,3,March,Q1,12,2012-03,Non-Holiday,0.55079132
9,2012-03-30,574985.37,0,67.87,3.845,225.107867,5.667,2012,3,March,Q1,13,2012-03,Non-Holiday,0.5749853699999999
9,2012-04-06,677885.99,0,68.83,3.891,225.1820555,5.539,2012,4,April,Q2,14,2012-04,Non-Holiday,0.6778859899999999
9,2012-04-13,578539.86,0,69.19,3.891,225.2562439,5.539,2012,4,April,Q2,15,2012-04,Non-Holiday,0.57853986
9,2012-04-20,542819.03,0,68.04,3.877,225.3117488,5.539,2012,4,April,Q2,16,2012-04,Non-Holiday,0.54281903
9,2012-04-27,550414.99,0,73.07,3.814,225.3672537,5.539,2012,4,April,Q2,17,2012-04,Non-Holiday,0.5504149899999999
9,2012-05-04,586289.08,0,78.98,3.749,225.4227585,5.539,2012,5,May,Q2,18,2012-05,Non-Holiday,0.5862890799999999
9,2012-05-11,592572.3,0,70.94,3.688,225.4782634,5.539,2012,5,May,Q2,19,2012-05,Non-Holiday,0.5925723
9,2012-05-18,571463.93,0,69.52,3.63,225.4942498,5.539,2012,5,May,Q2,20,2012-05,Non-Holiday,0.5714639300000001
9,2012-05-25,547226.0,0,79.69,3.561,225.4944288,5.539,2012,5,May,Q2,21,2012-05,Non-Holiday,0.547226
9,2012-06-01,583648.59,0,80.26,3.501,225.4946078,5.539,2012,6,June,Q2,22,2012-06,Non-Holiday,0.58364859
9,2012-06-08,582525.42,0,78.91,3.452,225.4947868,5.539,2012,6,June,Q2,23,2012-06,Non-Holiday,0.5825254200000001
9,2012-06-15,564606.1,0,82.21,3.393,225.5070634,5.539,2012,6,June,Q2,24,2012-06,Non-Holiday,0.5646061
9,2012-06-22,562173.12,0,81.05,3.346,225.5495841,5.539,2012,6,June,Q2,25,2012-06,Non-Holiday,0.56217312
9,2012-06-29,544770.7,0,87.18,3.286,225.5921049,5.539,2012,6,June,Q2,26,2012-06,Non-Holiday,0.5447706999999999
9,2012-07-06,578790.36,0,84.15,3.227,225.6346256,5.277,2012,7,July,Q3,27,2012-07,Non-Holiday,0.57879036
9,2012-07-13,536537.64,0,82.39,3.256,225.6771463,5.277,2012,7,July,Q3,28,2012-07,Non-Holiday,0.53653764
9,2012-07-20,513991.57,0,83.39,3.311,225.6871121,5.277,2012,7,July,Q3,29,2012-07,Non-Holiday,0.51399157
9,2012-07-27,495951.0,0,86.41,3.407,225.6970779,5.277,2012,7,July,Q3,30,2012-07,Non-Holiday,0.495951
9,2012-08-03,533887.54,0,90.23,3.417,225.7070437,5.277,2012,8,August,Q3,31,2012-08,Non-Holiday,0.53388754
9,2012-08-10,538713.47,0,88.66,3.494,225.7170094,5.277,2012,8,August,Q3,32,2012-08,Non-Holiday,0.5387134699999999
9,2012-08-17,535153.47,0,86.37,3.571,225.7995323,5.277,2012,8,August,Q3,33,2012-08,Non-Holiday,0.53515347
9,2012-08-24,572887.78,0,77.9,3.62,225.9364729,5.277,2012,8,August,Q3,34,2012-08,Non-Holiday,0.5728877800000001
9,2012-08-31,576879.15,0,80.71,3.638,226.0734135,5.277,2012,8,August,Q3,35,2012-08,Non-Holiday,0.57687915
9,2012-09-07,565812.29,1,87.93,3.73,226.2103541,5.277,2012,9,September,Q3,36,2012-09,Holiday,0.56581229
9,2012-09-14,523427.35,0,73.55,3.717,226.3567545,5.277,2012,9,September,Q3,37,2012-09,Non-Holiday,0.52342735
9,2012-09-21,533756.88,0,69.92,3.721,226.5599138,5.277,2012,9,September,Q3,38,2012-09,Non-Holiday,0.53375688
9,2012-09-28,516361.06,0,76.8,3.666,226.7630732,5.277,2012,9,September,Q3,39,2012-09,Non-Holiday,0.51636106
9,2012-10-05,606755.3,0,66.61,3.617,226.9662325,4.954,2012,10,October,Q4,40,2012-10,Non-Holiday,0.6067553
9,2012-10-12,558464.8,0,60.09,3.601,227.1693919,4.954,2012,10,October,Q4,41,2012-10,Non-Holiday,0.5584648000000001
9,2012-10-19,542009.46,0,68.01,3.594,227.214288,4.954,2012,10,October,Q4,42,2012-10,Non-Holiday,0.5420094599999999
9,2012-10-26,549731.49,0,69.52,3.506,227.2328068,4.954,2012,10,October,Q4,43,2012-10,Non-Holiday,0.54973149
10,2010-02-05,2193048.75,0,54.34,2.962,126.4420645,9.765,2010,2,February,Q1,5,2010-02,Non-Holiday,2.19304875
10,2010-02-12,2176028.52,1,49.96,2.828,126.4962581,9.765,2010,2,February,Q1,6,2010-02,Holiday,2.17602852
10,2010-02-19,2113432.58,0,58.22,2.915,126.5262857,9.765,2010,2,February,Q1,7,2010-02,Non-Holiday,2.11343258
10,2010-02-26,2006774.96,0,52.77,2.825,126.5522857,9.765,2010,2,February,Q1,8,2010-02,Non-Holiday,2.00677496
10,2010-03-05,1987090.09,0,55.92,2.877,126.5782857,9.765,2010,3,March,Q1,9,2010-03,Non-Holiday,1.9870900900000001
10,2010-03-12,1941346.13,0,52.33,3.034,126.6042857,9.765,2010,3,March,Q1,10,2010-03,Non-Holiday,1.94134613
10,2010-03-19,1946875.06,0,61.46,3.054,126.6066452,9.765,2010,3,March,Q1,11,2010-03,Non-Holiday,1.94687506
10,2010-03-26,1893532.46,0,60.05,2.98,126.6050645,9.765,2010,3,March,Q1,12,2010-03,Non-Holiday,1.8935324599999999
10,2010-04-02,2138651.97,0,63.66,3.086,126.6034839,9.524,2010,4,April,Q2,13,2010-04,Non-Holiday,2.13865197
10,2010-04-09,2041069.37,0,65.29,3.004,126.6019032,9.524,2010,4,April,Q2,14,2010-04,Non-Holiday,2.04106937
10,2010-04-16,1826241.44,0,69.74,3.109,126.5621,9.524,2010,4,April,Q2,15,2010-04,Non-Holiday,1.82624144
10,2010-04-23,1829521.83,0,66.42,3.05,126.4713333,9.524,2010,4,April,Q2,16,2010-04,Non-Holiday,1.82952183
10,2010-04-30,1790694.59,0,69.76,3.105,126.3805667,9.524,2010,4,April,Q2,17,2010-04,Non-Holiday,1.79069459
10,2010-05-07,1921432.16,0,71.06,3.127,126.2898,9.524,2010,5,May,Q2,18,2010-05,Non-Holiday,1.92143216
10,2010-05-14,1808056.41,0,73.88,3.145,126.2085484,9.524,2010,5,May,Q2,19,2010-05,Non-Holiday,1.8080564099999998
10,2010-05-21,1847613.58,0,78.32,3.12,126.1843871,9.524,2010,5,May,Q2,20,2010-05,Non-Holiday,1.84761358
10,2010-05-28,1904618.17,0,76.67,3.058,126.1602258,9.524,2010,5,May,Q2,21,2010-05,Non-Holiday,1.90461817
10,2010-06-04,1931406.28,0,82.82,2.941,126.1360645,9.524,2010,6,June,Q2,22,2010-06,Non-Holiday,1.93140628
10,2010-06-11,1827521.71,0,89.67,3.057,126.1119032,9.524,2010,6,June,Q2,23,2010-06,Non-Holiday,1.8275217099999999
10,2010-06-18,1837636.24,0,83.49,2.935,126.114,9.524,2010,6,June,Q2,24,2010-06,Non-Holiday,1.83763624
10,2010-06-25,1768172.31,0,90.32,3.084,126.1266,9.524,2010,6,June,Q2,25,2010-06,Non-Holiday,1.76817231
10,2010-07-02,1845893.87,0,92.89,2.978,126.1392,9.199,2010,7,July,Q3,26,2010-07,Non-Holiday,1.84589387
10,2010-07-09,1769793.37,0,91.03,3.1,126.1518,9.199,2010,7,July,Q3,27,2010-07,Non-Holiday,1.7697933700000001
10,2010-07-16,1828052.47,0,91.8,2.971,126.1498065,9.199,2010,7,July,Q3,28,2010-07,Non-Holiday,1.82805247
10,2010-07-23,1831676.03,0,88.44,3.112,126.1283548,9.199,2010,7,July,Q3,29,2010-07,Non-Holiday,1.8316760300000001
10,2010-07-30,1832664.03,0,85.03,3.017,126.1069032,9.199,2010,7,July,Q3,30,2010-07,Non-Holiday,1.83266403
10,2010-08-06,1949236.09,0,86.13,3.123,126.0854516,9.199,2010,8,August,Q3,31,2010-08,Non-Holiday,1.94923609
10,2010-08-13,1962996.7,0,88.37,3.049,126.064,9.199,2010,8,August,Q3,32,2010-08,Non-Holiday,1.9629967
10,2010-08-20,1983190.56,0,89.88,3.041,126.0766452,9.199,2010,8,August,Q3,33,2010-08,Non-Holiday,1.9831905600000002
10,2010-08-27,1727565.42,0,84.99,3.022,126.0892903,9.199,2010,8,August,Q3,34,2010-08,Non-Holiday,1.72756542
10,2010-09-03,1766331.45,0,83.8,3.087,126.1019355,9.199,2010,9,September,Q3,35,2010-09,Non-Holiday,1.76633145
10,2010-09-10,1720530.23,1,84.04,2.961,126.1145806,9.199,2010,9,September,Q3,36,2010-09,Holiday,1.72053023
10,2010-09-17,1716755.78,0,85.52,3.028,126.1454667,9.199,2010,9,September,Q3,37,2010-09,Non-Holiday,1.71675578
10,2010-09-24,1655036.75,0,85.75,2.939,126.1900333,9.199,2010,9,September,Q3,38,2010-09,Non-Holiday,1.65503675
10,2010-10-01,1645892.97,0,86.01,3.001,126.2346,9.003,2010,10,October,Q4,39,2010-10,Non-Holiday,1.64589297
10,2010-10-08,1772192.42,0,77.04,2.924,126.2791667,9.003,2010,10,October,Q4,40,2010-10,Non-Holiday,1.7721924199999999
10,2010-10-15,1703850.25,0,75.48,3.08,126.3266774,9.003,2010,10,October,Q4,41,2010-10,Non-Holiday,1.70385025
10,2010-10-22,1740234.06,0,68.12,3.014,126.3815484,9.003,2010,10,October,Q4,42,2010-10,Non-Holiday,1.7402340600000001
10,2010-10-29,1741308.56,0,68.76,3.13,126.4364194,9.003,2010,10,October,Q4,43,2010-10,Non-Holiday,1.74130856
10,2010-11-05,1832211.96,0,71.04,3.009,126.4912903,9.003,2010,11,November,Q4,44,2010-11,Non-Holiday,1.83221196
10,2010-11-12,1895901.59,0,61.24,3.13,126.5461613,9.003,2010,11,November,Q4,45,2010-11,Non-Holiday,1.89590159
10,2010-11-19,1949177.13,0,58.83,3.047,126.6072,9.003,2010,11,November,Q4,46,2010-11,Non-Holiday,1.9491771299999998
10,2010-11-26,2939946.38,1,55.33,3.162,126.6692667,9.003,2010,11,November,Q4,47,2010-11,Holiday,2.93994638
10,2010-12-03,2251206.64,0,51.17,3.041,126.7313333,9.003,2010,12,December,Q4,48,2010-12,Non-Holiday,2.25120664
10,2010-12-10,2411790.21,0,60.51,3.091,126.7934,9.003,2010,12,December,Q4,49,2010-12,Non-Holiday,2.41179021
10,2010-12-17,2811646.85,0,59.15,3.125,126.8794839,9.003,2010,12,December,Q4,50,2010-12,Non-Holiday,2.8116468500000003
10,2010-12-24,3749057.69,0,57.06,3.236,126.9835806,9.003,2010,12,December,Q4,51,2010-12,Non-Holiday,3.74905769
10,2010-12-31,1707298.14,1,49.67,3.148,127.0876774,9.003,2010,12,December,Q4,52,2010-12,Holiday,1.7072981399999998
10,2011-01-07,1714309.9,0,43.43,3.287,127.1917742,8.744,2011,1,January,Q1,1,2011-01,Non-Holiday,1.7143099
10,2011-01-14,1710803.59,0,49.98,3.312,127.3009355,8.744,2011,1,January,Q1,2,2011-01,Non-Holiday,1.71080359
10,2011-01-21,1677556.18,0,56.75,3.336,127.4404839,8.744,2011,1,January,Q1,3,2011-01,Non-Holiday,1.6775561799999998
10,2011-01-28,1715769.05,0,53.03,3.231,127.5800323,8.744,2011,1,January,Q1,4,2011-01,Non-Holiday,1.71576905
10,2011-02-04,1968045.91,0,44.88,3.348,127.7195806,8.744,2011,2,February,Q1,5,2011-02,Non-Holiday,1.9680459099999998
10,2011-02-11,2115408.31,1,51.51,3.381,127.859129,8.744,2011,2,February,Q1,6,2011-02,Holiday,2.11540831
10,2011-02-18,2106934.55,0,61.77,3.43,127.99525,8.744,2011,2,February,Q1,7,2011-02,Non-Holiday,2.1069345499999996
10,2011-02-25,1967996.71,0,53.59,3.398,128.13,8.744,2011,2,February,Q1,8,2011-02,Non-Holiday,1.96799671
10,2011-03-04,1958003.19,0,56.96,3.674,128.26475,8.744,2011,3,March,Q1,9,2011-03,Non-Holiday,1.95800319
10,2011-03-11,1933469.15,0,64.22,3.63,128.3995,8.744,2011,3,March,Q1,10,2011-03,Non-Holiday,1.9334691499999999
10,2011-03-18,1884734.31,0,70.12,3.892,128.5121935,8.744,2011,3,March,Q1,11,2011-03,Non-Holiday,1.88473431
10,2011-03-25,1815798.85,0,62.53,3.716,128.6160645,8.744,2011,3,March,Q1,12,2011-03,Non-Holiday,1.8157988500000002
10,2011-04-01,1827733.18,0,67.64,3.772,128.7199355,8.494,2011,4,April,Q2,13,2011-04,Non-Holiday,1.8277331799999998
10,2011-04-08,1870720.73,0,73.03,3.818,128.8238065,8.494,2011,4,April,Q2,14,2011-04,Non-Holiday,1.87072073
10,2011-04-15,1781767.22,0,61.05,4.089,128.9107333,8.494,2011,4,April,Q2,15,2011-04,Non-Holiday,1.7817672199999999
10,2011-04-22,2004831.14,0,75.93,3.917,128.9553,8.494,2011,4,April,Q2,16,2011-04,Non-Holiday,2.00483114
10,2011-04-29,1873646.34,0,73.38,4.151,128.9998667,8.494,2011,4,April,Q2,17,2011-04,Non-Holiday,1.87364634
10,2011-05-06,1841369.99,0,73.56,4.193,129.0444333,8.494,2011,5,May,Q2,18,2011-05,Non-Holiday,1.84136999
10,2011-05-13,1712995.44,0,74.04,4.202,129.089,8.494,2011,5,May,Q2,19,2011-05,Non-Holiday,1.71299544
10,2011-05-20,1720908.01,0,72.62,3.99,129.0756774,8.494,2011,5,May,Q2,20,2011-05,Non-Holiday,1.72090801
10,2011-05-27,1743000.38,0,78.62,3.933,129.0623548,8.494,2011,5,May,Q2,21,2011-05,Non-Holiday,1.7430003799999998
10,2011-06-03,1792210.89,0,81.87,3.893,129.0490323,8.494,2011,6,June,Q2,22,2011-06,Non-Holiday,1.79221089
10,2011-06-10,1740063.1,0,84.57,3.981,129.0357097,8.494,2011,6,June,Q2,23,2011-06,Non-Holiday,1.7400631000000002
10,2011-06-17,1817934.76,0,87.96,3.935,129.0432,8.494,2011,6,June,Q2,24,2011-06,Non-Holiday,1.81793476
10,2011-06-24,1711813.13,0,90.69,3.807,129.0663,8.494,2011,6,June,Q2,25,2011-06,Non-Holiday,1.71181313
10,2011-07-01,1751369.75,0,95.36,3.842,129.0894,8.257,2011,7,July,Q3,26,2011-07,Non-Holiday,1.75136975
10,2011-07-08,1699708.38,0,88.57,3.793,129.1125,8.257,2011,7,July,Q3,27,2011-07,Non-Holiday,1.69970838
10,2011-07-15,1775068.4,0,86.01,3.779,129.1338387,8.257,2011,7,July,Q3,28,2011-07,Non-Holiday,1.7750683999999999
10,2011-07-22,1774342.61,0,88.59,3.697,129.1507742,8.257,2011,7,July,Q3,29,2011-07,Non-Holiday,1.7743426100000002
10,2011-07-29,1745841.33,0,86.75,3.694,129.1677097,8.257,2011,7,July,Q3,30,2011-07,Non-Holiday,1.74584133
10,2011-08-05,1886299.98,0,89.8,3.803,129.1846452,8.257,2011,8,August,Q3,31,2011-08,Non-Holiday,1.88629998
10,2011-08-12,1917397.63,0,85.61,3.794,129.2015806,8.257,2011,8,August,Q3,32,2011-08,Non-Holiday,1.91739763
10,2011-08-19,1954849.68,0,87.4,3.743,129.2405806,8.257,2011,8,August,Q3,33,2011-08,Non-Holiday,1.95484968
10,2011-08-26,1728399.07,0,91.59,3.663,129.2832581,8.257,2011,8,August,Q3,34,2011-08,Non-Holiday,1.72839907
10,2011-09-02,1758587.35,0,91.61,3.798,129.3259355,8.257,2011,9,September,Q3,35,2011-09,Non-Holiday,1.75858735
10,2011-09-09,1670579.82,1,89.06,3.771,129.3686129,8.257,2011,9,September,Q3,36,2011-09,Holiday,1.6705798200000002
10,2011-09-16,1650894.3,0,77.49,3.784,129.4306,8.257,2011,9,September,Q3,37,2011-09,Non-Holiday,1.6508943
10,2011-09-23,1685910.53,0,82.51,3.789,129.5183333,8.257,2011,9,September,Q3,38,2011-09,Non-Holiday,1.6859105300000001
10,2011-09-30,1627707.31,0,82.27,3.877,129.6060667,8.257,2011,9,September,Q3,39,2011-09,Non-Holiday,1.6277073100000001
10,2011-10-07,1788227.6,0,75.01,3.827,129.6938,7.874,2011,10,October,Q4,40,2011-10,Non-Holiday,1.7882276000000001
10,2011-10-14,1704753.02,0,70.27,3.698,129.7706452,7.874,2011,10,October,Q4,41,2011-10,Non-Holiday,1.70475302
10,2011-10-21,1745928.56,0,77.91,3.842,129.7821613,7.874,2011,10,October,Q4,42,2011-10,Non-Holiday,1.74592856
10,2011-10-28,1771792.97,0,72.79,3.843,129.7936774,7.874,2011,10,October,Q4,43,2011-10,Non-Holiday,1.77179297
10,2011-11-04,1904438.59,0,68.57,3.828,129.8051935,7.874,2011,11,November,Q4,44,2011-11,Non-Holiday,1.90443859
10,2011-11-11,2076570.84,0,55.28,3.677,129.8167097,7.874,2011,11,November,Q4,45,2011-11,Non-Holiday,2.07657084
10,2011-11-18,1869087.85,0,58.97,3.669,129.8268333,7.874,2011,11,November,Q4,46,2011-11,Non-Holiday,1.86908785
10,2011-11-25,2950198.64,1,60.68,3.76,129.8364,7.874,2011,11,November,Q4,47,2011-11,Holiday,2.95019864
10,2011-12-02,2068097.18,0,57.29,3.701,129.8459667,7.874,2011,12,December,Q4,48,2011-12,Non-Holiday,2.06809718
10,2011-12-09,2429310.9,0,42.58,3.644,129.8555333,7.874,2011,12,December,Q4,49,2011-12,Non-Holiday,2.4293109
10,2011-12-16,2555031.18,0,50.53,3.489,129.8980645,7.874,2011,12,December,Q4,50,2011-12,Non-Holiday,2.5550311800000003
10,2011-12-23,3487986.89,0,48.36,3.541,129.9845484,7.874,2011,12,December,Q4,51,2011-12,Non-Holiday,3.48798689
10,2011-12-30,1930690.37,1,48.92,3.428,130.0710323,7.874,2011,12,December,Q4,52,2011-12,Holiday,1.9306903700000002
10,2012-01-06,1683401.78,0,59.85,3.443,130.1575161,7.545,2012,1,January,Q1,1,2012-01,Non-Holiday,1.68340178
10,2012-01-13,1711562.73,0,51.0,3.477,130.244,7.545,2012,1,January,Q1,2,2012-01,Non-Holiday,1.71156273
10,2012-01-20,1675562.94,0,54.51,3.66,130.2792258,7.545,2012,1,January,Q1,3,2012-01,Non-Holiday,1.6755629399999998
10,2012-01-27,1632406.0,0,53.59,3.675,130.3144516,7.545,2012,1,January,Q1,4,2012-01,Non-Holiday,1.632406
10,2012-02-03,1867403.01,0,56.85,3.543,130.3496774,7.545,2012,2,February,Q1,5,2012-02,Non-Holiday,1.86740301
10,2012-02-10,2218595.8,1,55.73,3.722,130.3849032,7.545,2012,2,February,Q1,6,2012-02,Holiday,2.2185957999999997
10,2012-02-17,2168709.76,0,54.12,3.781,130.4546207,7.545,2012,2,February,Q1,7,2012-02,Non-Holiday,2.1687097599999996
10,2012-02-24,2039415.74,0,56.02,3.95,130.5502069,7.545,2012,2,February,Q1,8,2012-02,Non-Holiday,2.03941574
10,2012-03-02,1990371.02,0,57.62,3.882,130.6457931,7.545,2012,3,March,Q1,9,2012-03,Non-Holiday,1.99037102
10,2012-03-09,1917483.1,0,57.65,3.963,130.7413793,7.545,2012,3,March,Q1,10,2012-03,Non-Holiday,1.9174831
10,2012-03-16,1930814.66,0,62.11,4.273,130.8261935,7.545,2012,3,March,Q1,11,2012-03,Non-Holiday,1.93081466
10,2012-03-23,1837457.69,0,56.54,4.288,130.8966452,7.545,2012,3,March,Q1,12,2012-03,Non-Holiday,1.83745769
10,2012-03-30,1815760.42,0,67.92,4.294,130.9670968,7.545,2012,3,March,Q1,13,2012-03,Non-Holiday,1.81576042
10,2012-04-06,2163384.17,0,65.99,4.282,131.0375484,7.382,2012,4,April,Q2,14,2012-04,Non-Holiday,2.16338417
10,2012-04-13,1974687.51,0,70.28,4.254,131.108,7.382,2012,4,April,Q2,15,2012-04,Non-Holiday,1.97468751
10,2012-04-20,1777166.53,0,67.75,4.111,131.1173333,7.382,2012,4,April,Q2,16,2012-04,Non-Holiday,1.7771665300000001
10,2012-04-27,1712987.56,0,80.11,4.088,131.1266667,7.382,2012,4,April,Q2,17,2012-04,Non-Holiday,1.71298756
10,2012-05-04,1821364.42,0,77.02,4.058,131.136,7.382,2012,5,May,Q2,18,2012-05,Non-Holiday,1.8213644199999999
10,2012-05-11,1792345.3,0,76.03,4.186,131.1453333,7.382,2012,5,May,Q2,19,2012-05,Non-Holiday,1.7923453
10,2012-05-18,1795152.73,0,85.19,4.308,131.0983226,7.382,2012,5,May,Q2,20,2012-05,Non-Holiday,1.79515273
10,2012-05-25,1830939.1,0,86.03,4.127,131.0287742,7.382,2012,5,May,Q2,21,2012-05,Non-Holiday,1.8309391000000002
10,2012-06-01,1767471.48,0,80.06,4.277,130.9592258,7.382,2012,6,June,Q2,22,2012-06,Non-Holiday,1.76747148
10,2012-06-08,1840491.41,0,86.87,4.103,130.8896774,7.382,2012,6,June,Q2,23,2012-06,Non-Holiday,1.8404914099999998
10,2012-06-15,1811562.88,0,88.58,4.144,130.8295333,7.382,2012,6,June,Q2,24,2012-06,Non-Holiday,1.8115628799999999
10,2012-06-22,1755334.18,0,89.92,4.014,130.7929,7.382,2012,6,June,Q2,25,2012-06,Non-Holiday,1.75533418
10,2012-06-29,1707481.9,0,91.36,3.875,130.7562667,7.382,2012,6,June,Q2,26,2012-06,Non-Holiday,1.7074818999999999
10,2012-07-06,1805999.79,0,86.87,3.666,130.7196333,7.17,2012,7,July,Q3,27,2012-07,Non-Holiday,1.80599979
10,2012-07-13,1765571.91,0,89.8,3.723,130.683,7.17,2012,7,July,Q3,28,2012-07,Non-Holiday,1.76557191
10,2012-07-20,1869967.03,0,84.45,3.589,130.7012903,7.17,2012,7,July,Q3,29,2012-07,Non-Holiday,1.86996703
10,2012-07-27,1817603.66,0,83.98,3.769,130.7195806,7.17,2012,7,July,Q3,30,2012-07,Non-Holiday,1.8176036599999998
10,2012-08-03,1939440.09,0,84.76,3.595,130.737871,7.17,2012,8,August,Q3,31,2012-08,Non-Holiday,1.9394400900000002
10,2012-08-10,1880436.94,0,90.78,3.811,130.7561613,7.17,2012,8,August,Q3,32,2012-08,Non-Holiday,1.8804369399999998
10,2012-08-17,1827797.4,0,88.83,4.002,130.7909677,7.17,2012,8,August,Q3,33,2012-08,Non-Holiday,1.8277974
10,2012-08-24,1764984.15,0,82.5,4.055,130.8381613,7.17,2012,8,August,Q3,34,2012-08,Non-Holiday,1.7649841499999999
10,2012-08-31,1650285.54,0,86.97,3.886,130.8853548,7.17,2012,8,August,Q3,35,2012-08,Non-Holiday,1.65028554
10,2012-09-07,1708283.28,1,83.07,4.124,130.9325484,7.17,2012,9,September,Q3,36,2012-09,Holiday,1.70828328
10,2012-09-14,1640168.99,0,78.47,3.966,130.9776667,7.17,2012,9,September,Q3,37,2012-09,Non-Holiday,1.64016899
10,2012-09-21,1671857.57,0,81.93,4.125,131.0103333,7.17,2012,9,September,Q3,38,2012-09,Non-Holiday,1.67185757
10,2012-09-28,1694862.41,0,82.52,3.966,131.043,7.17,2012,9,September,Q3,39,2012-09,Non-Holiday,1.6948624099999998
10,2012-10-05,1758971.38,0,80.88,4.132,131.0756667,6.943,2012,10,October,Q4,40,2012-10,Non-Holiday,1.75897138
10,2012-10-12,1713889.11,0,76.03,4.468,131.1083333,6.943,2012,10,October,Q4,41,2012-10,Non-Holiday,1.71388911
10,2012-10-19,1734834.82,0,72.71,4.449,131.1499677,6.943,2012,10,October,Q4,42,2012-10,Non-Holiday,1.73483482
10,2012-10-26,1744349.05,0,70.5,4.301,131.1930968,6.943,2012,10,October,Q4,43,2012-10,Non-Holiday,1.74434905
11,2010-02-05,1528008.64,0,46.04,2.572,214.4248812,7.368,2010,2,February,Q1,5,2010-02,Non-Holiday,1.52800864
11,2010-02-12,1574684.08,1,48.01,2.548,214.5747916,7.368,2010,2,February,Q1,6,2010-02,Holiday,1.5746840800000002
11,2010-02-19,1503298.7,0,48.3,2.514,214.6198868,7.368,2010,2,February,Q1,7,2010-02,Non-Holiday,1.5032987
11,2010-02-26,1336404.65,0,52.79,2.561,214.6475127,7.368,2010,2,February,Q1,8,2010-02,Non-Holiday,1.33640465
11,2010-03-05,1426622.65,0,53.96,2.625,214.6751386,7.368,2010,3,March,Q1,9,2010-03,Non-Holiday,1.4266226499999999
11,2010-03-12,1331883.16,0,64.1,2.667,214.7027646,7.368,2010,3,March,Q1,10,2010-03,Non-Holiday,1.3318831599999998
11,2010-03-19,1364207.0,0,61.51,2.72,214.5301219,7.368,2010,3,March,Q1,11,2010-03,Non-Holiday,1.364207
11,2010-03-26,1245624.27,0,58.09,2.732,214.3241011,7.368,2010,3,March,Q1,12,2010-03,Non-Holiday,1.24562427
11,2010-04-02,1446210.26,0,66.16,2.719,214.1180803,7.343,2010,4,April,Q2,13,2010-04,Non-Holiday,1.44621026
11,2010-04-09,1470308.32,0,69.57,2.77,213.9120595,7.343,2010,4,April,Q2,14,2010-04,Non-Holiday,1.47030832
11,2010-04-16,1323243.35,0,67.81,2.808,213.7726889,7.343,2010,4,April,Q2,15,2010-04,Non-Holiday,1.32324335
11,2010-04-23,1283766.55,0,68.37,2.795,213.7221852,7.343,2010,4,April,Q2,16,2010-04,Non-Holiday,1.28376655
11,2010-04-30,1239766.89,0,71.13,2.78,213.6716815,7.343,2010,4,April,Q2,17,2010-04,Non-Holiday,1.2397668899999998
11,2010-05-07,1312329.78,0,75.57,2.835,213.6211778,7.343,2010,5,May,Q2,18,2010-05,Non-Holiday,1.31232978
11,2010-05-14,1266796.13,0,77.64,2.854,213.6196139,7.343,2010,5,May,Q2,19,2010-05,Non-Holiday,1.26679613
11,2010-05-21,1271646.62,0,76.97,2.826,213.9116886,7.343,2010,5,May,Q2,20,2010-05,Non-Holiday,1.27164662
11,2010-05-28,1264272.52,0,79.69,2.759,214.2037634,7.343,2010,5,May,Q2,21,2010-05,Non-Holiday,1.26427252
11,2010-06-04,1396322.19,0,79.66,2.705,214.4958382,7.343,2010,6,June,Q2,22,2010-06,Non-Holiday,1.39632219
11,2010-06-11,1339570.85,0,82.81,2.668,214.787913,7.343,2010,6,June,Q2,23,2010-06,Non-Holiday,1.33957085
11,2010-06-18,1336522.92,0,84.13,2.637,214.7858259,7.343,2010,6,June,Q2,24,2010-06,Non-Holiday,1.33652292
11,2010-06-25,1262025.08,0,84.5,2.653,214.6660741,7.343,2010,6,June,Q2,25,2010-06,Non-Holiday,1.2620250800000001
11,2010-07-02,1302600.14,0,83.09,2.669,214.5463222,7.346,2010,7,July,Q3,26,2010-07,Non-Holiday,1.3026001399999998
11,2010-07-09,1280156.47,0,83.01,2.642,214.4265704,7.346,2010,7,July,Q3,27,2010-07,Non-Holiday,1.2801564699999999
11,2010-07-16,1290609.54,0,84.9,2.623,214.4176476,7.346,2010,7,July,Q3,28,2010-07,Non-Holiday,1.29060954
11,2010-07-23,1244390.03,0,84.57,2.608,214.5564968,7.346,2010,7,July,Q3,29,2010-07,Non-Holiday,1.24439003
11,2010-07-30,1250178.89,0,83.26,2.64,214.695346,7.346,2010,7,July,Q3,30,2010-07,Non-Holiday,1.25017889
11,2010-08-06,1369634.92,0,86.54,2.627,214.8341952,7.346,2010,8,August,Q3,31,2010-08,Non-Holiday,1.36963492
11,2010-08-13,1384339.1,0,87.73,2.692,214.9730444,7.346,2010,8,August,Q3,32,2010-08,Non-Holiday,1.3843391
11,2010-08-20,1430192.37,0,88.93,2.664,214.9314191,7.346,2010,8,August,Q3,33,2010-08,Non-Holiday,1.43019237
11,2010-08-27,1311263.07,0,87.7,2.619,214.8897938,7.346,2010,8,August,Q3,34,2010-08,Non-Holiday,1.31126307
11,2010-09-03,1303914.27,0,84.94,2.577,214.8481685,7.346,2010,9,September,Q3,35,2010-09,Non-Holiday,1.30391427
11,2010-09-10,1231428.46,1,81.93,2.565,214.8065431,7.346,2010,9,September,Q3,36,2010-09,Holiday,1.23142846
11,2010-09-17,1215676.31,0,83.04,2.582,214.8322484,7.346,2010,9,September,Q3,37,2010-09,Non-Holiday,1.21567631
11,2010-09-24,1170103.25,0,77.36,2.624,214.9084516,7.346,2010,9,September,Q3,38,2010-09,Non-Holiday,1.17010325
11,2010-10-01,1182490.46,0,75.11,2.603,214.9846548,7.564,2010,10,October,Q4,39,2010-10,Non-Holiday,1.18249046
11,2010-10-08,1293472.8,0,68.71,2.633,215.060858,7.564,2010,10,October,Q4,40,2010-10,Non-Holiday,1.2934728
11,2010-10-15,1175003.67,0,71.46,2.72,215.1293114,7.564,2010,10,October,Q4,41,2010-10,Non-Holiday,1.17500367
11,2010-10-22,1169831.38,0,72.6,2.725,215.17839,7.564,2010,10,October,Q4,42,2010-10,Non-Holiday,1.16983138
11,2010-10-29,1195036.0,0,74.21,2.716,215.2274686,7.564,2010,10,October,Q4,43,2010-10,Non-Holiday,1.195036
11,2010-11-05,1332759.13,0,64.41,2.689,215.2765472,7.564,2010,11,November,Q4,44,2010-11,Non-Holiday,1.33275913
11,2010-11-12,1281675.6,0,63.74,2.728,215.3256258,7.564,2010,11,November,Q4,45,2010-11,Non-Holiday,1.2816756
11,2010-11-19,1292346.57,0,58.63,2.771,215.2074519,7.564,2010,11,November,Q4,46,2010-11,Non-Holiday,1.29234657
11,2010-11-26,1757242.51,1,69.9,2.735,215.0614025,7.564,2010,11,November,Q4,47,2010-11,Holiday,1.75724251
11,2010-12-03,1380522.64,0,55.9,2.708,214.9153531,7.564,2010,12,December,Q4,48,2010-12,Non-Holiday,1.38052264
11,2010-12-10,1564516.43,0,53.33,2.843,214.7693037,7.564,2010,12,December,Q4,49,2010-12,Non-Holiday,1.5645164299999998
11,2010-12-17,1843971.15,0,54.63,2.869,214.704919,7.564,2010,12,December,Q4,50,2010-12,Non-Holiday,1.84397115
11,2010-12-24,2306265.36,0,59.33,2.886,214.7017828,7.564,2010,12,December,Q4,51,2010-12,Non-Holiday,2.30626536
11,2010-12-31,1172003.1,1,55.03,2.943,214.6986466,7.564,2010,12,December,Q4,52,2010-12,Holiday,1.1720031000000002
11,2011-01-07,1178905.44,0,54.43,2.976,214.6955104,7.551,2011,1,January,Q1,1,2011-01,Non-Holiday,1.1789054399999999
11,2011-01-14,1194449.78,0,45.34,2.983,214.7470729,7.551,2011,1,January,Q1,2,2011-01,Non-Holiday,1.19444978
11,2011-01-21,1187776.19,0,51.51,3.016,215.1268275,7.551,2011,1,January,Q1,3,2011-01,Non-Holiday,1.18777619
11,2011-01-28,1100418.69,0,51.04,3.01,215.5065821,7.551,2011,1,January,Q1,4,2011-01,Non-Holiday,1.10041869
11,2011-02-04,1422546.05,0,47.17,2.989,215.8863367,7.551,2011,2,February,Q1,5,2011-02,Non-Holiday,1.42254605
11,2011-02-11,1419236.9,1,44.61,3.022,216.2660913,7.551,2011,2,February,Q1,6,2011-02,Holiday,1.4192368999999998
11,2011-02-18,1554747.15,0,61.5,3.045,216.5843571,7.551,2011,2,February,Q1,7,2011-02,Non-Holiday,1.5547471499999999
11,2011-02-25,1323999.36,0,68.74,3.065,216.8780275,7.551,2011,2,February,Q1,8,2011-02,Non-Holiday,1.3239993600000002
11,2011-03-04,1399456.99,0,66.5,3.288,217.1716979,7.551,2011,3,March,Q1,9,2011-03,Non-Holiday,1.39945699
11,2011-03-11,1314557.31,0,63.29,3.459,217.4653683,7.551,2011,3,March,Q1,10,2011-03,Non-Holiday,1.31455731
11,2011-03-18,1391813.69,0,70.17,3.488,217.7235226,7.551,2011,3,March,Q1,11,2011-03,Non-Holiday,1.39181369
11,2011-03-25,1229777.24,0,73.74,3.473,217.9674705,7.551,2011,3,March,Q1,12,2011-03,Non-Holiday,1.22977724
11,2011-04-01,1258674.12,0,69.1,3.524,218.2114184,7.574,2011,4,April,Q2,13,2011-04,Non-Holiday,1.25867412
11,2011-04-08,1327401.06,0,73.57,3.622,218.4553663,7.574,2011,4,April,Q2,14,2011-04,Non-Holiday,1.3274010600000001
11,2011-04-15,1312905.8,0,76.64,3.743,218.6788642,7.574,2011,4,April,Q2,15,2011-04,Non-Holiday,1.3129058
11,2011-04-22,1388118.53,0,78.31,3.807,218.851237,7.574,2011,4,April,Q2,16,2011-04,Non-Holiday,1.38811853
11,2011-04-29,1357589.89,0,79.97,3.81,219.0236099,7.574,2011,4,April,Q2,17,2011-04,Non-Holiday,1.3575898899999999
11,2011-05-06,1331453.41,0,71.39,3.906,219.1959827,7.574,2011,5,May,Q2,18,2011-05,Non-Holiday,1.33145341
11,2011-05-13,1277959.42,0,80.93,3.899,219.3683556,7.574,2011,5,May,Q2,19,2011-05,Non-Holiday,1.27795942
11,2011-05-20,1239466.97,0,76.97,3.907,219.127216,7.574,2011,5,May,Q2,20,2011-05,Non-Holiday,1.23946697
11,2011-05-27,1216876.52,0,85.61,3.786,218.8860765,7.574,2011,5,May,Q2,21,2011-05,Non-Holiday,1.21687652
11,2011-06-03,1343637.0,0,86.14,3.699,218.6449369,7.574,2011,6,June,Q2,22,2011-06,Non-Holiday,1.343637
11,2011-06-10,1314626.75,0,85.79,3.648,218.4037974,7.574,2011,6,June,Q2,23,2011-06,Non-Holiday,1.31462675
11,2011-06-17,1337506.74,0,87.9,3.637,218.3551748,7.574,2011,6,June,Q2,24,2011-06,Non-Holiday,1.33750674
11,2011-06-24,1254587.84,0,86.13,3.594,218.45094,7.574,2011,6,June,Q2,25,2011-06,Non-Holiday,1.2545878400000001
11,2011-07-01,1297472.06,0,86.43,3.524,218.5467052,7.567,2011,7,July,Q3,26,2011-07,Non-Holiday,1.29747206
11,2011-07-08,1334627.96,0,87.17,3.48,218.6424704,7.567,2011,7,July,Q3,27,2011-07,Non-Holiday,1.33462796
11,2011-07-15,1266546.73,0,88.3,3.575,218.7275216,7.567,2011,7,July,Q3,28,2011-07,Non-Holiday,1.26654673
11,2011-07-22,1290576.44,0,87.8,3.651,218.7857881,7.567,2011,7,July,Q3,29,2011-07,Non-Holiday,1.29057644
11,2011-07-29,1212938.67,0,89.46,3.682,218.8440545,7.567,2011,7,July,Q3,30,2011-07,Non-Holiday,1.21293867
11,2011-08-05,1403198.94,0,90.04,3.684,218.9023209,7.567,2011,8,August,Q3,31,2011-08,Non-Holiday,1.40319894
11,2011-08-12,1354188.43,0,90.3,3.638,218.9605873,7.567,2011,8,August,Q3,32,2011-08,Non-Holiday,1.35418843
11,2011-08-19,1484169.74,0,89.51,3.554,219.023271,7.567,2011,8,August,Q3,33,2011-08,Non-Holiday,1.48416974
11,2011-08-26,1304706.75,0,89.09,3.523,219.0866908,7.567,2011,8,August,Q3,34,2011-08,Non-Holiday,1.30470675
11,2011-09-02,1297792.41,0,91.44,3.533,219.1501106,7.567,2011,9,September,Q3,35,2011-09,Non-Holiday,1.29779241
11,2011-09-09,1249439.95,1,84.91,3.546,219.2135305,7.567,2011,9,September,Q3,36,2011-09,Holiday,1.24943995
11,2011-09-16,1270816.01,0,85.11,3.526,219.3972867,7.567,2011,9,September,Q3,37,2011-09,Non-Holiday,1.27081601
11,2011-09-23,1235775.15,0,82.14,3.467,219.7414914,7.567,2011,9,September,Q3,38,2011-09,Non-Holiday,1.2357751499999998
11,2011-09-30,1190515.83,0,84.4,3.355,220.085696,7.567,2011,9,September,Q3,39,2011-09,Non-Holiday,1.19051583
11,2011-10-07,1346271.06,0,76.97,3.285,220.4299007,7.197,2011,10,October,Q4,40,2011-10,Non-Holiday,1.34627106
11,2011-10-14,1286388.96,0,75.56,3.274,220.7486167,7.197,2011,10,October,Q4,41,2011-10,Non-Holiday,1.28638896
11,2011-10-21,1325107.53,0,70.91,3.353,220.9144005,7.197,2011,10,October,Q4,42,2011-10,Non-Holiday,1.32510753
11,2011-10-28,1310684.1,0,72.66,3.372,221.0801842,7.197,2011,10,October,Q4,43,2011-10,Non-Holiday,1.3106841
11,2011-11-04,1458287.38,0,61.13,3.332,221.245968,7.197,2011,11,November,Q4,44,2011-11,Non-Holiday,1.4582873799999998
11,2011-11-11,1366053.69,0,64.2,3.297,221.4117517,7.197,2011,11,November,Q4,45,2011-11,Non-Holiday,1.36605369
11,2011-11-18,1315091.63,0,66.17,3.308,221.6432852,7.197,2011,11,November,Q4,46,2011-11,Non-Holiday,1.31509163
11,2011-11-25,1848953.48,1,70.03,3.236,221.9011185,7.197,2011,11,November,Q4,47,2011-11,Holiday,1.84895348
11,2011-12-02,1399322.44,0,56.89,3.172,222.1589519,7.197,2011,12,December,Q4,48,2011-12,Non-Holiday,1.39932244
11,2011-12-09,1646655.94,0,50.63,3.158,222.4167852,7.197,2011,12,December,Q4,49,2011-12,Non-Holiday,1.64665594
11,2011-12-16,1783910.06,0,59.69,3.159,222.6426418,7.197,2011,12,December,Q4,50,2011-12,Non-Holiday,1.78391006
11,2011-12-23,2213518.5,0,54.29,3.112,222.8258628,7.197,2011,12,December,Q4,51,2011-12,Non-Holiday,2.2135185
11,2011-12-30,1352084.21,1,48.86,3.129,223.0090839,7.197,2011,12,December,Q4,52,2011-12,Holiday,1.35208421
11,2012-01-06,1283885.55,0,54.44,3.157,223.1923049,6.833,2012,1,January,Q1,1,2012-01,Non-Holiday,1.2838855500000002
11,2012-01-13,1264736.59,0,53.1,3.261,223.3755259,6.833,2012,1,January,Q1,2,2012-01,Non-Holiday,1.26473659
11,2012-01-20,1207303.29,0,56.43,3.268,223.4700552,6.833,2012,1,January,Q1,3,2012-01,Non-Holiday,1.20730329
11,2012-01-27,1162675.85,0,58.36,3.29,223.5645845,6.833,2012,1,January,Q1,4,2012-01,Non-Holiday,1.16267585
11,2012-02-03,1376732.18,0,60.24,3.36,223.6591137,6.833,2012,2,February,Q1,5,2012-02,Non-Holiday,1.3767321799999999
11,2012-02-10,1574287.76,1,52.23,3.409,223.753643,6.833,2012,2,February,Q1,6,2012-02,Holiday,1.57428776
11,2012-02-17,1569607.94,0,52.77,3.51,223.9170153,6.833,2012,2,February,Q1,7,2012-02,Non-Holiday,1.56960794
11,2012-02-24,1379473.03,0,61.11,3.555,224.1320199,6.833,2012,2,February,Q1,8,2012-02,Non-Holiday,1.37947303
11,2012-03-02,1438383.44,0,62.61,3.63,224.3470245,6.833,2012,3,March,Q1,9,2012-03,Non-Holiday,1.43838344
11,2012-03-09,1413382.76,0,61.44,3.669,224.5620291,6.833,2012,3,March,Q1,10,2012-03,Non-Holiday,1.41338276
11,2012-03-16,1441884.28,0,64.21,3.734,224.7166953,6.833,2012,3,March,Q1,11,2012-03,Non-Holiday,1.44188428
11,2012-03-23,1300593.61,0,67.16,3.787,224.7909104,6.833,2012,3,March,Q1,12,2012-03,Non-Holiday,1.3005936100000002
11,2012-03-30,1300104.03,0,70.23,3.845,224.8651254,6.833,2012,3,March,Q1,13,2012-03,Non-Holiday,1.30010403
11,2012-04-06,1596325.01,0,74.19,3.891,224.9393405,6.664,2012,4,April,Q2,14,2012-04,Non-Holiday,1.59632501
11,2012-04-13,1472752.01,0,72.74,3.891,225.0135556,6.664,2012,4,April,Q2,15,2012-04,Non-Holiday,1.47275201
11,2012-04-20,1315356.99,0,71.97,3.877,225.0689541,6.664,2012,4,April,Q2,16,2012-04,Non-Holiday,1.31535699
11,2012-04-27,1236238.29,0,73.4,3.814,225.1243526,6.664,2012,4,April,Q2,17,2012-04,Non-Holiday,1.23623829
11,2012-05-04,1370251.22,0,79.07,3.749,225.1797511,6.664,2012,5,May,Q2,18,2012-05,Non-Holiday,1.3702512199999999
11,2012-05-11,1300147.07,0,75.13,3.688,225.2351496,6.664,2012,5,May,Q2,19,2012-05,Non-Holiday,1.30014707
11,2012-05-18,1352442.31,0,72.53,3.63,225.2512024,6.664,2012,5,May,Q2,20,2012-05,Non-Holiday,1.35244231
11,2012-05-25,1297335.87,0,78.44,3.561,225.2515168,6.664,2012,5,May,Q2,21,2012-05,Non-Holiday,1.2973358700000002
11,2012-06-01,1361595.33,0,81.67,3.501,225.2518313,6.664,2012,6,June,Q2,22,2012-06,Non-Holiday,1.36159533
11,2012-06-08,1414343.53,0,82.1,3.452,225.2521458,6.664,2012,6,June,Q2,23,2012-06,Non-Holiday,1.41434353
11,2012-06-15,1417875.42,0,84.97,3.393,225.2644795,6.664,2012,6,June,Q2,24,2012-06,Non-Holiday,1.4178754199999999
11,2012-06-22,1355680.3,0,83.26,3.346,225.3068615,6.664,2012,6,June,Q2,25,2012-06,Non-Holiday,1.3556803
11,2012-06-29,1297028.6,0,87.86,3.286,225.3492435,6.664,2012,6,June,Q2,26,2012-06,Non-Holiday,1.2970286000000002
11,2012-07-06,1461129.94,0,83.44,3.227,225.3916254,6.334,2012,7,July,Q3,27,2012-07,Non-Holiday,1.46112994
11,2012-07-13,1320239.51,0,82.46,3.256,225.4340074,6.334,2012,7,July,Q3,28,2012-07,Non-Holiday,1.32023951
11,2012-07-20,1344483.81,0,82.41,3.311,225.4438827,6.334,2012,7,July,Q3,29,2012-07,Non-Holiday,1.34448381
11,2012-07-27,1272395.02,0,85.43,3.407,225.4537579,6.334,2012,7,July,Q3,30,2012-07,Non-Holiday,1.27239502
11,2012-08-03,1399341.07,0,86.94,3.417,225.4636332,6.334,2012,8,August,Q3,31,2012-08,Non-Holiday,1.39934107
11,2012-08-10,1388973.65,0,86.21,3.494,225.4735085,6.334,2012,8,August,Q3,32,2012-08,Non-Holiday,1.3889736499999998
11,2012-08-17,1421307.2,0,87.73,3.571,225.5558664,6.334,2012,8,August,Q3,33,2012-08,Non-Holiday,1.4213072
11,2012-08-24,1409515.73,0,83.17,3.62,225.6925864,6.334,2012,8,August,Q3,34,2012-08,Non-Holiday,1.40951573
11,2012-08-31,1372872.35,0,86.49,3.638,225.8293063,6.334,2012,8,August,Q3,35,2012-08,Non-Holiday,1.3728723500000002
11,2012-09-07,1304584.4,1,85.17,3.73,225.9660263,6.334,2012,9,September,Q3,36,2012-09,Holiday,1.3045844
11,2012-09-14,1267675.05,0,79.61,3.717,226.1122067,6.334,2012,9,September,Q3,37,2012-09,Non-Holiday,1.26767505
11,2012-09-21,1326132.98,0,73.64,3.721,226.3151496,6.334,2012,9,September,Q3,38,2012-09,Non-Holiday,1.32613298
11,2012-09-28,1227430.73,0,77.67,3.666,226.5180926,6.334,2012,9,September,Q3,39,2012-09,Non-Holiday,1.22743073
11,2012-10-05,1422794.26,0,73.37,3.617,226.7210356,6.034,2012,10,October,Q4,40,2012-10,Non-Holiday,1.42279426
11,2012-10-12,1311965.09,0,69.94,3.601,226.9239785,6.034,2012,10,October,Q4,41,2012-10,Non-Holiday,1.3119650900000002
11,2012-10-19,1232073.18,0,73.77,3.594,226.9688442,6.034,2012,10,October,Q4,42,2012-10,Non-Holiday,1.23207318
11,2012-10-26,1200729.45,0,74.26,3.506,226.9873637,6.034,2012,10,October,Q4,43,2012-10,Non-Holiday,1.2007294499999999
12,2010-02-05,1100046.37,0,49.47,2.962,126.4420645,13.975,2010,2,February,Q1,5,2010-02,Non-Holiday,1.10004637
12,2010-02-12,1117863.33,1,47.87,2.946,126.4962581,13.975,2010,2,February,Q1,6,2010-02,Holiday,1.11786333
12,2010-02-19,1095421.65,0,54.83,2.915,126.5262857,13.975,2010,2,February,Q1,7,2010-02,Non-Holiday,1.0954216499999998
12,2010-02-26,1048617.17,0,50.23,2.825,126.5522857,13.975,2010,2,February,Q1,8,2010-02,Non-Holiday,1.04861717
12,2010-03-05,1077018.27,0,53.77,2.987,126.5782857,13.975,2010,3,March,Q1,9,2010-03,Non-Holiday,1.07701827
12,2010-03-12,985594.23,0,50.11,2.925,126.6042857,13.975,2010,3,March,Q1,10,2010-03,Non-Holiday,0.98559423
12,2010-03-19,972088.34,0,59.57,3.054,126.6066452,13.975,2010,3,March,Q1,11,2010-03,Non-Holiday,0.97208834
12,2010-03-26,981615.81,0,60.06,3.083,126.6050645,13.975,2010,3,March,Q1,12,2010-03,Non-Holiday,0.9816158100000001
12,2010-04-02,1011822.3,0,59.84,3.086,126.6034839,14.099,2010,4,April,Q2,13,2010-04,Non-Holiday,1.0118223
12,2010-04-09,1041238.87,0,59.25,3.09,126.6019032,14.099,2010,4,April,Q2,14,2010-04,Non-Holiday,1.04123887
12,2010-04-16,957997.52,0,64.95,3.109,126.5621,14.099,2010,4,April,Q2,15,2010-04,Non-Holiday,0.95799752
12,2010-04-23,993833.44,0,64.55,3.05,126.4713333,14.099,2010,4,April,Q2,16,2010-04,Non-Holiday,0.99383344
12,2010-04-30,954220.22,0,67.38,3.105,126.3805667,14.099,2010,4,April,Q2,17,2010-04,Non-Holiday,0.95422022
12,2010-05-07,1043240.27,0,70.15,3.127,126.2898,14.099,2010,5,May,Q2,18,2010-05,Non-Holiday,1.04324027
12,2010-05-14,966054.97,0,68.44,3.145,126.2085484,14.099,2010,5,May,Q2,19,2010-05,Non-Holiday,0.96605497
12,2010-05-21,958374.56,0,76.2,3.12,126.1843871,14.099,2010,5,May,Q2,20,2010-05,Non-Holiday,0.9583745600000001
12,2010-05-28,955451.16,0,67.84,3.058,126.1602258,14.099,2010,5,May,Q2,21,2010-05,Non-Holiday,0.9554511600000001
12,2010-06-04,1049357.36,0,81.39,2.941,126.1360645,14.099,2010,6,June,Q2,22,2010-06,Non-Holiday,1.0493573600000001
12,2010-06-11,1016039.71,0,90.84,2.949,126.1119032,14.099,2010,6,June,Q2,23,2010-06,Non-Holiday,1.01603971
12,2010-06-18,956211.2,0,81.06,3.043,126.114,14.099,2010,6,June,Q2,24,2010-06,Non-Holiday,0.9562111999999999
12,2010-06-25,958007.69,0,87.27,3.084,126.1266,14.099,2010,6,June,Q2,25,2010-06,Non-Holiday,0.95800769
12,2010-07-02,951957.31,0,91.98,3.105,126.1392,14.18,2010,7,July,Q3,26,2010-07,Non-Holiday,0.9519573100000001
12,2010-07-09,943506.28,0,90.37,3.1,126.1518,14.18,2010,7,July,Q3,27,2010-07,Non-Holiday,0.94350628
12,2010-07-16,916402.76,0,97.18,3.094,126.1498065,14.18,2010,7,July,Q3,28,2010-07,Non-Holiday,0.91640276
12,2010-07-23,912403.67,0,99.22,3.112,126.1283548,14.18,2010,7,July,Q3,29,2010-07,Non-Holiday,0.91240367
12,2010-07-30,913548.25,0,96.31,3.017,126.1069032,14.18,2010,7,July,Q3,30,2010-07,Non-Holiday,0.91354825
12,2010-08-06,967576.95,0,92.95,3.123,126.0854516,14.18,2010,8,August,Q3,31,2010-08,Non-Holiday,0.96757695
12,2010-08-13,928264.4,0,87.01,3.159,126.064,14.18,2010,8,August,Q3,32,2010-08,Non-Holiday,0.9282644
12,2010-08-20,948447.34,0,92.81,3.041,126.0766452,14.18,2010,8,August,Q3,33,2010-08,Non-Holiday,0.94844734
12,2010-08-27,1004516.46,0,93.19,3.129,126.0892903,14.18,2010,8,August,Q3,34,2010-08,Non-Holiday,1.00451646
12,2010-09-03,1075758.55,0,83.12,3.087,126.1019355,14.18,2010,9,September,Q3,35,2010-09,Non-Holiday,1.07575855
12,2010-09-10,903119.03,1,83.63,3.044,126.1145806,14.18,2010,9,September,Q3,36,2010-09,Holiday,0.90311903
12,2010-09-17,852882.61,0,82.45,3.028,126.1454667,14.18,2010,9,September,Q3,37,2010-09,Non-Holiday,0.85288261
12,2010-09-24,851919.34,0,81.77,2.939,126.1900333,14.18,2010,9,September,Q3,38,2010-09,Non-Holiday,0.8519193399999999
12,2010-10-01,850936.26,0,85.2,3.001,126.2346,14.313,2010,10,October,Q4,39,2010-10,Non-Holiday,0.85093626
12,2010-10-08,918335.68,0,71.82,3.013,126.2791667,14.313,2010,10,October,Q4,40,2010-10,Non-Holiday,0.9183356800000001
12,2010-10-15,862419.84,0,75.0,2.976,126.3266774,14.313,2010,10,October,Q4,41,2010-10,Non-Holiday,0.8624198399999999
12,2010-10-22,857883.46,0,68.85,3.014,126.3815484,14.313,2010,10,October,Q4,42,2010-10,Non-Holiday,0.8578834599999999
12,2010-10-29,955294.7,0,61.09,3.016,126.4364194,14.313,2010,10,October,Q4,43,2010-10,Non-Holiday,0.9552946999999999
12,2010-11-05,929690.71,0,65.49,3.129,126.4912903,14.313,2010,11,November,Q4,44,2010-11,Non-Holiday,0.9296907099999999
12,2010-11-12,942475.24,0,57.79,3.13,126.5461613,14.313,2010,11,November,Q4,45,2010-11,Non-Holiday,0.9424752399999999
12,2010-11-19,894493.7,0,58.18,3.161,126.6072,14.313,2010,11,November,Q4,46,2010-11,Non-Holiday,0.8944937
12,2010-11-26,1601377.41,1,47.66,3.162,126.6692667,14.313,2010,11,November,Q4,47,2010-11,Holiday,1.60137741
12,2010-12-03,1069533.17,0,43.33,3.041,126.7313333,14.313,2010,12,December,Q4,48,2010-12,Non-Holiday,1.06953317
12,2010-12-10,1121934.15,0,50.01,3.203,126.7934,14.313,2010,12,December,Q4,49,2010-12,Non-Holiday,1.12193415
12,2010-12-17,1295605.35,0,52.77,3.236,126.8794839,14.313,2010,12,December,Q4,50,2010-12,Non-Holiday,1.29560535
12,2010-12-24,1768249.89,0,52.02,3.236,126.9835806,14.313,2010,12,December,Q4,51,2010-12,Non-Holiday,1.7682498899999999
12,2010-12-31,891736.91,1,45.64,3.148,127.0876774,14.313,2010,12,December,Q4,52,2010-12,Holiday,0.89173691
12,2011-01-07,910110.24,0,37.64,3.287,127.1917742,14.021,2011,1,January,Q1,1,2011-01,Non-Holiday,0.91011024
12,2011-01-14,812011.8,0,43.15,3.312,127.3009355,14.021,2011,1,January,Q1,2,2011-01,Non-Holiday,0.8120118000000001
12,2011-01-21,802105.5,0,53.53,3.223,127.4404839,14.021,2011,1,January,Q1,3,2011-01,Non-Holiday,0.8021055
12,2011-01-28,873119.06,0,50.74,3.342,127.5800323,14.021,2011,1,January,Q1,4,2011-01,Non-Holiday,0.8731190600000001
12,2011-02-04,1046068.17,0,45.14,3.348,127.7195806,14.021,2011,2,February,Q1,5,2011-02,Non-Holiday,1.04606817
12,2011-02-11,1086421.57,1,51.3,3.381,127.859129,14.021,2011,2,February,Q1,6,2011-02,Holiday,1.0864215700000002
12,2011-02-18,1128485.1,0,53.35,3.43,127.99525,14.021,2011,2,February,Q1,7,2011-02,Non-Holiday,1.1284851
12,2011-02-25,1046203.72,0,48.45,3.53,128.13,14.021,2011,2,February,Q1,8,2011-02,Non-Holiday,1.04620372
12,2011-03-04,1085248.21,0,51.72,3.674,128.26475,14.021,2011,3,March,Q1,9,2011-03,Non-Holiday,1.08524821
12,2011-03-11,997672.62,0,57.75,3.818,128.3995,14.021,2011,3,March,Q1,10,2011-03,Non-Holiday,0.99767262
12,2011-03-18,1009502.01,0,64.21,3.692,128.5121935,14.021,2011,3,March,Q1,11,2011-03,Non-Holiday,1.00950201
12,2011-03-25,954107.32,0,54.4,3.909,128.6160645,14.021,2011,3,March,Q1,12,2011-03,Non-Holiday,0.95410732
12,2011-04-01,1005463.49,0,63.63,3.772,128.7199355,13.736,2011,4,April,Q2,13,2011-04,Non-Holiday,1.00546349
12,2011-04-08,998362.05,0,64.47,4.003,128.8238065,13.736,2011,4,April,Q2,14,2011-04,Non-Holiday,0.99836205
12,2011-04-15,990951.77,0,57.63,3.868,128.9107333,13.736,2011,4,April,Q2,15,2011-04,Non-Holiday,0.99095177
12,2011-04-22,1016019.47,0,72.12,4.134,128.9553,13.736,2011,4,April,Q2,16,2011-04,Non-Holiday,1.01601947
12,2011-04-29,994966.1,0,68.27,4.151,128.9998667,13.736,2011,4,April,Q2,17,2011-04,Non-Holiday,0.9949661
12,2011-05-06,1021154.48,0,68.4,4.193,129.0444333,13.736,2011,5,May,Q2,18,2011-05,Non-Holiday,1.02115448
12,2011-05-13,977033.5,0,70.93,4.202,129.089,13.736,2011,5,May,Q2,19,2011-05,Non-Holiday,0.9770335
12,2011-05-20,924134.99,0,66.59,4.169,129.0756774,13.736,2011,5,May,Q2,20,2011-05,Non-Holiday,0.92413499
12,2011-05-27,964332.51,0,76.67,4.087,129.0623548,13.736,2011,5,May,Q2,21,2011-05,Non-Holiday,0.96433251
12,2011-06-03,970328.68,0,71.81,4.031,129.0490323,13.736,2011,6,June,Q2,22,2011-06,Non-Holiday,0.97032868
12,2011-06-10,996937.95,0,78.72,3.981,129.0357097,13.736,2011,6,June,Q2,23,2011-06,Non-Holiday,0.99693795
12,2011-06-17,986504.93,0,86.84,3.935,129.0432,13.736,2011,6,June,Q2,24,2011-06,Non-Holiday,0.9865049300000001
12,2011-06-24,997282.75,0,88.95,3.898,129.0663,13.736,2011,6,June,Q2,25,2011-06,Non-Holiday,0.99728275
12,2011-07-01,961993.34,0,89.85,3.842,129.0894,13.503,2011,7,July,Q3,26,2011-07,Non-Holiday,0.9619933399999999
12,2011-07-08,943717.38,0,89.9,3.705,129.1125,13.503,2011,7,July,Q3,27,2011-07,Non-Holiday,0.94371738
12,2011-07-15,936001.98,0,88.1,3.692,129.1338387,13.503,2011,7,July,Q3,28,2011-07,Non-Holiday,0.93600198
12,2011-07-22,922231.92,0,91.17,3.794,129.1507742,13.503,2011,7,July,Q3,29,2011-07,Non-Holiday,0.9222319200000001
12,2011-07-29,890547.07,0,93.29,3.805,129.1677097,13.503,2011,7,July,Q3,30,2011-07,Non-Holiday,0.89054707
12,2011-08-05,988712.52,0,90.61,3.803,129.1846452,13.503,2011,8,August,Q3,31,2011-08,Non-Holiday,0.98871252
12,2011-08-12,955913.68,0,91.04,3.701,129.2015806,13.503,2011,8,August,Q3,32,2011-08,Non-Holiday,0.9559136800000001
12,2011-08-19,966817.24,0,91.74,3.743,129.2405806,13.503,2011,8,August,Q3,33,2011-08,Non-Holiday,0.96681724
12,2011-08-26,1017593.47,0,94.61,3.74,129.2832581,13.503,2011,8,August,Q3,34,2011-08,Non-Holiday,1.01759347
12,2011-09-02,1052051.45,0,93.66,3.798,129.3259355,13.503,2011,9,September,Q3,35,2011-09,Non-Holiday,1.05205145
12,2011-09-09,922850.57,1,88.0,3.913,129.3686129,13.503,2011,9,September,Q3,36,2011-09,Holiday,0.9228505699999999
12,2011-09-16,889290.23,0,76.36,3.918,129.4306,13.503,2011,9,September,Q3,37,2011-09,Non-Holiday,0.88929023
12,2011-09-23,871692.74,0,82.95,3.789,129.5183333,13.503,2011,9,September,Q3,38,2011-09,Non-Holiday,0.87169274
12,2011-09-30,866401.45,0,83.26,3.877,129.6060667,13.503,2011,9,September,Q3,39,2011-09,Non-Holiday,0.8664014499999999
12,2011-10-07,951244.66,0,70.44,3.827,129.6938,12.89,2011,10,October,Q4,40,2011-10,Non-Holiday,0.9512446600000001
12,2011-10-14,927600.01,0,67.31,3.805,129.7706452,12.89,2011,10,October,Q4,41,2011-10,Non-Holiday,0.92760001
12,2011-10-21,938604.58,0,73.05,3.842,129.7821613,12.89,2011,10,October,Q4,42,2011-10,Non-Holiday,0.9386045799999999
12,2011-10-28,990926.38,0,67.41,3.727,129.7936774,12.89,2011,10,October,Q4,43,2011-10,Non-Holiday,0.99092638
12,2011-11-04,1051944.79,0,59.77,3.828,129.8051935,12.89,2011,11,November,Q4,44,2011-11,Non-Holiday,1.05194479
12,2011-11-11,1095091.53,0,48.76,3.824,129.8167097,12.89,2011,11,November,Q4,45,2011-11,Non-Holiday,1.09509153
12,2011-11-18,970641.34,0,54.2,3.813,129.8268333,12.89,2011,11,November,Q4,46,2011-11,Non-Holiday,0.97064134
12,2011-11-25,1591920.42,1,53.25,3.622,129.8364,12.89,2011,11,November,Q4,47,2011-11,Holiday,1.59192042
12,2011-12-02,1071383.1,0,52.5,3.701,129.8459667,12.89,2011,12,December,Q4,48,2011-12,Non-Holiday,1.0713831
12,2011-12-09,1189646.45,0,42.17,3.644,129.8555333,12.89,2011,12,December,Q4,49,2011-12,Non-Holiday,1.18964645
12,2011-12-16,1293404.18,0,43.29,3.6,129.8980645,12.89,2011,12,December,Q4,50,2011-12,Non-Holiday,1.29340418
12,2011-12-23,1617612.03,0,45.4,3.541,129.9845484,12.89,2011,12,December,Q4,51,2011-12,Non-Holiday,1.61761203
12,2011-12-30,1111638.07,1,44.64,3.428,130.0710323,12.89,2011,12,December,Q4,52,2011-12,Holiday,1.1116380700000001
12,2012-01-06,945823.65,0,50.43,3.599,130.1575161,12.187,2012,1,January,Q1,1,2012-01,Non-Holiday,0.94582365
12,2012-01-13,865467.86,0,48.07,3.657,130.244,12.187,2012,1,January,Q1,2,2012-01,Non-Holiday,0.86546786
12,2012-01-20,855922.64,0,46.2,3.66,130.2792258,12.187,2012,1,January,Q1,3,2012-01,Non-Holiday,0.8559226400000001
12,2012-01-27,888203.69,0,50.43,3.675,130.3144516,12.187,2012,1,January,Q1,4,2012-01,Non-Holiday,0.88820369
12,2012-02-03,1058767.95,0,50.58,3.702,130.3496774,12.187,2012,2,February,Q1,5,2012-02,Non-Holiday,1.05876795
12,2012-02-10,1199330.85,1,52.27,3.722,130.3849032,12.187,2012,2,February,Q1,6,2012-02,Holiday,1.1993308500000002
12,2012-02-17,1240048.85,0,51.8,3.781,130.4546207,12.187,2012,2,February,Q1,7,2012-02,Non-Holiday,1.2400488500000002
12,2012-02-24,1112034.72,0,53.13,3.95,130.5502069,12.187,2012,2,February,Q1,8,2012-02,Non-Holiday,1.11203472
12,2012-03-02,1147636.96,0,52.27,4.178,130.6457931,12.187,2012,3,March,Q1,9,2012-03,Non-Holiday,1.14763696
12,2012-03-09,1113208.57,0,54.54,4.25,130.7413793,12.187,2012,3,March,Q1,10,2012-03,Non-Holiday,1.11320857
12,2012-03-16,1088498.52,0,64.44,4.273,130.8261935,12.187,2012,3,March,Q1,11,2012-03,Non-Holiday,1.08849852
12,2012-03-23,1045419.87,0,56.26,4.038,130.8966452,12.187,2012,3,March,Q1,12,2012-03,Non-Holiday,1.04541987
12,2012-03-30,1025382.22,0,64.36,4.294,130.9670968,12.187,2012,3,March,Q1,13,2012-03,Non-Holiday,1.02538222
12,2012-04-06,1128765.71,0,64.05,4.121,131.0375484,11.627,2012,4,April,Q2,14,2012-04,Non-Holiday,1.12876571
12,2012-04-13,1083811.19,0,64.28,4.254,131.108,11.627,2012,4,April,Q2,15,2012-04,Non-Holiday,1.08381119
12,2012-04-20,1006486.96,0,66.73,4.222,131.1173333,11.627,2012,4,April,Q2,16,2012-04,Non-Holiday,1.00648696
12,2012-04-27,1004252.38,0,77.99,4.193,131.1266667,11.627,2012,4,April,Q2,17,2012-04,Non-Holiday,1.00425238
12,2012-05-04,1073433.69,0,76.03,4.171,131.136,11.627,2012,5,May,Q2,18,2012-05,Non-Holiday,1.0734336899999999
12,2012-05-11,1041995.22,0,77.27,4.186,131.1453333,11.627,2012,5,May,Q2,19,2012-05,Non-Holiday,1.04199522
12,2012-05-18,1020486.05,0,84.51,4.11,131.0983226,11.627,2012,5,May,Q2,20,2012-05,Non-Holiday,1.0204860500000001
12,2012-05-25,991514.21,0,83.84,4.293,131.0287742,11.627,2012,5,May,Q2,21,2012-05,Non-Holiday,0.99151421
12,2012-06-01,981345.2,0,78.11,4.277,130.9592258,11.627,2012,6,June,Q2,22,2012-06,Non-Holiday,0.9813451999999999
12,2012-06-08,1086231.47,0,84.83,4.103,130.8896774,11.627,2012,6,June,Q2,23,2012-06,Non-Holiday,1.08623147
12,2012-06-15,1019555.51,0,85.94,4.144,130.8295333,11.627,2012,6,June,Q2,24,2012-06,Non-Holiday,1.01955551
12,2012-06-22,981386.25,0,91.61,4.014,130.7929,11.627,2012,6,June,Q2,25,2012-06,Non-Holiday,0.98138625
12,2012-06-29,943124.74,0,90.47,3.875,130.7562667,11.627,2012,6,June,Q2,26,2012-06,Non-Holiday,0.94312474
12,2012-07-06,1014898.78,0,89.13,3.765,130.7196333,10.926,2012,7,July,Q3,27,2012-07,Non-Holiday,1.01489878
12,2012-07-13,960312.75,0,95.61,3.723,130.683,10.926,2012,7,July,Q3,28,2012-07,Non-Holiday,0.96031275
12,2012-07-20,941550.34,0,85.53,3.726,130.7012903,10.926,2012,7,July,Q3,29,2012-07,Non-Holiday,0.9415503399999999
12,2012-07-27,916967.92,0,93.47,3.769,130.7195806,10.926,2012,7,July,Q3,30,2012-07,Non-Holiday,0.91696792
12,2012-08-03,958667.23,0,88.16,3.76,130.737871,10.926,2012,8,August,Q3,31,2012-08,Non-Holiday,0.95866723
12,2012-08-10,984689.9,0,95.91,3.811,130.7561613,10.926,2012,8,August,Q3,32,2012-08,Non-Holiday,0.9846899
12,2012-08-17,1005003.12,0,94.87,4.002,130.7909677,10.926,2012,8,August,Q3,33,2012-08,Non-Holiday,1.00500312
12,2012-08-24,1048101.39,0,85.32,4.055,130.8381613,10.926,2012,8,August,Q3,34,2012-08,Non-Holiday,1.04810139
12,2012-08-31,1061943.49,0,89.78,4.093,130.8853548,10.926,2012,8,August,Q3,35,2012-08,Non-Holiday,1.06194349
12,2012-09-07,955146.04,1,88.52,4.124,130.9325484,10.926,2012,9,September,Q3,36,2012-09,Holiday,0.95514604
12,2012-09-14,885892.37,0,83.64,4.133,130.9776667,10.926,2012,9,September,Q3,37,2012-09,Non-Holiday,0.88589237
12,2012-09-21,922735.37,0,82.97,4.125,131.0103333,10.926,2012,9,September,Q3,38,2012-09,Non-Holiday,0.9227353699999999
12,2012-09-28,880415.67,0,81.22,3.966,131.043,10.926,2012,9,September,Q3,39,2012-09,Non-Holiday,0.8804156700000001
12,2012-10-05,979825.92,0,81.61,3.966,131.0756667,10.199,2012,10,October,Q4,40,2012-10,Non-Holiday,0.97982592
12,2012-10-12,934917.47,0,71.74,4.468,131.1083333,10.199,2012,10,October,Q4,41,2012-10,Non-Holiday,0.9349174699999999
12,2012-10-19,960945.43,0,68.66,4.449,131.1499677,10.199,2012,10,October,Q4,42,2012-10,Non-Holiday,0.9609454300000001
12,2012-10-26,974697.6,0,65.95,4.301,131.1930968,10.199,2012,10,October,Q4,43,2012-10,Non-Holiday,0.9746975999999999
13,2010-02-05,1967220.53,0,31.53,2.666,126.4420645,8.316,2010,2,February,Q1,5,2010-02,Non-Holiday,1.96722053
13,2010-02-12,2030933.46,1,33.16,2.671,126.4962581,8.316,2010,2,February,Q1,6,2010-02,Holiday,2.03093346
13,2010-02-19,1970274.64,0,35.7,2.654,126.5262857,8.316,2010,2,February,Q1,7,2010-02,Non-Holiday,1.97027464
13,2010-02-26,1817850.32,0,29.98,2.667,126.5522857,8.316,2010,2,February,Q1,8,2010-02,Non-Holiday,1.81785032
13,2010-03-05,1939980.43,0,40.65,2.681,126.5782857,8.316,2010,3,March,Q1,9,2010-03,Non-Holiday,1.9399804299999999
13,2010-03-12,1840686.94,0,37.62,2.733,126.6042857,8.316,2010,3,March,Q1,10,2010-03,Non-Holiday,1.8406869399999999
13,2010-03-19,1879794.89,0,42.49,2.782,126.6066452,8.316,2010,3,March,Q1,11,2010-03,Non-Holiday,1.8797948899999999
13,2010-03-26,1882095.98,0,41.48,2.819,126.6050645,8.316,2010,3,March,Q1,12,2010-03,Non-Holiday,1.88209598
13,2010-04-02,2142482.14,0,42.15,2.842,126.6034839,8.107,2010,4,April,Q2,13,2010-04,Non-Holiday,2.1424821400000003
13,2010-04-09,1898321.33,0,38.97,2.877,126.6019032,8.107,2010,4,April,Q2,14,2010-04,Non-Holiday,1.8983213300000001
13,2010-04-16,1819660.44,0,50.39,2.915,126.5621,8.107,2010,4,April,Q2,15,2010-04,Non-Holiday,1.81966044
13,2010-04-23,1909330.77,0,55.66,2.936,126.4713333,8.107,2010,4,April,Q2,16,2010-04,Non-Holiday,1.90933077
13,2010-04-30,1785823.37,0,48.33,2.941,126.3805667,8.107,2010,4,April,Q2,17,2010-04,Non-Holiday,1.7858233700000001
13,2010-05-07,2005478.46,0,44.42,2.948,126.2898,8.107,2010,5,May,Q2,18,2010-05,Non-Holiday,2.00547846
13,2010-05-14,1890273.44,0,50.15,2.962,126.2085484,8.107,2010,5,May,Q2,19,2010-05,Non-Holiday,1.8902734399999999
13,2010-05-21,1853657.6,0,57.71,2.95,126.1843871,8.107,2010,5,May,Q2,20,2010-05,Non-Holiday,1.8536576
13,2010-05-28,1877358.86,0,53.11,2.908,126.1602258,8.107,2010,5,May,Q2,21,2010-05,Non-Holiday,1.8773588600000002
13,2010-06-04,2022705.22,0,59.85,2.871,126.1360645,8.107,2010,6,June,Q2,22,2010-06,Non-Holiday,2.02270522
13,2010-06-11,2037880.96,0,65.24,2.841,126.1119032,8.107,2010,6,June,Q2,23,2010-06,Non-Holiday,2.03788096
13,2010-06-18,2003435.31,0,58.41,2.819,126.114,8.107,2010,6,June,Q2,24,2010-06,Non-Holiday,2.00343531
13,2010-06-25,1970340.25,0,71.83,2.82,126.1266,8.107,2010,6,June,Q2,25,2010-06,Non-Holiday,1.97034025
13,2010-07-02,2018314.71,0,78.82,2.814,126.1392,7.951,2010,7,July,Q3,26,2010-07,Non-Holiday,2.01831471
13,2010-07-09,1870843.9,0,71.33,2.802,126.1518,7.951,2010,7,July,Q3,27,2010-07,Non-Holiday,1.8708439
13,2010-07-16,1932231.05,0,77.79,2.791,126.1498065,7.951,2010,7,July,Q3,28,2010-07,Non-Holiday,1.93223105
13,2010-07-23,1907351.2,0,82.27,2.797,126.1283548,7.951,2010,7,July,Q3,29,2010-07,Non-Holiday,1.9073512
13,2010-07-30,1817887.23,0,78.94,2.797,126.1069032,7.951,2010,7,July,Q3,30,2010-07,Non-Holiday,1.81788723
13,2010-08-06,1969121.45,0,81.24,2.802,126.0854516,7.951,2010,8,August,Q3,31,2010-08,Non-Holiday,1.96912145
13,2010-08-13,1877592.55,0,74.93,2.837,126.064,7.951,2010,8,August,Q3,32,2010-08,Non-Holiday,1.8775925500000001
13,2010-08-20,1997397.63,0,76.34,2.85,126.0766452,7.951,2010,8,August,Q3,33,2010-08,Non-Holiday,1.9973976299999998
13,2010-08-27,1908278.27,0,75.31,2.854,126.0892903,7.951,2010,8,August,Q3,34,2010-08,Non-Holiday,1.90827827
13,2010-09-03,1911852.58,0,65.71,2.868,126.1019355,7.951,2010,9,September,Q3,35,2010-09,Non-Holiday,1.9118525800000001
13,2010-09-10,1772143.94,1,65.74,2.87,126.1145806,7.951,2010,9,September,Q3,36,2010-09,Holiday,1.7721439399999999
13,2010-09-17,1790279.74,0,66.84,2.875,126.1454667,7.951,2010,9,September,Q3,37,2010-09,Non-Holiday,1.79027974
13,2010-09-24,1705655.09,0,68.22,2.872,126.1900333,7.951,2010,9,September,Q3,38,2010-09,Non-Holiday,1.70565509
13,2010-10-01,1765584.48,0,68.74,2.853,126.2346,7.795,2010,10,October,Q4,39,2010-10,Non-Holiday,1.76558448
13,2010-10-08,1871924.07,0,63.03,2.841,126.2791667,7.795,2010,10,October,Q4,40,2010-10,Non-Holiday,1.8719240700000002
13,2010-10-15,1851431.06,0,54.12,2.845,126.3266774,7.795,2010,10,October,Q4,41,2010-10,Non-Holiday,1.8514310600000001
13,2010-10-22,1796949.59,0,56.89,2.849,126.3815484,7.795,2010,10,October,Q4,42,2010-10,Non-Holiday,1.79694959
13,2010-10-29,1887895.07,0,45.12,2.841,126.4364194,7.795,2010,10,October,Q4,43,2010-10,Non-Holiday,1.8878950700000001
13,2010-11-05,1854967.66,0,49.96,2.831,126.4912903,7.795,2010,11,November,Q4,44,2010-11,Non-Holiday,1.85496766
13,2010-11-12,1939964.63,0,42.55,2.831,126.5461613,7.795,2010,11,November,Q4,45,2010-11,Non-Holiday,1.93996463
13,2010-11-19,1925393.91,0,42.0,2.842,126.6072,7.795,2010,11,November,Q4,46,2010-11,Non-Holiday,1.92539391
13,2010-11-26,2766400.05,1,28.22,2.83,126.6692667,7.795,2010,11,November,Q4,47,2010-11,Holiday,2.7664000499999997
13,2010-12-03,2083379.89,0,25.8,2.812,126.7313333,7.795,2010,12,December,Q4,48,2010-12,Non-Holiday,2.08337989
13,2010-12-10,2461468.35,0,36.78,2.817,126.7934,7.795,2010,12,December,Q4,49,2010-12,Non-Holiday,2.46146835
13,2010-12-17,2771646.81,0,35.21,2.842,126.8794839,7.795,2010,12,December,Q4,50,2010-12,Non-Holiday,2.77164681
13,2010-12-24,3595903.2,0,34.9,2.846,126.9835806,7.795,2010,12,December,Q4,51,2010-12,Non-Holiday,3.5959032
13,2010-12-31,1675292.0,1,26.79,2.868,127.0876774,7.795,2010,12,December,Q4,52,2010-12,Holiday,1.675292
13,2011-01-07,1744544.39,0,16.94,2.891,127.1917742,7.47,2011,1,January,Q1,1,2011-01,Non-Holiday,1.74454439
13,2011-01-14,1682316.31,0,20.6,2.903,127.3009355,7.47,2011,1,January,Q1,2,2011-01,Non-Holiday,1.68231631
13,2011-01-21,1770177.37,0,34.8,2.934,127.4404839,7.47,2011,1,January,Q1,3,2011-01,Non-Holiday,1.77017737
13,2011-01-28,1633663.12,0,31.64,2.96,127.5800323,7.47,2011,1,January,Q1,4,2011-01,Non-Holiday,1.63366312
13,2011-02-04,1848186.58,0,23.35,2.974,127.7195806,7.47,2011,2,February,Q1,5,2011-02,Non-Holiday,1.8481865800000001
13,2011-02-11,1944438.9,1,30.83,3.034,127.859129,7.47,2011,2,February,Q1,6,2011-02,Holiday,1.9444389
13,2011-02-18,2003480.59,0,40.85,3.062,127.99525,7.47,2011,2,February,Q1,7,2011-02,Non-Holiday,2.00348059
13,2011-02-25,1831933.95,0,33.17,3.12,128.13,7.47,2011,2,February,Q1,8,2011-02,Non-Holiday,1.83193395
13,2011-03-04,1894960.68,0,34.23,3.23,128.26475,7.47,2011,3,March,Q1,9,2011-03,Non-Holiday,1.8949606799999998
13,2011-03-11,1852432.58,0,41.28,3.346,128.3995,7.47,2011,3,March,Q1,10,2011-03,Non-Holiday,1.85243258
13,2011-03-18,1852443.78,0,44.69,3.407,128.5121935,7.47,2011,3,March,Q1,11,2011-03,Non-Holiday,1.85244378
13,2011-03-25,1807545.43,0,42.38,3.435,128.6160645,7.47,2011,3,March,Q1,12,2011-03,Non-Holiday,1.80754543
13,2011-04-01,1864238.64,0,42.49,3.487,128.7199355,7.193,2011,4,April,Q2,13,2011-04,Non-Holiday,1.86423864
13,2011-04-08,1887465.04,0,42.75,3.547,128.8238065,7.193,2011,4,April,Q2,14,2011-04,Non-Holiday,1.88746504
13,2011-04-15,1950994.04,0,41.72,3.616,128.9107333,7.193,2011,4,April,Q2,15,2011-04,Non-Holiday,1.95099404
13,2011-04-22,2124316.34,0,47.55,3.655,128.9553,7.193,2011,4,April,Q2,16,2011-04,Non-Holiday,2.12431634
13,2011-04-29,1895583.12,0,43.85,3.683,128.9998667,7.193,2011,4,April,Q2,17,2011-04,Non-Holiday,1.8955831200000002
13,2011-05-06,1986380.4,0,47.75,3.744,129.0444333,7.193,2011,5,May,Q2,18,2011-05,Non-Holiday,1.9863803999999998
13,2011-05-13,1958823.56,0,52.4,3.77,129.089,7.193,2011,5,May,Q2,19,2011-05,Non-Holiday,1.9588235600000001
13,2011-05-20,1860923.55,0,52.12,3.802,129.0756774,7.193,2011,5,May,Q2,20,2011-05,Non-Holiday,1.86092355
13,2011-05-27,1866369.93,0,54.62,3.778,129.0623548,7.193,2011,5,May,Q2,21,2011-05,Non-Holiday,1.8663699299999998
13,2011-06-03,1935593.87,0,52.76,3.752,129.0490323,7.193,2011,6,June,Q2,22,2011-06,Non-Holiday,1.9355938700000002
13,2011-06-10,1997816.98,0,61.39,3.732,129.0357097,7.193,2011,6,June,Q2,23,2011-06,Non-Holiday,1.99781698
13,2011-06-17,2086433.49,0,63.35,3.704,129.0432,7.193,2011,6,June,Q2,24,2011-06,Non-Holiday,2.08643349
13,2011-06-24,2009163.08,0,66.38,3.668,129.0663,7.193,2011,6,June,Q2,25,2011-06,Non-Holiday,2.00916308
13,2011-07-01,2048035.74,0,74.29,3.613,129.0894,6.877,2011,7,July,Q3,26,2011-07,Non-Holiday,2.04803574
13,2011-07-08,2021699.38,0,77.3,3.563,129.1125,6.877,2011,7,July,Q3,27,2011-07,Non-Holiday,2.02169938
13,2011-07-15,1956813.31,0,75.59,3.553,129.1338387,6.877,2011,7,July,Q3,28,2011-07,Non-Holiday,1.95681331
13,2011-07-22,1987089.36,0,78.5,3.563,129.1507742,6.877,2011,7,July,Q3,29,2011-07,Non-Holiday,1.9870893600000001
13,2011-07-29,1880785.69,0,77.62,3.574,129.1677097,6.877,2011,7,July,Q3,30,2011-07,Non-Holiday,1.88078569
13,2011-08-05,2076231.8,0,75.56,3.595,129.1846452,6.877,2011,8,August,Q3,31,2011-08,Non-Holiday,2.0762318
13,2011-08-12,1970341.38,0,75.95,3.606,129.2015806,6.877,2011,8,August,Q3,32,2011-08,Non-Holiday,1.9703413799999998
13,2011-08-19,2090340.98,0,76.68,3.578,129.2405806,6.877,2011,8,August,Q3,33,2011-08,Non-Holiday,2.09034098
13,2011-08-26,2035244.54,0,81.53,3.57,129.2832581,6.877,2011,8,August,Q3,34,2011-08,Non-Holiday,2.03524454
13,2011-09-02,1953628.82,0,77.0,3.58,129.3259355,6.877,2011,9,September,Q3,35,2011-09,Non-Holiday,1.95362882
13,2011-09-09,1872921.31,1,70.19,3.619,129.3686129,6.877,2011,9,September,Q3,36,2011-09,Holiday,1.87292131
13,2011-09-16,1923223.82,0,67.54,3.641,129.4306,6.877,2011,9,September,Q3,37,2011-09,Non-Holiday,1.92322382
13,2011-09-23,1847430.96,0,63.6,3.648,129.5183333,6.877,2011,9,September,Q3,38,2011-09,Non-Holiday,1.84743096
13,2011-09-30,1835662.69,0,68.28,3.623,129.6060667,6.877,2011,9,September,Q3,39,2011-09,Non-Holiday,1.83566269
13,2011-10-07,2067232.56,0,60.62,3.592,129.6938,6.392,2011,10,October,Q4,40,2011-10,Non-Holiday,2.06723256
13,2011-10-14,1929659.07,0,51.74,3.567,129.7706452,6.392,2011,10,October,Q4,41,2011-10,Non-Holiday,1.92965907
13,2011-10-21,1973544.27,0,54.66,3.579,129.7821613,6.392,2011,10,October,Q4,42,2011-10,Non-Holiday,1.97354427
13,2011-10-28,1948733.81,0,47.41,3.567,129.7936774,6.392,2011,10,October,Q4,43,2011-10,Non-Holiday,1.94873381
13,2011-11-04,2036317.54,0,43.51,3.538,129.8051935,6.392,2011,11,November,Q4,44,2011-11,Non-Holiday,2.03631754
13,2011-11-11,2111592.09,0,33.8,3.513,129.8167097,6.392,2011,11,November,Q4,45,2011-11,Non-Holiday,2.11159209
13,2011-11-18,2016323.51,0,40.65,3.489,129.8268333,6.392,2011,11,November,Q4,46,2011-11,Non-Holiday,2.01632351
13,2011-11-25,2864170.61,1,38.89,3.445,129.8364,6.392,2011,11,November,Q4,47,2011-11,Holiday,2.86417061
13,2011-12-02,2051315.66,0,33.94,3.389,129.8459667,6.392,2011,12,December,Q4,48,2011-12,Non-Holiday,2.0513156599999998
13,2011-12-09,2462779.06,0,24.82,3.341,129.8555333,6.392,2011,12,December,Q4,49,2011-12,Non-Holiday,2.46277906
13,2011-12-16,2760346.71,0,27.85,3.282,129.8980645,6.392,2011,12,December,Q4,50,2011-12,Non-Holiday,2.76034671
13,2011-12-23,3556766.03,0,24.76,3.186,129.9845484,6.392,2011,12,December,Q4,51,2011-12,Non-Holiday,3.55676603
13,2011-12-30,1969056.91,1,31.53,3.119,130.0710323,6.392,2011,12,December,Q4,52,2011-12,Holiday,1.96905691
13,2012-01-06,1865752.78,0,33.8,3.08,130.1575161,6.104,2012,1,January,Q1,1,2012-01,Non-Holiday,1.86575278
13,2012-01-13,1794962.64,0,25.61,3.056,130.244,6.104,2012,1,January,Q1,2,2012-01,Non-Holiday,1.7949626399999998
13,2012-01-20,1811606.21,0,32.71,3.047,130.2792258,6.104,2012,1,January,Q1,3,2012-01,Non-Holiday,1.8116062099999999
13,2012-01-27,1733983.09,0,34.32,3.058,130.3144516,6.104,2012,1,January,Q1,4,2012-01,Non-Holiday,1.7339830900000002
13,2012-02-03,1927780.74,0,31.39,3.077,130.3496774,6.104,2012,2,February,Q1,5,2012-02,Non-Holiday,1.92778074
13,2012-02-10,2069284.57,1,33.73,3.116,130.3849032,6.104,2012,2,February,Q1,6,2012-02,Holiday,2.06928457
13,2012-02-17,2214477.06,0,36.57,3.119,130.4546207,6.104,2012,2,February,Q1,7,2012-02,Non-Holiday,2.21447706
13,2012-02-24,1929768.03,0,35.38,3.145,130.5502069,6.104,2012,2,February,Q1,8,2012-02,Non-Holiday,1.92976803
13,2012-03-02,1969742.76,0,32.36,3.242,130.6457931,6.104,2012,3,March,Q1,9,2012-03,Non-Holiday,1.96974276
13,2012-03-09,1986445.65,0,38.24,3.38,130.7413793,6.104,2012,3,March,Q1,10,2012-03,Non-Holiday,1.9864456499999998
13,2012-03-16,2025582.62,0,52.5,3.529,130.8261935,6.104,2012,3,March,Q1,11,2012-03,Non-Holiday,2.0255826200000002
13,2012-03-23,1904421.74,0,47.83,3.671,130.8966452,6.104,2012,3,March,Q1,12,2012-03,Non-Holiday,1.90442174
13,2012-03-30,1948982.7,0,53.2,3.734,130.9670968,6.104,2012,3,March,Q1,13,2012-03,Non-Holiday,1.9489827
13,2012-04-06,2271614.76,0,48.85,3.793,131.0375484,5.965,2012,4,April,Q2,14,2012-04,Non-Holiday,2.27161476
13,2012-04-13,2057637.86,0,51.7,3.833,131.108,5.965,2012,4,April,Q2,15,2012-04,Non-Holiday,2.0576378600000003
13,2012-04-20,1955689.12,0,50.24,3.845,131.1173333,5.965,2012,4,April,Q2,16,2012-04,Non-Holiday,1.9556891200000002
13,2012-04-27,1970121.65,0,64.8,3.842,131.1266667,5.965,2012,4,April,Q2,17,2012-04,Non-Holiday,1.9701216499999998
13,2012-05-04,1995994.51,0,54.41,3.831,131.136,5.965,2012,5,May,Q2,18,2012-05,Non-Holiday,1.99599451
13,2012-05-11,2080764.17,0,56.47,3.809,131.1453333,5.965,2012,5,May,Q2,19,2012-05,Non-Holiday,2.08076417
13,2012-05-18,2131900.55,0,65.17,3.808,131.0983226,5.965,2012,5,May,Q2,20,2012-05,Non-Holiday,2.1319005499999997
13,2012-05-25,2043349.41,0,62.39,3.801,131.0287742,5.965,2012,5,May,Q2,21,2012-05,Non-Holiday,2.04334941
13,2012-06-01,2035431.39,0,61.11,3.788,130.9592258,5.965,2012,6,June,Q2,22,2012-06,Non-Holiday,2.03543139
13,2012-06-08,2182437.9,0,68.4,3.776,130.8896774,5.965,2012,6,June,Q2,23,2012-06,Non-Holiday,2.1824379
13,2012-06-15,2152229.11,0,65.97,3.756,130.8295333,5.965,2012,6,June,Q2,24,2012-06,Non-Holiday,2.15222911
13,2012-06-22,2094373.0,0,72.89,3.737,130.7929,5.965,2012,6,June,Q2,25,2012-06,Non-Holiday,2.094373
13,2012-06-29,2037663.71,0,82.0,3.681,130.7562667,5.965,2012,6,June,Q2,26,2012-06,Non-Holiday,2.03766371
13,2012-07-06,2184980.35,0,79.23,3.63,130.7196333,5.765,2012,7,July,Q3,27,2012-07,Non-Holiday,2.18498035
13,2012-07-13,2002750.99,0,83.68,3.595,130.683,5.765,2012,7,July,Q3,28,2012-07,Non-Holiday,2.00275099
13,2012-07-20,2053089.32,0,75.69,3.556,130.7012903,5.765,2012,7,July,Q3,29,2012-07,Non-Holiday,2.05308932
13,2012-07-27,1914430.53,0,80.42,3.537,130.7195806,5.765,2012,7,July,Q3,30,2012-07,Non-Holiday,1.91443053
13,2012-08-03,2044148.23,0,81.99,3.512,130.737871,5.765,2012,8,August,Q3,31,2012-08,Non-Holiday,2.04414823
13,2012-08-10,2041019.92,0,81.69,3.509,130.7561613,5.765,2012,8,August,Q3,32,2012-08,Non-Holiday,2.04101992
13,2012-08-17,2095769.18,0,79.4,3.545,130.7909677,5.765,2012,8,August,Q3,33,2012-08,Non-Holiday,2.09576918
13,2012-08-24,2059458.25,0,77.37,3.582,130.8381613,5.765,2012,8,August,Q3,34,2012-08,Non-Holiday,2.05945825
13,2012-08-31,2073855.42,0,79.18,3.624,130.8853548,5.765,2012,8,August,Q3,35,2012-08,Non-Holiday,2.07385542
13,2012-09-07,2165796.31,1,70.65,3.689,130.9325484,5.765,2012,9,September,Q3,36,2012-09,Holiday,2.16579631
13,2012-09-14,1919917.03,0,68.55,3.749,130.9776667,5.765,2012,9,September,Q3,37,2012-09,Non-Holiday,1.9199170300000001
13,2012-09-21,1938379.66,0,67.96,3.821,131.0103333,5.765,2012,9,September,Q3,38,2012-09,Non-Holiday,1.9383796599999998
13,2012-09-28,1927664.11,0,64.8,3.821,131.043,5.765,2012,9,September,Q3,39,2012-09,Non-Holiday,1.92766411
13,2012-10-05,2041918.74,0,61.79,3.815,131.0756667,5.621,2012,10,October,Q4,40,2012-10,Non-Holiday,2.04191874
13,2012-10-12,1999079.44,0,55.1,3.797,131.1083333,5.621,2012,10,October,Q4,41,2012-10,Non-Holiday,1.99907944
13,2012-10-19,2018010.15,0,52.06,3.781,131.1499677,5.621,2012,10,October,Q4,42,2012-10,Non-Holiday,2.01801015
13,2012-10-26,2035189.66,0,46.97,3.755,131.1930968,5.621,2012,10,October,Q4,43,2012-10,Non-Holiday,2.03518966
14,2010-02-05,2623469.95,0,27.31,2.784,181.8711898,8.992,2010,2,February,Q1,5,2010-02,Non-Holiday,2.62346995
14,2010-02-12,1704218.84,1,27.73,2.773,181.982317,8.992,2010,2,February,Q1,6,2010-02,Holiday,1.70421884
14,2010-02-19,2204556.7,0,31.27,2.745,182.0347816,8.992,2010,2,February,Q1,7,2010-02,Non-Holiday,2.2045567000000004
14,2010-02-26,2095591.63,0,34.89,2.754,182.0774691,8.992,2010,2,February,Q1,8,2010-02,Non-Holiday,2.09559163
14,2010-03-05,2237544.75,0,37.13,2.777,182.1201566,8.992,2010,3,March,Q1,9,2010-03,Non-Holiday,2.23754475
14,2010-03-12,2156035.06,0,45.8,2.818,182.1628441,8.992,2010,3,March,Q1,10,2010-03,Non-Holiday,2.1560350600000002
14,2010-03-19,2066219.3,0,48.79,2.844,182.0779857,8.992,2010,3,March,Q1,11,2010-03,Non-Holiday,2.0662193
14,2010-03-26,2050396.27,0,54.36,2.854,181.9718697,8.992,2010,3,March,Q1,12,2010-03,Non-Holiday,2.05039627
14,2010-04-02,2495630.51,0,47.74,2.85,181.8657537,8.899,2010,4,April,Q2,13,2010-04,Non-Holiday,2.49563051
14,2010-04-09,2258781.28,0,65.45,2.869,181.7596377,8.899,2010,4,April,Q2,14,2010-04,Non-Holiday,2.25878128
14,2010-04-16,2121788.61,0,54.28,2.899,181.6924769,8.899,2010,4,April,Q2,15,2010-04,Non-Holiday,2.12178861
14,2010-04-23,2138144.91,0,53.47,2.902,181.6772564,8.899,2010,4,April,Q2,16,2010-04,Non-Holiday,2.1381449100000003
14,2010-04-30,2082355.12,0,53.15,2.921,181.6620359,8.899,2010,4,April,Q2,17,2010-04,Non-Holiday,2.08235512
14,2010-05-07,2370116.52,0,70.75,2.966,181.6468154,8.899,2010,5,May,Q2,18,2010-05,Non-Holiday,2.37011652
14,2010-05-14,2129771.13,0,54.26,2.982,181.6612792,8.899,2010,5,May,Q2,19,2010-05,Non-Holiday,2.12977113
14,2010-05-21,2108187.1,0,62.62,2.958,181.8538486,8.899,2010,5,May,Q2,20,2010-05,Non-Holiday,2.1081871000000003
14,2010-05-28,2227152.16,0,69.27,2.899,182.0464181,8.899,2010,5,May,Q2,21,2010-05,Non-Holiday,2.22715216
14,2010-06-04,2363601.47,0,75.93,2.847,182.2389876,8.899,2010,6,June,Q2,22,2010-06,Non-Holiday,2.3636014700000003
14,2010-06-11,2249570.04,0,69.71,2.809,182.4315571,8.899,2010,6,June,Q2,23,2010-06,Non-Holiday,2.24957004
14,2010-06-18,2248645.59,0,72.62,2.78,182.4424199,8.899,2010,6,June,Q2,24,2010-06,Non-Holiday,2.2486455899999997
14,2010-06-25,2246179.91,0,79.32,2.808,182.3806,8.899,2010,6,June,Q2,25,2010-06,Non-Holiday,2.24617991
14,2010-07-02,2334788.42,0,76.61,2.815,182.3187801,8.743,2010,7,July,Q3,26,2010-07,Non-Holiday,2.3347884199999998
14,2010-07-09,2236209.13,0,82.45,2.793,182.2569603,8.743,2010,7,July,Q3,27,2010-07,Non-Holiday,2.2362091299999998
14,2010-07-16,2130287.27,0,77.84,2.783,182.2604411,8.743,2010,7,July,Q3,28,2010-07,Non-Holiday,2.13028727
14,2010-07-23,2044155.39,0,81.46,2.771,182.3509895,8.743,2010,7,July,Q3,29,2010-07,Non-Holiday,2.04415539
14,2010-07-30,2054843.28,0,79.78,2.781,182.4415378,8.743,2010,7,July,Q3,30,2010-07,Non-Holiday,2.05484328
14,2010-08-06,2219813.5,0,77.17,2.784,182.5320862,8.743,2010,8,August,Q3,31,2010-08,Non-Holiday,2.2198135
14,2010-08-13,2052984.81,0,78.44,2.805,182.6226346,8.743,2010,8,August,Q3,32,2010-08,Non-Holiday,2.05298481
14,2010-08-20,2057138.31,0,76.01,2.779,182.6165205,8.743,2010,8,August,Q3,33,2010-08,Non-Holiday,2.05713831
14,2010-08-27,2020332.07,0,71.36,2.755,182.6104063,8.743,2010,8,August,Q3,34,2010-08,Non-Holiday,2.0203320700000003
14,2010-09-03,2182563.66,0,78.37,2.715,182.6042922,8.743,2010,9,September,Q3,35,2010-09,Non-Holiday,2.18256366
14,2010-09-10,2191767.76,1,70.87,2.699,182.598178,8.743,2010,9,September,Q3,36,2010-09,Holiday,2.19176776
14,2010-09-17,1953539.85,0,66.55,2.706,182.622509,8.743,2010,9,September,Q3,37,2010-09,Non-Holiday,1.95353985
14,2010-09-24,1879891.13,0,68.59,2.713,182.6696737,8.743,2010,9,September,Q3,38,2010-09,Non-Holiday,1.8798911299999999
14,2010-10-01,1855703.66,0,70.58,2.707,182.7168385,8.724,2010,10,October,Q4,39,2010-10,Non-Holiday,1.8557036599999999
14,2010-10-08,2091663.2,0,56.49,2.764,182.7640032,8.724,2010,10,October,Q4,40,2010-10,Non-Holiday,2.0916632
14,2010-10-15,1932162.63,0,58.61,2.868,182.8106203,8.724,2010,10,October,Q4,41,2010-10,Non-Holiday,1.9321626299999999
14,2010-10-22,1936621.09,0,53.15,2.917,182.8558685,8.724,2010,10,October,Q4,42,2010-10,Non-Holiday,1.93662109
14,2010-10-29,1984768.34,0,61.3,2.921,182.9011166,8.724,2010,10,October,Q4,43,2010-10,Non-Holiday,1.98476834
14,2010-11-05,2078417.47,0,45.65,2.917,182.9463648,8.724,2010,11,November,Q4,44,2010-11,Non-Holiday,2.0784174699999998
14,2010-11-12,2092189.06,0,46.14,2.931,182.9916129,8.724,2010,11,November,Q4,45,2010-11,Non-Holiday,2.09218906
14,2010-11-19,1968462.58,0,50.02,3.0,182.8989385,8.724,2010,11,November,Q4,46,2010-11,Non-Holiday,1.9684625800000002
14,2010-11-26,2921709.71,1,46.15,3.039,182.7832769,8.724,2010,11,November,Q4,47,2010-11,Holiday,2.92170971
14,2010-12-03,2258489.63,0,40.93,3.046,182.6676154,8.724,2010,12,December,Q4,48,2010-12,Non-Holiday,2.2584896299999997
14,2010-12-10,2600519.26,0,30.54,3.109,182.5519538,8.724,2010,12,December,Q4,49,2010-12,Non-Holiday,2.6005192599999996
14,2010-12-17,2762861.41,0,30.51,3.14,182.517732,8.724,2010,12,December,Q4,50,2010-12,Non-Holiday,2.76286141
14,2010-12-24,3818686.45,0,30.59,3.141,182.54459,8.724,2010,12,December,Q4,51,2010-12,Non-Holiday,3.8186864500000004
14,2010-12-31,1623716.46,1,29.67,3.179,182.5714479,8.724,2010,12,December,Q4,52,2010-12,Holiday,1.62371646
14,2011-01-07,1864746.1,0,34.32,3.193,182.5983058,8.549,2011,1,January,Q1,1,2011-01,Non-Holiday,1.8647461
14,2011-01-14,1699095.9,0,24.78,3.205,182.6585782,8.549,2011,1,January,Q1,2,2011-01,Non-Holiday,1.6990958999999999
14,2011-01-21,1743188.87,0,30.55,3.229,182.9193368,8.549,2011,1,January,Q1,3,2011-01,Non-Holiday,1.74318887
14,2011-01-28,1613718.38,0,24.05,3.237,183.1800955,8.549,2011,1,January,Q1,4,2011-01,Non-Holiday,1.61371838
14,2011-02-04,1995891.87,0,28.73,3.231,183.4408542,8.549,2011,2,February,Q1,5,2011-02,Non-Holiday,1.9958918700000001
14,2011-02-11,1980405.03,1,30.3,3.239,183.7016129,8.549,2011,2,February,Q1,6,2011-02,Holiday,1.98040503
14,2011-02-18,2019031.67,0,40.7,3.245,183.9371353,8.549,2011,2,February,Q1,7,2011-02,Non-Holiday,2.01903167
14,2011-02-25,1875708.88,0,35.78,3.274,184.1625632,8.549,2011,2,February,Q1,8,2011-02,Non-Holiday,1.87570888
14,2011-03-04,2041215.61,0,38.65,3.433,184.3879911,8.549,2011,3,March,Q1,9,2011-03,Non-Holiday,2.04121561
14,2011-03-11,1931104.67,0,45.01,3.582,184.613419,8.549,2011,3,March,Q1,10,2011-03,Non-Holiday,1.9311046699999999
14,2011-03-18,1932491.42,0,46.66,3.631,184.809719,8.549,2011,3,March,Q1,11,2011-03,Non-Holiday,1.9324914199999998
14,2011-03-25,1879451.23,0,41.76,3.625,184.9943679,8.549,2011,3,March,Q1,12,2011-03,Non-Holiday,1.87945123
14,2011-04-01,1869110.55,0,37.27,3.638,185.1790167,8.521,2011,4,April,Q2,13,2011-04,Non-Holiday,1.86911055
14,2011-04-08,2037798.88,0,48.71,3.72,185.3636656,8.521,2011,4,April,Q2,14,2011-04,Non-Holiday,2.03779888
14,2011-04-15,1974960.86,0,53.69,3.821,185.5339821,8.521,2011,4,April,Q2,15,2011-04,Non-Holiday,1.9749608600000002
14,2011-04-22,2256461.39,0,53.04,3.892,185.6684673,8.521,2011,4,April,Q2,16,2011-04,Non-Holiday,2.25646139
14,2011-04-29,1930617.64,0,66.18,3.962,185.8029526,8.521,2011,4,April,Q2,17,2011-04,Non-Holiday,1.93061764
14,2011-05-06,2095599.93,0,58.21,4.046,185.9374378,8.521,2011,5,May,Q2,18,2011-05,Non-Holiday,2.09559993
14,2011-05-13,2004330.3,0,60.38,4.066,186.0719231,8.521,2011,5,May,Q2,19,2011-05,Non-Holiday,2.0043303
14,2011-05-20,1959967.8,0,62.28,4.062,185.9661154,8.521,2011,5,May,Q2,20,2011-05,Non-Holiday,1.9599678
14,2011-05-27,2080694.24,0,69.7,3.985,185.8603077,8.521,2011,5,May,Q2,21,2011-05,Non-Holiday,2.08069424
14,2011-06-03,2079899.47,0,76.38,3.922,185.7545,8.521,2011,6,June,Q2,22,2011-06,Non-Holiday,2.07989947
14,2011-06-10,2132446.0,0,73.88,3.881,185.6486923,8.521,2011,6,June,Q2,23,2011-06,Non-Holiday,2.132446
14,2011-06-17,2082083.34,0,69.32,3.842,185.6719333,8.521,2011,6,June,Q2,24,2011-06,Non-Holiday,2.08208334
14,2011-06-24,2069523.52,0,74.85,3.804,185.7919609,8.521,2011,6,June,Q2,25,2011-06,Non-Holiday,2.06952352
14,2011-07-01,2074668.19,0,74.04,3.748,185.9119885,8.625,2011,7,July,Q3,26,2011-07,Non-Holiday,2.07466819
14,2011-07-08,2063401.06,0,77.49,3.711,186.032016,8.625,2011,7,July,Q3,27,2011-07,Non-Holiday,2.06340106
14,2011-07-15,1953544.76,0,78.47,3.76,186.1399808,8.625,2011,7,July,Q3,28,2011-07,Non-Holiday,1.95354476
14,2011-07-22,1882070.88,0,82.33,3.811,186.2177885,8.625,2011,7,July,Q3,29,2011-07,Non-Holiday,1.88207088
14,2011-07-29,1871021.01,0,81.31,3.829,186.2955962,8.625,2011,7,July,Q3,30,2011-07,Non-Holiday,1.87102101
14,2011-08-05,2066020.69,0,78.22,3.842,186.3734038,8.625,2011,8,August,Q3,31,2011-08,Non-Holiday,2.0660206899999998
14,2011-08-12,1928773.82,0,77.0,3.812,186.4512115,8.625,2011,8,August,Q3,32,2011-08,Non-Holiday,1.92877382
14,2011-08-19,1896873.99,0,72.98,3.747,186.5093071,8.625,2011,8,August,Q3,33,2011-08,Non-Holiday,1.89687399
14,2011-08-26,2273470.62,0,72.55,3.704,186.5641172,8.625,2011,8,August,Q3,34,2011-08,Non-Holiday,2.2734706200000003
14,2011-09-02,1750891.47,0,70.63,3.703,186.6189274,8.625,2011,9,September,Q3,35,2011-09,Non-Holiday,1.75089147
14,2011-09-09,2202742.9,1,71.48,3.738,186.6737376,8.625,2011,9,September,Q3,36,2011-09,Holiday,2.2027429
14,2011-09-16,1864637.89,0,69.17,3.742,186.8024,8.625,2011,9,September,Q3,37,2011-09,Non-Holiday,1.8646378899999998
14,2011-09-23,1871555.64,0,63.75,3.711,187.0295321,8.625,2011,9,September,Q3,38,2011-09,Non-Holiday,1.87155564
14,2011-09-30,1809989.29,0,70.66,3.645,187.2566641,8.625,2011,9,September,Q3,39,2011-09,Non-Holiday,1.80998929
14,2011-10-07,2078796.76,0,55.82,3.583,187.4837962,8.523,2011,10,October,Q4,40,2011-10,Non-Holiday,2.07879676
14,2011-10-14,1890870.75,0,63.82,3.541,187.6917481,8.523,2011,10,October,Q4,41,2011-10,Non-Holiday,1.89087075
14,2011-10-21,2009004.59,0,59.6,3.57,187.7846197,8.523,2011,10,October,Q4,42,2011-10,Non-Holiday,2.00900459
14,2011-10-28,2056846.12,0,51.78,3.569,187.8774913,8.523,2011,10,October,Q4,43,2011-10,Non-Holiday,2.0568461200000003
14,2011-11-04,2174056.71,0,43.92,3.551,187.9703629,8.523,2011,11,November,Q4,44,2011-11,Non-Holiday,2.17405671
14,2011-11-11,2081534.65,0,47.65,3.53,188.0632345,8.523,2011,11,November,Q4,45,2011-11,Non-Holiday,2.08153465
14,2011-11-18,1969360.72,0,51.34,3.53,188.1983654,8.523,2011,11,November,Q4,46,2011-11,Non-Holiday,1.96936072
14,2011-11-25,2685351.81,1,48.71,3.492,188.3504,8.523,2011,11,November,Q4,47,2011-11,Holiday,2.6853518100000002
14,2011-12-02,2143080.57,0,50.19,3.452,188.5024346,8.523,2011,12,December,Q4,48,2011-12,Non-Holiday,2.14308057
14,2011-12-09,2470581.29,0,46.57,3.415,188.6544692,8.523,2011,12,December,Q4,49,2011-12,Non-Holiday,2.47058129
14,2011-12-16,2594363.09,0,39.93,3.413,188.7979349,8.523,2011,12,December,Q4,50,2011-12,Non-Holiday,2.59436309
14,2011-12-23,3369068.99,0,42.27,3.389,188.9299752,8.523,2011,12,December,Q4,51,2011-12,Non-Holiday,3.36906899
14,2011-12-30,1914148.89,1,37.79,3.389,189.0620155,8.523,2011,12,December,Q4,52,2011-12,Holiday,1.9141488899999999
14,2012-01-06,1859144.96,0,35.88,3.422,189.1940558,8.424,2012,1,January,Q1,1,2012-01,Non-Holiday,1.85914496
14,2012-01-13,1696248.27,0,41.18,3.513,189.3260962,8.424,2012,1,January,Q1,2,2012-01,Non-Holiday,1.6962482700000001
14,2012-01-20,1789113.32,0,31.85,3.533,189.4214733,8.424,2012,1,January,Q1,3,2012-01,Non-Holiday,1.78911332
14,2012-01-27,1595362.27,0,37.93,3.567,189.5168505,8.424,2012,1,January,Q1,4,2012-01,Non-Holiday,1.59536227
14,2012-02-03,1877410.36,0,42.96,3.617,189.6122277,8.424,2012,2,February,Q1,5,2012-02,Non-Holiday,1.87741036
14,2012-02-10,2077256.24,1,37.0,3.64,189.7076048,8.424,2012,2,February,Q1,6,2012-02,Holiday,2.07725624
14,2012-02-17,2020550.99,0,36.85,3.695,189.8424834,8.424,2012,2,February,Q1,7,2012-02,Non-Holiday,2.02055099
14,2012-02-24,1875040.16,0,42.86,3.739,190.0069881,8.424,2012,2,February,Q1,8,2012-02,Non-Holiday,1.87504016
14,2012-03-02,1926004.99,0,41.55,3.816,190.1714927,8.424,2012,3,March,Q1,9,2012-03,Non-Holiday,1.92600499
14,2012-03-09,2020839.31,0,45.52,3.848,190.3359973,8.424,2012,3,March,Q1,10,2012-03,Non-Holiday,2.02083931
14,2012-03-16,1941040.5,0,50.56,3.862,190.4618964,8.424,2012,3,March,Q1,11,2012-03,Non-Holiday,1.9410405
14,2012-03-23,1893447.71,0,59.45,3.9,190.5363213,8.424,2012,3,March,Q1,12,2012-03,Non-Holiday,1.89344771
14,2012-03-30,1905033.01,0,50.04,3.953,190.6107463,8.424,2012,3,March,Q1,13,2012-03,Non-Holiday,1.90503301
14,2012-04-06,2376022.26,0,49.73,3.996,190.6851712,8.567,2012,4,April,Q2,14,2012-04,Non-Holiday,2.3760222599999996
14,2012-04-13,1912909.69,0,51.83,4.044,190.7595962,8.567,2012,4,April,Q2,15,2012-04,Non-Holiday,1.91290969
14,2012-04-20,1875686.44,0,63.13,4.027,190.8138013,8.567,2012,4,April,Q2,16,2012-04,Non-Holiday,1.87568644
14,2012-04-27,1784029.95,0,53.2,4.004,190.8680064,8.567,2012,4,April,Q2,17,2012-04,Non-Holiday,1.7840299499999999
14,2012-05-04,1949354.29,0,55.21,3.951,190.9222115,8.567,2012,5,May,Q2,18,2012-05,Non-Holiday,1.94935429
14,2012-05-11,1987531.05,0,61.24,3.889,190.9764167,8.567,2012,5,May,Q2,19,2012-05,Non-Holiday,1.98753105
14,2012-05-18,1932233.17,0,66.3,3.848,190.9964479,8.567,2012,5,May,Q2,20,2012-05,Non-Holiday,1.93223317
14,2012-05-25,2030869.61,0,67.21,3.798,191.0028096,8.567,2012,5,May,Q2,21,2012-05,Non-Holiday,2.03086961
14,2012-06-01,2049485.49,0,74.48,3.742,191.0091712,8.567,2012,6,June,Q2,22,2012-06,Non-Holiday,2.04948549
14,2012-06-08,2099615.88,0,64.3,3.689,191.0155329,8.567,2012,6,June,Q2,23,2012-06,Non-Holiday,2.09961588
14,2012-06-15,1905733.68,0,71.93,3.62,191.0299731,8.567,2012,6,June,Q2,24,2012-06,Non-Holiday,1.90573368
14,2012-06-22,1660228.88,0,74.22,3.564,191.0646096,8.567,2012,6,June,Q2,25,2012-06,Non-Holiday,1.6602288799999998
14,2012-06-29,1591835.02,0,75.22,3.506,191.0992462,8.567,2012,6,June,Q2,26,2012-06,Non-Holiday,1.59183502
14,2012-07-06,1862128.95,0,82.99,3.475,191.1338827,8.684,2012,7,July,Q3,27,2012-07,Non-Holiday,1.86212895
14,2012-07-13,1544422.35,0,79.97,3.523,191.1685192,8.684,2012,7,July,Q3,28,2012-07,Non-Holiday,1.54442235
14,2012-07-20,1553250.16,0,78.89,3.567,191.1670428,8.684,2012,7,July,Q3,29,2012-07,Non-Holiday,1.55325016
14,2012-07-27,1479514.66,0,77.2,3.647,191.1655664,8.684,2012,7,July,Q3,30,2012-07,Non-Holiday,1.47951466
14,2012-08-03,1656886.46,0,76.58,3.654,191.16409,8.684,2012,8,August,Q3,31,2012-08,Non-Holiday,1.65688646
14,2012-08-10,1648570.03,0,78.65,3.722,191.1626135,8.684,2012,8,August,Q3,32,2012-08,Non-Holiday,1.6485700300000001
14,2012-08-17,1660433.3,0,75.71,3.807,191.2284919,8.684,2012,8,August,Q3,33,2012-08,Non-Holiday,1.6604333
14,2012-08-24,1621841.33,0,72.62,3.834,191.3448865,8.684,2012,8,August,Q3,34,2012-08,Non-Holiday,1.62184133
14,2012-08-31,1613342.19,0,75.09,3.867,191.461281,8.684,2012,8,August,Q3,35,2012-08,Non-Holiday,1.61334219
14,2012-09-07,1904512.34,1,75.7,3.911,191.5776756,8.684,2012,9,September,Q3,36,2012-09,Holiday,1.9045123400000001
14,2012-09-14,1554794.22,0,67.87,3.948,191.69985,8.684,2012,9,September,Q3,37,2012-09,Non-Holiday,1.55479422
14,2012-09-21,1565352.46,0,65.32,4.038,191.8567038,8.684,2012,9,September,Q3,38,2012-09,Non-Holiday,1.56535246
14,2012-09-28,1522512.2,0,64.88,3.997,192.0135577,8.684,2012,9,September,Q3,39,2012-09,Non-Holiday,1.5225122
14,2012-10-05,1687592.16,0,64.89,3.985,192.1704115,8.667,2012,10,October,Q4,40,2012-10,Non-Holiday,1.68759216
14,2012-10-12,1639585.61,0,54.47,4.0,192.3272654,8.667,2012,10,October,Q4,41,2012-10,Non-Holiday,1.6395856100000001
14,2012-10-19,1590274.72,0,56.47,3.969,192.3308542,8.667,2012,10,October,Q4,42,2012-10,Non-Holiday,1.59027472
14,2012-10-26,1704357.62,0,58.85,3.882,192.3088989,8.667,2012,10,October,Q4,43,2012-10,Non-Holiday,1.7043576200000001
15,2010-02-05,652122.44,0,19.83,2.954,131.5279032,8.35,2010,2,February,Q1,5,2010-02,Non-Holiday,0.65212244
15,2010-02-12,682447.1,1,22.0,2.94,131.5866129,8.35,2010,2,February,Q1,6,2010-02,Holiday,0.6824471
15,2010-02-19,660838.75,0,27.54,2.909,131.637,8.35,2010,2,February,Q1,7,2010-02,Non-Holiday,0.66083875
15,2010-02-26,564883.2,0,29.87,2.91,131.686,8.35,2010,2,February,Q1,8,2010-02,Non-Holiday,0.5648831999999999
15,2010-03-05,605325.43,0,31.79,2.919,131.735,8.35,2010,3,March,Q1,9,2010-03,Non-Holiday,0.60532543
15,2010-03-12,604173.59,0,41.39,2.938,131.784,8.35,2010,3,March,Q1,10,2010-03,Non-Holiday,0.6041735899999999
15,2010-03-19,593710.67,0,44.69,2.96,131.8242903,8.35,2010,3,March,Q1,11,2010-03,Non-Holiday,0.59371067
15,2010-03-26,592111.49,0,39.53,2.963,131.863129,8.35,2010,3,March,Q1,12,2010-03,Non-Holiday,0.59211149
15,2010-04-02,718470.71,0,45.27,2.957,131.9019677,8.185,2010,4,April,Q2,13,2010-04,Non-Holiday,0.71847071
15,2010-04-09,634605.77,0,57.77,2.992,131.9408065,8.185,2010,4,April,Q2,14,2010-04,Non-Holiday,0.6346057700000001
15,2010-04-16,641208.65,0,49.63,3.01,131.9809,8.185,2010,4,April,Q2,15,2010-04,Non-Holiday,0.64120865
15,2010-04-23,643097.6,0,46.54,3.021,132.0226667,8.185,2010,4,April,Q2,16,2010-04,Non-Holiday,0.6430975999999999
15,2010-04-30,570791.11,0,49.09,3.042,132.0644333,8.185,2010,4,April,Q2,17,2010-04,Non-Holiday,0.5707911099999999
15,2010-05-07,661348.88,0,63.16,3.095,132.1062,8.185,2010,5,May,Q2,18,2010-05,Non-Holiday,0.66134888
15,2010-05-14,594385.2,0,47.13,3.112,132.152129,8.185,2010,5,May,Q2,19,2010-05,Non-Holiday,0.5943852
15,2010-05-21,616598.1,0,59.09,3.096,132.2230323,8.185,2010,5,May,Q2,20,2010-05,Non-Holiday,0.6165980999999999
15,2010-05-28,744772.88,0,70.61,3.046,132.2939355,8.185,2010,5,May,Q2,21,2010-05,Non-Holiday,0.74477288
15,2010-06-04,693192.5,0,69.99,3.006,132.3648387,8.185,2010,6,June,Q2,22,2010-06,Non-Holiday,0.6931925
15,2010-06-11,619337.29,0,61.04,2.972,132.4357419,8.185,2010,6,June,Q2,23,2010-06,Non-Holiday,0.61933729
15,2010-06-18,652329.53,0,65.83,2.942,132.4733333,8.185,2010,6,June,Q2,24,2010-06,Non-Holiday,0.65232953
15,2010-06-25,672194.03,0,72.79,2.958,132.4976,8.185,2010,6,June,Q2,25,2010-06,Non-Holiday,0.67219403
15,2010-07-02,709337.11,0,66.13,2.958,132.5218667,8.099,2010,7,July,Q3,26,2010-07,Non-Holiday,0.70933711
15,2010-07-09,691497.62,0,77.33,2.94,132.5461333,8.099,2010,7,July,Q3,27,2010-07,Non-Holiday,0.69149762
15,2010-07-16,633203.69,0,72.83,2.933,132.5667742,8.099,2010,7,July,Q3,28,2010-07,Non-Holiday,0.63320369
15,2010-07-23,598553.43,0,73.2,2.924,132.5825806,8.099,2010,7,July,Q3,29,2010-07,Non-Holiday,0.59855343
15,2010-07-30,619224.06,0,72.04,2.932,132.5983871,8.099,2010,7,July,Q3,30,2010-07,Non-Holiday,0.6192240600000001
15,2010-08-06,639651.24,0,72.7,2.942,132.6141935,8.099,2010,8,August,Q3,31,2010-08,Non-Holiday,0.63965124
15,2010-08-13,622437.08,0,72.17,2.923,132.63,8.099,2010,8,August,Q3,32,2010-08,Non-Holiday,0.62243708
15,2010-08-20,637090.44,0,71.1,2.913,132.6616129,8.099,2010,8,August,Q3,33,2010-08,Non-Holiday,0.6370904399999999
15,2010-08-27,649791.15,0,65.07,2.885,132.6932258,8.099,2010,8,August,Q3,34,2010-08,Non-Holiday,0.64979115
15,2010-09-03,638647.21,0,73.17,2.86,132.7248387,8.099,2010,9,September,Q3,35,2010-09,Non-Holiday,0.6386472099999999
15,2010-09-10,641965.2,1,62.36,2.837,132.7564516,8.099,2010,9,September,Q3,36,2010-09,Holiday,0.6419651999999999
15,2010-09-17,583210.87,0,57.94,2.846,132.7670667,8.099,2010,9,September,Q3,37,2010-09,Non-Holiday,0.58321087
15,2010-09-24,548542.47,0,62.53,2.837,132.7619333,8.099,2010,9,September,Q3,38,2010-09,Non-Holiday,0.54854247
15,2010-10-01,566945.95,0,59.69,2.84,132.7568,8.067,2010,10,October,Q4,39,2010-10,Non-Holiday,0.5669459499999999
15,2010-10-08,591603.79,0,52.19,2.903,132.7516667,8.067,2010,10,October,Q4,40,2010-10,Non-Holiday,0.5916037900000001
15,2010-10-15,577011.26,0,49.96,2.999,132.7633548,8.067,2010,10,October,Q4,41,2010-10,Non-Holiday,0.57701126
15,2010-10-22,600395.73,0,47.1,3.049,132.8170968,8.067,2010,10,October,Q4,42,2010-10,Non-Holiday,0.60039573
15,2010-10-29,598301.5,0,55.09,3.055,132.8708387,8.067,2010,10,October,Q4,43,2010-10,Non-Holiday,0.5983015
15,2010-11-05,612987.64,0,40.29,3.049,132.9245806,8.067,2010,11,November,Q4,44,2010-11,Non-Holiday,0.6129876400000001
15,2010-11-12,619639.74,0,39.63,3.065,132.9783226,8.067,2010,11,November,Q4,45,2010-11,Non-Holiday,0.61963974
15,2010-11-19,608200.81,0,44.1,3.138,132.9172,8.067,2010,11,November,Q4,46,2010-11,Non-Holiday,0.60820081
15,2010-11-26,1120018.92,1,40.71,3.186,132.8369333,8.067,2010,11,November,Q4,47,2010-11,Holiday,1.12001892
15,2010-12-03,754134.95,0,36.0,3.2,132.7566667,8.067,2010,12,December,Q4,48,2010-12,Non-Holiday,0.75413495
15,2010-12-10,847294.04,0,23.97,3.255,132.6764,8.067,2010,12,December,Q4,49,2010-12,Non-Holiday,0.8472940400000001
15,2010-12-17,983825.15,0,25.3,3.301,132.6804516,8.067,2010,12,December,Q4,50,2010-12,Non-Holiday,0.98382515
15,2010-12-24,1368318.17,0,25.07,3.309,132.7477419,8.067,2010,12,December,Q4,51,2010-12,Non-Holiday,1.36831817
15,2010-12-31,543754.17,1,26.54,3.336,132.8150323,8.067,2010,12,December,Q4,52,2010-12,Holiday,0.54375417
15,2011-01-07,509640.77,0,30.53,3.351,132.8823226,7.771,2011,1,January,Q1,1,2011-01,Non-Holiday,0.50964077
15,2011-01-14,479424.2,0,19.53,3.367,132.9510645,7.771,2011,1,January,Q1,2,2011-01,Non-Holiday,0.4794242
15,2011-01-21,487311.03,0,21.84,3.391,133.0285161,7.771,2011,1,January,Q1,3,2011-01,Non-Holiday,0.48731103000000003
15,2011-01-28,481119.6,0,19.61,3.402,133.1059677,7.771,2011,1,January,Q1,4,2011-01,Non-Holiday,0.4811196
15,2011-02-04,556550.85,0,20.69,3.4,133.1834194,7.771,2011,2,February,Q1,5,2011-02,Non-Holiday,0.5565508499999999
15,2011-02-11,582864.35,1,21.64,3.416,133.260871,7.771,2011,2,February,Q1,6,2011-02,Holiday,0.58286435
15,2011-02-18,649993.5,0,33.06,3.42,133.3701429,7.771,2011,2,February,Q1,7,2011-02,Non-Holiday,0.6499935
15,2011-02-25,547564.09,0,20.87,3.452,133.4921429,7.771,2011,2,February,Q1,8,2011-02,Non-Holiday,0.54756409
15,2011-03-04,573374.49,0,28.16,3.605,133.6141429,7.771,2011,3,March,Q1,9,2011-03,Non-Holiday,0.57337449
15,2011-03-11,537035.28,0,34.27,3.752,133.7361429,7.771,2011,3,March,Q1,10,2011-03,Non-Holiday,0.53703528
15,2011-03-18,551553.99,0,40.23,3.796,133.8492258,7.771,2011,3,March,Q1,11,2011-03,Non-Holiday,0.5515539899999999
15,2011-03-25,527389.28,0,32.63,3.789,133.9587419,7.771,2011,3,March,Q1,12,2011-03,Non-Holiday,0.5273892800000001
15,2011-04-01,542556.05,0,30.34,3.811,134.0682581,7.658,2011,4,April,Q2,13,2011-04,Non-Holiday,0.5425560500000001
15,2011-04-08,587370.81,0,40.94,3.895,134.1777742,7.658,2011,4,April,Q2,14,2011-04,Non-Holiday,0.58737081
15,2011-04-15,607691.36,0,48.63,3.981,134.2784667,7.658,2011,4,April,Q2,15,2011-04,Non-Holiday,0.60769136
15,2011-04-22,655318.26,0,41.37,4.061,134.3571,7.658,2011,4,April,Q2,16,2011-04,Non-Holiday,0.65531826
15,2011-04-29,560764.41,0,55.46,4.117,134.4357333,7.658,2011,4,April,Q2,17,2011-04,Non-Holiday,0.56076441
15,2011-05-06,630522.67,0,49.87,4.192,134.5143667,7.658,2011,5,May,Q2,18,2011-05,Non-Holiday,0.6305226700000001
15,2011-05-13,630482.91,0,57.07,4.211,134.593,7.658,2011,5,May,Q2,19,2011-05,Non-Holiday,0.63048291
15,2011-05-20,593941.9,0,57.19,4.202,134.6803871,7.658,2011,5,May,Q2,20,2011-05,Non-Holiday,0.5939419
15,2011-05-27,636193.24,0,65.87,4.134,134.7677742,7.658,2011,5,May,Q2,21,2011-05,Non-Holiday,0.63619324
15,2011-06-03,695396.19,0,69.8,4.069,134.8551613,7.658,2011,6,June,Q2,22,2011-06,Non-Holiday,0.69539619
15,2011-06-10,642679.81,0,69.86,4.025,134.9425484,7.658,2011,6,June,Q2,23,2011-06,Non-Holiday,0.6426798100000001
15,2011-06-17,639928.85,0,63.9,3.989,135.0837333,7.658,2011,6,June,Q2,24,2011-06,Non-Holiday,0.63992885
15,2011-06-24,656594.95,0,69.96,3.964,135.2652667,7.658,2011,6,June,Q2,25,2011-06,Non-Holiday,0.6565949499999999
15,2011-07-01,674669.16,0,67.43,3.916,135.4468,7.806,2011,7,July,Q3,26,2011-07,Non-Holiday,0.67466916
15,2011-07-08,635118.48,0,73.47,3.886,135.6283333,7.806,2011,7,July,Q3,27,2011-07,Non-Holiday,0.6351184799999999
15,2011-07-15,624114.56,0,73.34,3.915,135.7837419,7.806,2011,7,July,Q3,28,2011-07,Non-Holiday,0.6241145600000001
15,2011-07-22,607475.44,0,79.97,3.972,135.8738387,7.806,2011,7,July,Q3,29,2011-07,Non-Holiday,0.60747544
15,2011-07-29,577511.02,0,74.67,4.004,135.9639355,7.806,2011,7,July,Q3,30,2011-07,Non-Holiday,0.57751102
15,2011-08-05,607961.21,0,73.63,4.02,136.0540323,7.806,2011,8,August,Q3,31,2011-08,Non-Holiday,0.6079612099999999
15,2011-08-12,590836.37,0,70.63,3.995,136.144129,7.806,2011,8,August,Q3,32,2011-08,Non-Holiday,0.59083637
15,2011-08-19,599488.98,0,70.41,3.942,136.183129,7.806,2011,8,August,Q3,33,2011-08,Non-Holiday,0.59948898
15,2011-08-26,605413.17,0,69.19,3.906,136.2136129,7.806,2011,8,August,Q3,34,2011-08,Non-Holiday,0.6054131700000001
15,2011-09-02,649159.68,0,67.63,3.879,136.2440968,7.806,2011,9,September,Q3,35,2011-09,Non-Holiday,0.64915968
15,2011-09-09,607593.51,1,67.59,3.93,136.2745806,7.806,2011,9,September,Q3,36,2011-09,Holiday,0.6075935100000001
15,2011-09-16,545052.34,0,62.1,3.937,136.3145,7.806,2011,9,September,Q3,37,2011-09,Non-Holiday,0.5450523399999999
15,2011-09-23,545570.86,0,59.0,3.899,136.367,7.806,2011,9,September,Q3,38,2011-09,Non-Holiday,0.54557086
15,2011-09-30,521297.31,0,64.87,3.858,136.4195,7.806,2011,9,September,Q3,39,2011-09,Non-Holiday,0.52129731
15,2011-10-07,579068.88,0,51.24,3.775,136.472,7.866,2011,10,October,Q4,40,2011-10,Non-Holiday,0.57906888
15,2011-10-14,537300.94,0,61.3,3.744,136.5150968,7.866,2011,10,October,Q4,41,2011-10,Non-Holiday,0.53730094
15,2011-10-21,603318.89,0,51.67,3.757,136.5017742,7.866,2011,10,October,Q4,42,2011-10,Non-Holiday,0.60331889
15,2011-10-28,589842.69,0,45.54,3.757,136.4884516,7.866,2011,10,October,Q4,43,2011-10,Non-Holiday,0.5898426899999999
15,2011-11-04,615121.78,0,43.39,3.738,136.475129,7.866,2011,11,November,Q4,44,2011-11,Non-Holiday,0.6151217800000001
15,2011-11-11,618949.82,0,47.13,3.719,136.4618065,7.866,2011,11,November,Q4,45,2011-11,Non-Holiday,0.61894982
15,2011-11-18,597856.51,0,46.53,3.717,136.4666667,7.866,2011,11,November,Q4,46,2011-11,Non-Holiday,0.5978565100000001
15,2011-11-25,1066478.1,1,41.1,3.689,136.4788,7.866,2011,11,November,Q4,47,2011-11,Holiday,1.0664781
15,2011-12-02,699028.66,0,45.67,3.666,136.4909333,7.866,2011,12,December,Q4,48,2011-12,Non-Holiday,0.6990286600000001
15,2011-12-09,764565.55,0,38.53,3.627,136.5030667,7.866,2011,12,December,Q4,49,2011-12,Non-Holiday,0.76456555
15,2011-12-16,870415.49,0,35.49,3.611,136.5335161,7.866,2011,12,December,Q4,50,2011-12,Non-Holiday,0.87041549
15,2011-12-23,1182691.87,0,34.93,3.587,136.5883871,7.866,2011,12,December,Q4,51,2011-12,Non-Holiday,1.1826918700000002
15,2011-12-30,603460.79,1,31.44,3.566,136.6432581,7.866,2011,12,December,Q4,52,2011-12,Holiday,0.6034607900000001
15,2012-01-06,516087.65,0,30.24,3.585,136.698129,7.943,2012,1,January,Q1,1,2012-01,Non-Holiday,0.51608765
15,2012-01-13,454183.42,0,36.26,3.666,136.753,7.943,2012,1,January,Q1,2,2012-01,Non-Holiday,0.45418342
15,2012-01-20,492721.85,0,21.39,3.705,136.8564194,7.943,2012,1,January,Q1,3,2012-01,Non-Holiday,0.49272184999999996
15,2012-01-27,466045.63,0,30.87,3.737,136.9598387,7.943,2012,1,January,Q1,4,2012-01,Non-Holiday,0.46604563
15,2012-02-03,523831.64,0,35.3,3.796,137.0632581,7.943,2012,2,February,Q1,5,2012-02,Non-Holiday,0.52383164
15,2012-02-10,628218.22,1,31.91,3.826,137.1666774,7.943,2012,2,February,Q1,6,2012-02,Holiday,0.6282182199999999
15,2012-02-17,598502.83,0,30.26,3.874,137.2583103,7.943,2012,2,February,Q1,7,2012-02,Non-Holiday,0.5985028299999999
15,2012-02-24,561137.06,0,33.18,3.917,137.3411034,7.943,2012,2,February,Q1,8,2012-02,Non-Holiday,0.5611370600000001
15,2012-03-02,541292.64,0,33.24,3.983,137.4238966,7.943,2012,3,March,Q1,9,2012-03,Non-Holiday,0.54129264
15,2012-03-09,545120.67,0,36.97,4.021,137.5066897,7.943,2012,3,March,Q1,10,2012-03,Non-Holiday,0.5451206700000001
15,2012-03-16,570611.23,0,47.42,4.021,137.5843871,7.943,2012,3,March,Q1,11,2012-03,Non-Holiday,0.57061123
15,2012-03-23,565481.88,0,58.92,4.054,137.6552903,7.943,2012,3,March,Q1,12,2012-03,Non-Holiday,0.56548188
15,2012-03-30,557547.25,0,42.65,4.098,137.7261935,7.943,2012,3,March,Q1,13,2012-03,Non-Holiday,0.55754725
15,2012-04-06,659950.36,0,40.01,4.143,137.7970968,8.15,2012,4,April,Q2,14,2012-04,Non-Holiday,0.65995036
15,2012-04-13,558585.13,0,43.52,4.187,137.868,8.15,2012,4,April,Q2,15,2012-04,Non-Holiday,0.55858513
15,2012-04-20,534780.57,0,54.47,4.17,137.9230667,8.15,2012,4,April,Q2,16,2012-04,Non-Holiday,0.5347805699999999
15,2012-04-27,527402.62,0,41.57,4.163,137.9781333,8.15,2012,4,April,Q2,17,2012-04,Non-Holiday,0.52740262
15,2012-05-04,577868.38,0,51.04,4.124,138.0332,8.15,2012,5,May,Q2,18,2012-05,Non-Holiday,0.57786838
15,2012-05-11,579539.95,0,54.23,4.055,138.0882667,8.15,2012,5,May,Q2,19,2012-05,Non-Holiday,0.5795399499999999
15,2012-05-18,600050.98,0,58.84,4.029,138.1065806,8.15,2012,5,May,Q2,20,2012-05,Non-Holiday,0.60005098
15,2012-05-25,693780.42,0,67.97,3.979,138.1101935,8.15,2012,5,May,Q2,21,2012-05,Non-Holiday,0.6937804200000001
15,2012-06-01,663971.26,0,67.61,3.915,138.1138065,8.15,2012,6,June,Q2,22,2012-06,Non-Holiday,0.6639712600000001
15,2012-06-08,611390.67,0,59.35,3.871,138.1174194,8.15,2012,6,June,Q2,23,2012-06,Non-Holiday,0.61139067
15,2012-06-15,636737.65,0,67.7,3.786,138.1295333,8.15,2012,6,June,Q2,24,2012-06,Non-Holiday,0.63673765
15,2012-06-22,687085.6,0,74.28,3.722,138.1629,8.15,2012,6,June,Q2,25,2012-06,Non-Holiday,0.6870856
15,2012-06-29,624099.48,0,68.91,3.667,138.1962667,8.15,2012,6,June,Q2,26,2012-06,Non-Holiday,0.6240994799999999
15,2012-07-06,678024.75,0,74.64,3.646,138.2296333,8.193,2012,7,July,Q3,27,2012-07,Non-Holiday,0.67802475
15,2012-07-13,591335.5,0,72.62,3.689,138.263,8.193,2012,7,July,Q3,28,2012-07,Non-Holiday,0.5913355
15,2012-07-20,592369.22,0,75.31,3.732,138.2331935,8.193,2012,7,July,Q3,29,2012-07,Non-Holiday,0.5923692199999999
15,2012-07-27,571190.83,0,73.9,3.82,138.2033871,8.193,2012,7,July,Q3,30,2012-07,Non-Holiday,0.5711908299999999
15,2012-08-03,590739.62,0,73.13,3.819,138.1735806,8.193,2012,8,August,Q3,31,2012-08,Non-Holiday,0.59073962
15,2012-08-10,590453.63,0,73.99,3.863,138.1437742,8.193,2012,8,August,Q3,32,2012-08,Non-Holiday,0.59045363
15,2012-08-17,579738.2,0,70.29,3.963,138.1857097,8.193,2012,8,August,Q3,33,2012-08,Non-Holiday,0.5797382
15,2012-08-24,606210.77,0,66.98,3.997,138.2814516,8.193,2012,8,August,Q3,34,2012-08,Non-Holiday,0.60621077
15,2012-08-31,610185.32,0,71.42,4.026,138.3771935,8.193,2012,8,August,Q3,35,2012-08,Non-Holiday,0.6101853199999999
15,2012-09-07,587259.82,1,71.61,4.076,138.4729355,8.193,2012,9,September,Q3,36,2012-09,Holiday,0.58725982
15,2012-09-14,527509.76,0,65.44,4.088,138.5673,8.193,2012,9,September,Q3,37,2012-09,Non-Holiday,0.52750976
15,2012-09-21,533161.64,0,60.34,4.203,138.6534,8.193,2012,9,September,Q3,38,2012-09,Non-Holiday,0.53316164
15,2012-09-28,553901.97,0,57.13,4.158,138.7395,8.193,2012,9,September,Q3,39,2012-09,Non-Holiday,0.55390197
15,2012-10-05,573498.64,0,59.57,4.151,138.8256,7.992,2012,10,October,Q4,40,2012-10,Non-Holiday,0.5734986400000001
15,2012-10-12,551799.63,0,49.12,4.186,138.9117,7.992,2012,10,October,Q4,41,2012-10,Non-Holiday,0.55179963
15,2012-10-19,555652.77,0,52.89,4.153,138.8336129,7.992,2012,10,October,Q4,42,2012-10,Non-Holiday,0.55565277
15,2012-10-26,558473.6,0,55.75,4.071,138.7281613,7.992,2012,10,October,Q4,43,2012-10,Non-Holiday,0.5584736
16,2010-02-05,477409.3,0,19.79,2.58,189.3816974,7.039,2010,2,February,Q1,5,2010-02,Non-Holiday,0.4774093
16,2010-02-12,472044.28,1,20.87,2.572,189.4642725,7.039,2010,2,February,Q1,6,2010-02,Holiday,0.47204428000000004
16,2010-02-19,469868.7,0,21.13,2.55,189.5340998,7.039,2010,2,February,Q1,7,2010-02,Non-Holiday,0.46986870000000003
16,2010-02-26,443242.17,0,18.12,2.586,189.6018023,7.039,2010,2,February,Q1,8,2010-02,Non-Holiday,0.44324217
16,2010-03-05,444181.85,0,27.92,2.62,189.6695049,7.039,2010,3,March,Q1,9,2010-03,Non-Holiday,0.44418185
16,2010-03-12,445393.74,0,28.64,2.684,189.7372075,7.039,2010,3,March,Q1,10,2010-03,Non-Holiday,0.44539374
16,2010-03-19,504307.35,0,33.45,2.692,189.734262,7.039,2010,3,March,Q1,11,2010-03,Non-Holiday,0.5043073499999999
16,2010-03-26,483177.2,0,29.88,2.717,189.7195417,7.039,2010,3,March,Q1,12,2010-03,Non-Holiday,0.48317720000000003
16,2010-04-02,490503.69,0,36.19,2.725,189.7048215,6.842,2010,4,April,Q2,13,2010-04,Non-Holiday,0.49050369
16,2010-04-09,424083.99,0,34.21,2.75,189.6901012,6.842,2010,4,April,Q2,14,2010-04,Non-Holiday,0.42408398999999997
16,2010-04-16,436312.41,0,45.69,2.765,189.6628845,6.842,2010,4,April,Q2,15,2010-04,Non-Holiday,0.43631241
16,2010-04-23,370230.94,0,44.9,2.776,189.6190057,6.842,2010,4,April,Q2,16,2010-04,Non-Holiday,0.37023094
16,2010-04-30,383550.93,0,37.75,2.766,189.575127,6.842,2010,4,April,Q2,17,2010-04,Non-Holiday,0.38355093
16,2010-05-07,403217.22,0,37.43,2.771,189.5312483,6.842,2010,5,May,Q2,18,2010-05,Non-Holiday,0.40321722
16,2010-05-14,401770.9,0,41.26,2.788,189.4904116,6.842,2010,5,May,Q2,19,2010-05,Non-Holiday,0.40177090000000004
16,2010-05-21,435300.51,0,47.34,2.776,189.467827,6.842,2010,5,May,Q2,20,2010-05,Non-Holiday,0.43530051000000003
16,2010-05-28,479430.0,0,52.08,2.737,189.4452425,6.842,2010,5,May,Q2,21,2010-05,Non-Holiday,0.47943
16,2010-06-04,516295.81,0,53.76,2.7,189.422658,6.842,2010,6,June,Q2,22,2010-06,Non-Holiday,0.51629581
16,2010-06-11,535587.31,0,62.63,2.684,189.4000734,6.842,2010,6,June,Q2,23,2010-06,Non-Holiday,0.53558731
16,2010-06-18,540149.85,0,52.4,2.674,189.4185259,6.842,2010,6,June,Q2,24,2010-06,Non-Holiday,0.5401498499999999
16,2010-06-25,546554.96,0,62.37,2.715,189.4533931,6.842,2010,6,June,Q2,25,2010-06,Non-Holiday,0.5465549599999999
16,2010-07-02,610641.42,0,64.44,2.728,189.4882603,6.868,2010,7,July,Q3,26,2010-07,Non-Holiday,0.61064142
16,2010-07-09,614253.33,0,61.79,2.711,189.5231276,6.868,2010,7,July,Q3,27,2010-07,Non-Holiday,0.6142533299999999
16,2010-07-16,586583.69,0,67.68,2.699,189.6125456,6.868,2010,7,July,Q3,28,2010-07,Non-Holiday,0.58658369
16,2010-07-23,588344.18,0,70.67,2.691,189.774698,6.868,2010,7,July,Q3,29,2010-07,Non-Holiday,0.5883441800000001
16,2010-07-30,562633.67,0,70.71,2.69,189.9368504,6.868,2010,7,July,Q3,30,2010-07,Non-Holiday,0.5626336700000001
16,2010-08-06,586936.45,0,67.42,2.69,190.0990028,6.868,2010,8,August,Q3,31,2010-08,Non-Holiday,0.5869364499999999
16,2010-08-13,543757.97,0,63.91,2.723,190.2611552,6.868,2010,8,August,Q3,32,2010-08,Non-Holiday,0.5437579699999999
16,2010-08-20,521516.96,0,63.59,2.732,190.2948237,6.868,2010,8,August,Q3,33,2010-08,Non-Holiday,0.52151696
16,2010-08-27,581010.52,0,65.66,2.731,190.3284922,6.868,2010,8,August,Q3,34,2010-08,Non-Holiday,0.58101052
16,2010-09-03,542087.89,0,58.02,2.773,190.3621607,6.868,2010,9,September,Q3,35,2010-09,Non-Holiday,0.54208789
16,2010-09-10,537518.57,1,57.24,2.78,190.3958293,6.868,2010,9,September,Q3,36,2010-09,Holiday,0.5375185699999999
16,2010-09-17,522049.52,0,56.55,2.8,190.4688287,6.868,2010,9,September,Q3,37,2010-09,Non-Holiday,0.52204952
16,2010-09-24,511330.32,0,58.19,2.793,190.5713264,6.868,2010,9,September,Q3,38,2010-09,Non-Holiday,0.51133032
16,2010-10-01,463977.54,0,59.39,2.759,190.6738241,6.986,2010,10,October,Q4,39,2010-10,Non-Holiday,0.46397753999999997
16,2010-10-08,442894.2,0,54.29,2.745,190.7763218,6.986,2010,10,October,Q4,40,2010-10,Non-Holiday,0.4428942
16,2010-10-15,452169.28,0,45.0,2.762,190.8623087,6.986,2010,10,October,Q4,41,2010-10,Non-Holiday,0.45216928
16,2010-10-22,541216.92,0,45.85,2.762,190.9070184,6.986,2010,10,October,Q4,42,2010-10,Non-Holiday,0.54121692
16,2010-10-29,495022.51,0,35.76,2.748,190.951728,6.986,2010,10,October,Q4,43,2010-10,Non-Holiday,0.49502251
16,2010-11-05,446905.02,0,39.94,2.729,190.9964377,6.986,2010,11,November,Q4,44,2010-11,Non-Holiday,0.44690502000000004
16,2010-11-12,453632.76,0,34.04,2.737,191.0411474,6.986,2010,11,November,Q4,45,2010-11,Non-Holiday,0.45363276
16,2010-11-19,458634.68,0,27.26,2.758,191.0312172,6.986,2010,11,November,Q4,46,2010-11,Non-Holiday,0.45863468
16,2010-11-26,651837.77,1,23.46,2.742,191.0121805,6.986,2010,11,November,Q4,47,2010-11,Holiday,0.65183777
16,2010-12-03,512260.59,0,23.68,2.712,190.9931437,6.986,2010,12,December,Q4,48,2010-12,Non-Holiday,0.51226059
16,2010-12-10,570103.64,0,32.02,2.728,190.9741069,6.986,2010,12,December,Q4,49,2010-12,Non-Holiday,0.57010364
16,2010-12-17,648652.01,0,26.01,2.778,191.0303376,6.986,2010,12,December,Q4,50,2010-12,Non-Holiday,0.6486520100000001
16,2010-12-24,1004730.69,0,32.46,2.781,191.1430189,6.986,2010,12,December,Q4,51,2010-12,Non-Holiday,1.00473069
16,2010-12-31,575317.38,1,19.66,2.829,191.2557002,6.986,2010,12,December,Q4,52,2010-12,Holiday,0.57531738
16,2011-01-07,573545.96,0,12.39,2.882,191.3683815,6.614,2011,1,January,Q1,1,2011-01,Non-Holiday,0.5735459599999999
16,2011-01-14,470365.59,0,17.46,2.911,191.4784939,6.614,2011,1,January,Q1,2,2011-01,Non-Holiday,0.47036559
16,2011-01-21,462888.13,0,28.6,2.973,191.5731924,6.614,2011,1,January,Q1,3,2011-01,Non-Holiday,0.46288813
16,2011-01-28,448391.99,0,20.8,3.008,191.667891,6.614,2011,1,January,Q1,4,2011-01,Non-Holiday,0.44839199
16,2011-02-04,479263.15,0,13.64,3.011,191.7625895,6.614,2011,2,February,Q1,5,2011-02,Non-Holiday,0.47926315
16,2011-02-11,466806.89,1,15.02,3.037,191.8572881,6.614,2011,2,February,Q1,6,2011-02,Holiday,0.46680689000000003
16,2011-02-18,491179.79,0,27.18,3.051,191.9178331,6.614,2011,2,February,Q1,7,2011-02,Non-Holiday,0.49117979
16,2011-02-25,475201.64,0,26.15,3.101,191.9647167,6.614,2011,2,February,Q1,8,2011-02,Non-Holiday,0.47520164000000004
16,2011-03-04,484829.07,0,31.77,3.232,192.0116004,6.614,2011,3,March,Q1,9,2011-03,Non-Holiday,0.48482907000000003
16,2011-03-11,457504.35,0,29.36,3.372,192.058484,6.614,2011,3,March,Q1,10,2011-03,Non-Holiday,0.45750435
16,2011-03-18,497373.49,0,36.5,3.406,192.1237981,6.614,2011,3,March,Q1,11,2011-03,Non-Holiday,0.49737349
16,2011-03-25,465279.68,0,32.61,3.414,192.1964844,6.614,2011,3,March,Q1,12,2011-03,Non-Holiday,0.46527968
16,2011-04-01,459756.11,0,35.75,3.461,192.2691707,6.339,2011,4,April,Q2,13,2011-04,Non-Holiday,0.45975611
16,2011-04-08,439276.5,0,38.04,3.532,192.3418571,6.339,2011,4,April,Q2,14,2011-04,Non-Holiday,0.4392765
16,2011-04-15,427855.24,0,34.59,3.611,192.4225954,6.339,2011,4,April,Q2,15,2011-04,Non-Holiday,0.42785523999999997
16,2011-04-22,368600.0,0,40.74,3.636,192.5234638,6.339,2011,4,April,Q2,16,2011-04,Non-Holiday,0.3686
16,2011-04-29,378100.31,0,37.77,3.663,192.6243322,6.339,2011,4,April,Q2,17,2011-04,Non-Holiday,0.37810031
16,2011-05-06,423805.22,0,38.64,3.735,192.7252006,6.339,2011,5,May,Q2,18,2011-05,Non-Holiday,0.42380522
16,2011-05-13,410406.95,0,43.29,3.767,192.826069,6.339,2011,5,May,Q2,19,2011-05,Non-Holiday,0.41040695
16,2011-05-20,435397.19,0,43.95,3.828,192.831317,6.339,2011,5,May,Q2,20,2011-05,Non-Holiday,0.43539719
16,2011-05-27,444718.68,0,45.17,3.795,192.8365651,6.339,2011,5,May,Q2,21,2011-05,Non-Holiday,0.44471868
16,2011-06-03,531080.31,0,54.08,3.763,192.8418131,6.339,2011,6,June,Q2,22,2011-06,Non-Holiday,0.5310803100000001
16,2011-06-10,600952.06,0,55.78,3.735,192.8470612,6.339,2011,6,June,Q2,23,2011-06,Non-Holiday,0.60095206
16,2011-06-17,581546.23,0,58.34,3.697,192.9034759,6.339,2011,6,June,Q2,24,2011-06,Non-Holiday,0.5815462299999999
16,2011-06-24,569105.03,0,54.36,3.661,192.9982655,6.339,2011,6,June,Q2,25,2011-06,Non-Holiday,0.56910503
16,2011-07-01,608737.56,0,63.59,3.597,193.0930552,6.338,2011,7,July,Q3,26,2011-07,Non-Holiday,0.60873756
16,2011-07-08,634634.66,0,65.0,3.54,193.1878448,6.338,2011,7,July,Q3,27,2011-07,Non-Holiday,0.63463466
16,2011-07-15,586841.77,0,65.16,3.532,193.3125484,6.338,2011,7,July,Q3,28,2011-07,Non-Holiday,0.58684177
16,2011-07-22,581758.22,0,65.36,3.545,193.5120367,6.338,2011,7,July,Q3,29,2011-07,Non-Holiday,0.58175822
16,2011-07-29,582381.95,0,66.84,3.547,193.711525,6.338,2011,7,July,Q3,30,2011-07,Non-Holiday,0.5823819499999999
16,2011-08-05,592981.33,0,63.96,3.554,193.9110133,6.338,2011,8,August,Q3,31,2011-08,Non-Holiday,0.59298133
16,2011-08-12,563884.47,0,67.09,3.542,194.1105017,6.338,2011,8,August,Q3,32,2011-08,Non-Holiday,0.56388447
16,2011-08-19,554630.42,0,68.83,3.499,194.2500634,6.338,2011,8,August,Q3,33,2011-08,Non-Holiday,0.5546304200000001
16,2011-08-26,557312.01,0,67.51,3.485,194.3796374,6.338,2011,8,August,Q3,34,2011-08,Non-Holiday,0.55731201
16,2011-09-02,580805.33,0,63.44,3.511,194.5092113,6.338,2011,9,September,Q3,35,2011-09,Non-Holiday,0.58080533
16,2011-09-09,574622.56,1,56.99,3.566,194.6387853,6.338,2011,9,September,Q3,36,2011-09,Holiday,0.57462256
16,2011-09-16,539081.09,0,53.68,3.596,194.7419707,6.338,2011,9,September,Q3,37,2011-09,Non-Holiday,0.5390810899999999
16,2011-09-23,504856.97,0,50.39,3.581,194.8099713,6.338,2011,9,September,Q3,38,2011-09,Non-Holiday,0.50485697
16,2011-09-30,450075.31,0,57.61,3.538,194.8779718,6.338,2011,9,September,Q3,39,2011-09,Non-Holiday,0.45007531
16,2011-10-07,482926.93,0,48.91,3.498,194.9459724,6.232,2011,10,October,Q4,40,2011-10,Non-Holiday,0.48292693
16,2011-10-14,498241.06,0,39.97,3.491,195.0261012,6.232,2011,10,October,Q4,41,2011-10,Non-Holiday,0.49824106
16,2011-10-21,560104.16,0,46.99,3.548,195.1789994,6.232,2011,10,October,Q4,42,2011-10,Non-Holiday,0.5601041600000001
16,2011-10-28,505918.21,0,41.97,3.55,195.3318977,6.232,2011,10,October,Q4,43,2011-10,Non-Holiday,0.50591821
16,2011-11-04,511059.95,0,33.43,3.527,195.4847959,6.232,2011,11,November,Q4,44,2011-11,Non-Holiday,0.51105995
16,2011-11-11,513181.31,0,29.56,3.505,195.6376941,6.232,2011,11,November,Q4,45,2011-11,Non-Holiday,0.51318131
16,2011-11-18,480353.64,0,31.73,3.479,195.7184713,6.232,2011,11,November,Q4,46,2011-11,Non-Holiday,0.48035364
16,2011-11-25,712422.4,1,31.39,3.424,195.7704,6.232,2011,11,November,Q4,47,2011-11,Holiday,0.7124224
16,2011-12-02,530492.84,0,27.83,3.378,195.8223287,6.232,2011,12,December,Q4,48,2011-12,Non-Holiday,0.53049284
16,2011-12-09,574798.86,0,14.44,3.331,195.8742575,6.232,2011,12,December,Q4,49,2011-12,Non-Holiday,0.57479886
16,2011-12-16,679481.9,0,22.5,3.266,195.9841685,6.232,2011,12,December,Q4,50,2011-12,Non-Holiday,0.6794819
16,2011-12-23,950691.96,0,20.79,3.173,196.1713893,6.232,2011,12,December,Q4,51,2011-12,Non-Holiday,0.95069196
16,2011-12-30,665861.06,1,23.91,3.119,196.3586101,6.232,2011,12,December,Q4,52,2011-12,Holiday,0.66586106
16,2012-01-06,564538.07,0,26.49,3.095,196.5458309,6.162,2012,1,January,Q1,1,2012-01,Non-Holiday,0.56453807
16,2012-01-13,508520.09,0,19.55,3.077,196.7330517,6.162,2012,1,January,Q1,2,2012-01,Non-Holiday,0.50852009
16,2012-01-20,474389.75,0,29.3,3.055,196.7796652,6.162,2012,1,January,Q1,3,2012-01,Non-Holiday,0.47438975
16,2012-01-27,453979.19,0,28.17,3.038,196.8262786,6.162,2012,1,January,Q1,4,2012-01,Non-Holiday,0.45397919
16,2012-02-03,475905.1,0,25.53,3.031,196.8728921,6.162,2012,2,February,Q1,5,2012-02,Non-Holiday,0.47590509999999997
16,2012-02-10,473766.97,1,23.69,3.103,196.9195056,6.162,2012,2,February,Q1,6,2012-02,Holiday,0.47376696999999995
16,2012-02-17,494069.49,0,31.19,3.113,196.9432711,6.162,2012,2,February,Q1,7,2012-02,Non-Holiday,0.49406949
16,2012-02-24,495720.3,0,26.21,3.129,196.9499007,6.162,2012,2,February,Q1,8,2012-02,Non-Holiday,0.4957203
16,2012-03-02,464189.09,0,23.4,3.191,196.9565303,6.162,2012,3,March,Q1,9,2012-03,Non-Holiday,0.46418909
16,2012-03-09,495951.66,0,28.16,3.286,196.9631599,6.162,2012,3,March,Q1,10,2012-03,Non-Holiday,0.49595165999999996
16,2012-03-16,520850.71,0,38.02,3.486,197.0457208,6.162,2012,3,March,Q1,11,2012-03,Non-Holiday,0.52085071
16,2012-03-23,493503.89,0,38.7,3.664,197.2295234,6.162,2012,3,March,Q1,12,2012-03,Non-Holiday,0.49350389
16,2012-03-30,485095.41,0,48.29,3.75,197.4133259,6.162,2012,3,March,Q1,13,2012-03,Non-Holiday,0.48509540999999995
16,2012-04-06,502662.07,0,48.93,3.854,197.5971285,6.169,2012,4,April,Q2,14,2012-04,Non-Holiday,0.50266207
16,2012-04-13,450756.71,0,45.83,3.901,197.780931,6.169,2012,4,April,Q2,15,2012-04,Non-Holiday,0.45075671
16,2012-04-20,436221.26,0,43.61,3.936,197.7227385,6.169,2012,4,April,Q2,16,2012-04,Non-Holiday,0.43622126
16,2012-04-27,398445.15,0,59.69,3.927,197.664546,6.169,2012,4,April,Q2,17,2012-04,Non-Holiday,0.39844515
16,2012-05-04,426959.62,0,51.34,3.903,197.6063534,6.169,2012,5,May,Q2,18,2012-05,Non-Holiday,0.42695962
16,2012-05-11,479855.0,0,53.57,3.87,197.5481609,6.169,2012,5,May,Q2,19,2012-05,Non-Holiday,0.479855
16,2012-05-18,493506.47,0,56.74,3.837,197.5553137,6.169,2012,5,May,Q2,20,2012-05,Non-Holiday,0.49350647
16,2012-05-25,518045.09,0,57.36,3.804,197.5886046,6.169,2012,5,May,Q2,21,2012-05,Non-Holiday,0.51804509
16,2012-06-01,532311.93,0,58.97,3.764,197.6218954,6.169,2012,6,June,Q2,22,2012-06,Non-Holiday,0.5323119300000001
16,2012-06-08,603618.89,0,65.43,3.741,197.6551863,6.169,2012,6,June,Q2,23,2012-06,Non-Holiday,0.60361889
16,2012-06-15,570045.79,0,65.36,3.723,197.692292,6.169,2012,6,June,Q2,24,2012-06,Non-Holiday,0.57004579
16,2012-06-22,581745.72,0,70.41,3.735,197.7389345,6.169,2012,6,June,Q2,25,2012-06,Non-Holiday,0.58174572
16,2012-06-29,570162.28,0,77.31,3.693,197.785577,6.169,2012,6,June,Q2,26,2012-06,Non-Holiday,0.57016228
16,2012-07-06,641763.53,0,70.49,3.646,197.8322195,6.061,2012,7,July,Q3,27,2012-07,Non-Holiday,0.6417635300000001
16,2012-07-13,569005.06,0,70.29,3.613,197.8788621,6.061,2012,7,July,Q3,28,2012-07,Non-Holiday,0.5690050600000001
16,2012-07-20,565297.54,0,68.43,3.585,197.9290378,6.061,2012,7,July,Q3,29,2012-07,Non-Holiday,0.56529754
16,2012-07-27,539337.87,0,69.0,3.57,197.9792136,6.061,2012,7,July,Q3,30,2012-07,Non-Holiday,0.53933787
16,2012-08-03,584000.71,0,68.59,3.528,198.0293893,6.061,2012,8,August,Q3,31,2012-08,Non-Holiday,0.58400071
16,2012-08-10,554036.84,0,70.24,3.509,198.0795651,6.061,2012,8,August,Q3,32,2012-08,Non-Holiday,0.55403684
16,2012-08-17,521896.6,0,62.07,3.545,198.1001057,6.061,2012,8,August,Q3,33,2012-08,Non-Holiday,0.5218965999999999
16,2012-08-24,551152.15,0,61.44,3.558,198.0984199,6.061,2012,8,August,Q3,34,2012-08,Non-Holiday,0.5511521500000001
16,2012-08-31,551837.31,0,64.19,3.556,198.0967341,6.061,2012,8,August,Q3,35,2012-08,Non-Holiday,0.55183731
16,2012-09-07,537138.58,1,60.09,3.596,198.0950484,6.061,2012,9,September,Q3,36,2012-09,Holiday,0.5371385799999999
16,2012-09-14,526525.16,0,56.69,3.659,198.1267184,6.061,2012,9,September,Q3,37,2012-09,Non-Holiday,0.52652516
16,2012-09-21,509942.56,0,56.48,3.765,198.358523,6.061,2012,9,September,Q3,38,2012-09,Non-Holiday,0.50994256
16,2012-09-28,469607.73,0,51.4,3.789,198.5903276,6.061,2012,9,September,Q3,39,2012-09,Non-Holiday,0.46960773
16,2012-10-05,471281.68,0,50.46,3.779,198.8221322,5.847,2012,10,October,Q4,40,2012-10,Non-Holiday,0.47128168
16,2012-10-12,491817.19,0,43.26,3.76,199.0539368,5.847,2012,10,October,Q4,41,2012-10,Non-Holiday,0.49181719
16,2012-10-19,577198.97,0,40.59,3.75,199.1481963,5.847,2012,10,October,Q4,42,2012-10,Non-Holiday,0.57719897
16,2012-10-26,475770.14,0,40.99,3.686,199.2195317,5.847,2012,10,October,Q4,43,2012-10,Non-Holiday,0.47577014
17,2010-02-05,789036.02,0,23.11,2.666,126.4420645,6.548,2010,2,February,Q1,5,2010-02,Non-Holiday,0.7890360200000001
17,2010-02-12,841951.91,1,18.36,2.671,126.4962581,6.548,2010,2,February,Q1,6,2010-02,Holiday,0.84195191
17,2010-02-19,800714.0,0,25.06,2.654,126.5262857,6.548,2010,2,February,Q1,7,2010-02,Non-Holiday,0.800714
17,2010-02-26,749549.55,0,15.64,2.667,126.5522857,6.548,2010,2,February,Q1,8,2010-02,Non-Holiday,0.74954955
17,2010-03-05,783300.05,0,31.58,2.681,126.5782857,6.548,2010,3,March,Q1,9,2010-03,Non-Holiday,0.78330005
17,2010-03-12,763961.82,0,29.71,2.733,126.6042857,6.548,2010,3,March,Q1,10,2010-03,Non-Holiday,0.7639618199999999
17,2010-03-19,752034.52,0,33.96,2.782,126.6066452,6.548,2010,3,March,Q1,11,2010-03,Non-Holiday,0.75203452
17,2010-03-26,793097.64,0,35.59,2.819,126.6050645,6.548,2010,3,March,Q1,12,2010-03,Non-Holiday,0.79309764
17,2010-04-02,848521.17,0,36.94,2.842,126.6034839,6.635,2010,4,April,Q2,13,2010-04,Non-Holiday,0.84852117
17,2010-04-09,770228.02,0,34.05,2.877,126.6019032,6.635,2010,4,April,Q2,14,2010-04,Non-Holiday,0.77022802
17,2010-04-16,757738.76,0,45.22,2.915,126.5621,6.635,2010,4,April,Q2,15,2010-04,Non-Holiday,0.75773876
17,2010-04-23,977790.83,0,52.25,2.936,126.4713333,6.635,2010,4,April,Q2,16,2010-04,Non-Holiday,0.97779083
17,2010-04-30,807798.73,0,43.82,2.941,126.3805667,6.635,2010,4,April,Q2,17,2010-04,Non-Holiday,0.80779873
17,2010-05-07,843848.65,0,40.26,2.948,126.2898,6.635,2010,5,May,Q2,18,2010-05,Non-Holiday,0.84384865
17,2010-05-14,813756.09,0,47.28,2.962,126.2085484,6.635,2010,5,May,Q2,19,2010-05,Non-Holiday,0.8137560899999999
17,2010-05-21,826626.5,0,53.94,2.95,126.1843871,6.635,2010,5,May,Q2,20,2010-05,Non-Holiday,0.8266265
17,2010-05-28,872817.62,0,48.19,2.908,126.1602258,6.635,2010,5,May,Q2,21,2010-05,Non-Holiday,0.87281762
17,2010-06-04,876902.87,0,53.79,2.871,126.1360645,6.635,2010,6,June,Q2,22,2010-06,Non-Holiday,0.87690287
17,2010-06-11,845252.21,0,57.14,2.841,126.1119032,6.635,2010,6,June,Q2,23,2010-06,Non-Holiday,0.84525221
17,2010-06-18,877996.27,0,54.94,2.819,126.114,6.635,2010,6,June,Q2,24,2010-06,Non-Holiday,0.87799627
17,2010-06-25,893995.44,0,62.64,2.82,126.1266,6.635,2010,6,June,Q2,25,2010-06,Non-Holiday,0.89399544
17,2010-07-02,958875.37,0,68.98,2.814,126.1392,6.697,2010,7,July,Q3,26,2010-07,Non-Holiday,0.95887537
17,2010-07-09,836915.92,0,62.41,2.802,126.1518,6.697,2010,7,July,Q3,27,2010-07,Non-Holiday,0.83691592
17,2010-07-16,876591.41,0,65.66,2.791,126.1498065,6.697,2010,7,July,Q3,28,2010-07,Non-Holiday,0.8765914100000001
17,2010-07-23,893504.87,0,69.66,2.797,126.1283548,6.697,2010,7,July,Q3,29,2010-07,Non-Holiday,0.89350487
17,2010-07-30,833517.19,0,69.96,2.797,126.1069032,6.697,2010,7,July,Q3,30,2010-07,Non-Holiday,0.8335171899999999
17,2010-08-06,795301.17,0,70.53,2.802,126.0854516,6.697,2010,8,August,Q3,31,2010-08,Non-Holiday,0.79530117
17,2010-08-13,759995.18,0,65.17,2.837,126.064,6.697,2010,8,August,Q3,32,2010-08,Non-Holiday,0.7599951800000001
17,2010-08-20,783929.7,0,67.04,2.85,126.0766452,6.697,2010,8,August,Q3,33,2010-08,Non-Holiday,0.7839297
17,2010-08-27,802583.89,0,65.03,2.854,126.0892903,6.697,2010,8,August,Q3,34,2010-08,Non-Holiday,0.80258389
17,2010-09-03,834373.73,0,57.86,2.868,126.1019355,6.697,2010,9,September,Q3,35,2010-09,Non-Holiday,0.83437373
17,2010-09-10,1200888.28,1,56.28,2.87,126.1145806,6.697,2010,9,September,Q3,36,2010-09,Holiday,1.20088828
17,2010-09-17,871264.25,0,58.53,2.875,126.1454667,6.697,2010,9,September,Q3,37,2010-09,Non-Holiday,0.87126425
17,2010-09-24,852876.29,0,58.39,2.872,126.1900333,6.697,2010,9,September,Q3,38,2010-09,Non-Holiday,0.8528762900000001
17,2010-10-01,829207.27,0,60.07,2.853,126.2346,6.885,2010,10,October,Q4,39,2010-10,Non-Holiday,0.82920727
17,2010-10-08,827738.06,0,58.06,2.841,126.2791667,6.885,2010,10,October,Q4,40,2010-10,Non-Holiday,0.82773806
17,2010-10-15,838297.32,0,47.35,2.845,126.3266774,6.885,2010,10,October,Q4,41,2010-10,Non-Holiday,0.8382973199999999
17,2010-10-22,815093.76,0,47.95,2.849,126.3815484,6.885,2010,10,October,Q4,42,2010-10,Non-Holiday,0.81509376
17,2010-10-29,861941.25,0,39.87,2.841,126.4364194,6.885,2010,10,October,Q4,43,2010-10,Non-Holiday,0.86194125
17,2010-11-05,818434.49,0,42.54,2.831,126.4912903,6.885,2010,11,November,Q4,44,2010-11,Non-Holiday,0.81843449
17,2010-11-12,855459.96,0,36.32,2.831,126.5461613,6.885,2010,11,November,Q4,45,2010-11,Non-Holiday,0.8554599599999999
17,2010-11-19,782252.57,0,36.31,2.842,126.6072,6.885,2010,11,November,Q4,46,2010-11,Non-Holiday,0.7822525699999999
17,2010-11-26,1005448.76,1,19.03,2.83,126.6692667,6.885,2010,11,November,Q4,47,2010-11,Holiday,1.00544876
17,2010-12-03,926573.81,0,22.47,2.812,126.7313333,6.885,2010,12,December,Q4,48,2010-12,Non-Holiday,0.92657381
17,2010-12-10,962475.55,0,31.64,2.817,126.7934,6.885,2010,12,December,Q4,49,2010-12,Non-Holiday,0.9624755500000001
17,2010-12-17,1049372.38,0,25.13,2.842,126.8794839,6.885,2010,12,December,Q4,50,2010-12,Non-Holiday,1.0493723799999999
17,2010-12-24,1309226.79,0,26.58,2.846,126.9835806,6.885,2010,12,December,Q4,51,2010-12,Non-Holiday,1.30922679
17,2010-12-31,635862.55,1,20.79,2.868,127.0876774,6.885,2010,12,December,Q4,52,2010-12,Holiday,0.63586255
17,2011-01-07,1083071.14,0,6.23,2.891,127.1917742,6.866,2011,1,January,Q1,1,2011-01,Non-Holiday,1.08307114
17,2011-01-14,758510.36,0,16.57,2.903,127.3009355,6.866,2011,1,January,Q1,2,2011-01,Non-Holiday,0.7585103599999999
17,2011-01-21,755804.37,0,26.62,2.934,127.4404839,6.866,2011,1,January,Q1,3,2011-01,Non-Holiday,0.75580437
17,2011-01-28,736335.69,0,22.16,2.96,127.5800323,6.866,2011,1,January,Q1,4,2011-01,Non-Holiday,0.73633569
17,2011-02-04,816603.05,0,11.29,2.974,127.7195806,6.866,2011,2,February,Q1,5,2011-02,Non-Holiday,0.81660305
17,2011-02-11,813211.46,1,14.19,3.034,127.859129,6.866,2011,2,February,Q1,6,2011-02,Holiday,0.81321146
17,2011-02-18,860962.91,0,26.86,3.062,127.99525,6.866,2011,2,February,Q1,7,2011-02,Non-Holiday,0.86096291
17,2011-02-25,767256.53,0,24.36,3.12,128.13,6.866,2011,2,February,Q1,8,2011-02,Non-Holiday,0.76725653
17,2011-03-04,816138.33,0,24.21,3.23,128.26475,6.866,2011,3,March,Q1,9,2011-03,Non-Holiday,0.8161383299999999
17,2011-03-11,779602.36,0,32.42,3.346,128.3995,6.866,2011,3,March,Q1,10,2011-03,Non-Holiday,0.7796023599999999
17,2011-03-18,778436.81,0,34.48,3.407,128.5121935,6.866,2011,3,March,Q1,11,2011-03,Non-Holiday,0.7784368100000001
17,2011-03-25,781267.76,0,36.71,3.435,128.6160645,6.866,2011,3,March,Q1,12,2011-03,Non-Holiday,0.78126776
17,2011-04-01,795859.23,0,39.38,3.487,128.7199355,6.774,2011,4,April,Q2,13,2011-04,Non-Holiday,0.79585923
17,2011-04-08,811855.72,0,39.16,3.547,128.8238065,6.774,2011,4,April,Q2,14,2011-04,Non-Holiday,0.81185572
17,2011-04-15,825283.43,0,39.98,3.616,128.9107333,6.774,2011,4,April,Q2,15,2011-04,Non-Holiday,0.82528343
17,2011-04-22,1060770.11,0,42.24,3.655,128.9553,6.774,2011,4,April,Q2,16,2011-04,Non-Holiday,1.0607701100000002
17,2011-04-29,806979.15,0,40.14,3.683,128.9998667,6.774,2011,4,April,Q2,17,2011-04,Non-Holiday,0.80697915
17,2011-05-06,882132.28,0,45.66,3.744,129.0444333,6.774,2011,5,May,Q2,18,2011-05,Non-Holiday,0.88213228
17,2011-05-13,870625.49,0,49.26,3.77,129.089,6.774,2011,5,May,Q2,19,2011-05,Non-Holiday,0.87062549
17,2011-05-20,844443.35,0,51.93,3.802,129.0756774,6.774,2011,5,May,Q2,20,2011-05,Non-Holiday,0.8444433499999999
17,2011-05-27,892056.64,0,51.04,3.778,129.0623548,6.774,2011,5,May,Q2,21,2011-05,Non-Holiday,0.8920566400000001
17,2011-06-03,895020.48,0,49.61,3.752,129.0490323,6.774,2011,6,June,Q2,22,2011-06,Non-Holiday,0.89502048
17,2011-06-10,881190.46,0,54.57,3.732,129.0357097,6.774,2011,6,June,Q2,23,2011-06,Non-Holiday,0.88119046
17,2011-06-17,894686.67,0,56.61,3.704,129.0432,6.774,2011,6,June,Q2,24,2011-06,Non-Holiday,0.89468667
17,2011-06-24,920719.98,0,60.99,3.668,129.0663,6.774,2011,6,June,Q2,25,2011-06,Non-Holiday,0.92071998
17,2011-07-01,940554.34,0,67.39,3.613,129.0894,6.745,2011,7,July,Q3,26,2011-07,Non-Holiday,0.9405543399999999
17,2011-07-08,915064.22,0,70.6,3.563,129.1125,6.745,2011,7,July,Q3,27,2011-07,Non-Holiday,0.91506422
17,2011-07-15,902727.76,0,67.93,3.553,129.1338387,6.745,2011,7,July,Q3,28,2011-07,Non-Holiday,0.90272776
17,2011-07-22,899044.34,0,69.82,3.563,129.1507742,6.745,2011,7,July,Q3,29,2011-07,Non-Holiday,0.89904434
17,2011-07-29,861894.77,0,68.59,3.574,129.1677097,6.745,2011,7,July,Q3,30,2011-07,Non-Holiday,0.86189477
17,2011-08-05,866184.92,0,65.71,3.595,129.1846452,6.745,2011,8,August,Q3,31,2011-08,Non-Holiday,0.86618492
17,2011-08-12,800819.79,0,64.79,3.606,129.2015806,6.745,2011,8,August,Q3,32,2011-08,Non-Holiday,0.80081979
17,2011-08-19,797523.04,0,67.59,3.578,129.2405806,6.745,2011,8,August,Q3,33,2011-08,Non-Holiday,0.7975230400000001
17,2011-08-26,837390.79,0,72.04,3.57,129.2832581,6.745,2011,8,August,Q3,34,2011-08,Non-Holiday,0.83739079
17,2011-09-02,847380.07,0,69.31,3.58,129.3259355,6.745,2011,9,September,Q3,35,2011-09,Non-Holiday,0.8473800699999999
17,2011-09-09,1161900.18,1,61.94,3.619,129.3686129,6.745,2011,9,September,Q3,36,2011-09,Holiday,1.16190018
17,2011-09-16,1051116.95,0,61.48,3.641,129.4306,6.745,2011,9,September,Q3,37,2011-09,Non-Holiday,1.05111695
17,2011-09-23,895535.31,0,56.96,3.648,129.5183333,6.745,2011,9,September,Q3,38,2011-09,Non-Holiday,0.8955353100000001
17,2011-09-30,868191.05,0,61.4,3.623,129.6060667,6.745,2011,9,September,Q3,39,2011-09,Non-Holiday,0.8681910500000001
17,2011-10-07,918006.9,0,54.4,3.592,129.6938,6.617,2011,10,October,Q4,40,2011-10,Non-Holiday,0.9180069000000001
17,2011-10-14,884042.63,0,47.69,3.567,129.7706452,6.617,2011,10,October,Q4,41,2011-10,Non-Holiday,0.88404263
17,2011-10-21,877380.22,0,47.27,3.579,129.7821613,6.617,2011,10,October,Q4,42,2011-10,Non-Holiday,0.8773802199999999
17,2011-10-28,936508.43,0,41.89,3.567,129.7936774,6.617,2011,10,October,Q4,43,2011-10,Non-Holiday,0.9365084300000001
17,2011-11-04,927657.63,0,37.52,3.538,129.8051935,6.617,2011,11,November,Q4,44,2011-11,Non-Holiday,0.92765763
17,2011-11-11,914759.2,0,27.61,3.513,129.8167097,6.617,2011,11,November,Q4,45,2011-11,Non-Holiday,0.9147592
17,2011-11-18,877724.31,0,32.93,3.489,129.8268333,6.617,2011,11,November,Q4,46,2011-11,Non-Holiday,0.8777243100000001
17,2011-11-25,1225700.28,1,32.81,3.445,129.8364,6.617,2011,11,November,Q4,47,2011-11,Holiday,1.22570028
17,2011-12-02,945267.68,0,26.47,3.389,129.8459667,6.617,2011,12,December,Q4,48,2011-12,Non-Holiday,0.94526768
17,2011-12-09,976522.93,0,17.56,3.341,129.8555333,6.617,2011,12,December,Q4,49,2011-12,Non-Holiday,0.97652293
17,2011-12-16,1067754.06,0,21.07,3.282,129.8980645,6.617,2011,12,December,Q4,50,2011-12,Non-Holiday,1.06775406
17,2011-12-23,1289156.9,0,18.76,3.186,129.9845484,6.617,2011,12,December,Q4,51,2011-12,Non-Holiday,1.2891568999999998
17,2011-12-30,777207.3,1,26.73,3.119,130.0710323,6.617,2011,12,December,Q4,52,2011-12,Holiday,0.7772073
17,2012-01-06,1198104.22,0,27.64,3.08,130.1575161,6.403,2012,1,January,Q1,1,2012-01,Non-Holiday,1.19810422
17,2012-01-13,873576.96,0,20.28,3.056,130.244,6.403,2012,1,January,Q1,2,2012-01,Non-Holiday,0.87357696
17,2012-01-20,809272.65,0,27.26,3.047,130.2792258,6.403,2012,1,January,Q1,3,2012-01,Non-Holiday,0.80927265
17,2012-01-27,769522.33,0,29.99,3.058,130.3144516,6.403,2012,1,January,Q1,4,2012-01,Non-Holiday,0.7695223299999999
17,2012-02-03,864852.85,0,26.26,3.077,130.3496774,6.403,2012,2,February,Q1,5,2012-02,Non-Holiday,0.86485285
17,2012-02-10,880165.7,1,23.63,3.116,130.3849032,6.403,2012,2,February,Q1,6,2012-02,Holiday,0.8801656999999999
17,2012-02-17,927084.65,0,30.76,3.119,130.4546207,6.403,2012,2,February,Q1,7,2012-02,Non-Holiday,0.9270846500000001
17,2012-02-24,843864.43,0,30.01,3.145,130.5502069,6.403,2012,2,February,Q1,8,2012-02,Non-Holiday,0.84386443
17,2012-03-02,856178.47,0,26.28,3.242,130.6457931,6.403,2012,3,March,Q1,9,2012-03,Non-Holiday,0.85617847
17,2012-03-09,860224.98,0,32.02,3.38,130.7413793,6.403,2012,3,March,Q1,10,2012-03,Non-Holiday,0.86022498
17,2012-03-16,853136.46,0,43.69,3.529,130.8261935,6.403,2012,3,March,Q1,11,2012-03,Non-Holiday,0.85313646
17,2012-03-23,851762.28,0,40.69,3.671,130.8966452,6.403,2012,3,March,Q1,12,2012-03,Non-Holiday,0.85176228
17,2012-03-30,872469.03,0,45.29,3.734,130.9670968,6.403,2012,3,March,Q1,13,2012-03,Non-Holiday,0.87246903
17,2012-04-06,986922.62,0,43.92,3.793,131.0375484,6.235,2012,4,April,Q2,14,2012-04,Non-Holiday,0.98692262
17,2012-04-13,877055.32,0,46.94,3.833,131.108,6.235,2012,4,April,Q2,15,2012-04,Non-Holiday,0.87705532
17,2012-04-20,1119979.98,0,47.69,3.845,131.1173333,6.235,2012,4,April,Q2,16,2012-04,Non-Holiday,1.1199799799999999
17,2012-04-27,925916.65,0,59.11,3.842,131.1266667,6.235,2012,4,April,Q2,17,2012-04,Non-Holiday,0.92591665
17,2012-05-04,930121.14,0,48.86,3.831,131.136,6.235,2012,5,May,Q2,18,2012-05,Non-Holiday,0.93012114
17,2012-05-11,944100.3,0,49.96,3.809,131.1453333,6.235,2012,5,May,Q2,19,2012-05,Non-Holiday,0.9441003
17,2012-05-18,968816.33,0,59.67,3.808,131.0983226,6.235,2012,5,May,Q2,20,2012-05,Non-Holiday,0.96881633
17,2012-05-25,984881.59,0,55.69,3.801,131.0287742,6.235,2012,5,May,Q2,21,2012-05,Non-Holiday,0.98488159
17,2012-06-01,938914.28,0,54.13,3.788,130.9592258,6.235,2012,6,June,Q2,22,2012-06,Non-Holiday,0.93891428
17,2012-06-08,987990.24,0,60.51,3.776,130.8896774,6.235,2012,6,June,Q2,23,2012-06,Non-Holiday,0.98799024
17,2012-06-15,964169.67,0,56.67,3.756,130.8295333,6.235,2012,6,June,Q2,24,2012-06,Non-Holiday,0.9641696700000001
17,2012-06-22,981210.57,0,62.9,3.737,130.7929,6.235,2012,6,June,Q2,25,2012-06,Non-Holiday,0.98121057
17,2012-06-29,982322.24,0,71.14,3.681,130.7562667,6.235,2012,6,June,Q2,26,2012-06,Non-Holiday,0.98232224
17,2012-07-06,1046782.52,0,68.91,3.63,130.7196333,5.936,2012,7,July,Q3,27,2012-07,Non-Holiday,1.04678252
17,2012-07-13,960746.04,0,72.94,3.595,130.683,5.936,2012,7,July,Q3,28,2012-07,Non-Holiday,0.9607460400000001
17,2012-07-20,944698.7,0,70.59,3.556,130.7012903,5.936,2012,7,July,Q3,29,2012-07,Non-Holiday,0.9446987
17,2012-07-27,907493.24,0,74.2,3.537,130.7195806,5.936,2012,7,July,Q3,30,2012-07,Non-Holiday,0.90749324
17,2012-08-03,877813.33,0,72.94,3.512,130.737871,5.936,2012,8,August,Q3,31,2012-08,Non-Holiday,0.87781333
17,2012-08-10,849074.04,0,73.29,3.509,130.7561613,5.936,2012,8,August,Q3,32,2012-08,Non-Holiday,0.8490740400000001
17,2012-08-17,844928.17,0,70.98,3.545,130.7909677,5.936,2012,8,August,Q3,33,2012-08,Non-Holiday,0.8449281700000001
17,2012-08-24,924299.78,0,68.89,3.582,130.8381613,5.936,2012,8,August,Q3,34,2012-08,Non-Holiday,0.92429978
17,2012-08-31,865924.2,0,68.07,3.624,130.8853548,5.936,2012,8,August,Q3,35,2012-08,Non-Holiday,0.8659241999999999
17,2012-09-07,1255633.29,1,61.99,3.689,130.9325484,5.936,2012,9,September,Q3,36,2012-09,Holiday,1.25563329
17,2012-09-14,1071040.22,0,59.64,3.749,130.9776667,5.936,2012,9,September,Q3,37,2012-09,Non-Holiday,1.07104022
17,2012-09-21,938303.28,0,58.43,3.821,131.0103333,5.936,2012,9,September,Q3,38,2012-09,Non-Holiday,0.9383032800000001
17,2012-09-28,972716.24,0,57.77,3.821,131.043,5.936,2012,9,September,Q3,39,2012-09,Non-Holiday,0.97271624
17,2012-10-05,952609.17,0,52.81,3.815,131.0756667,5.527,2012,10,October,Q4,40,2012-10,Non-Holiday,0.95260917
17,2012-10-12,919878.34,0,44.82,3.797,131.1083333,5.527,2012,10,October,Q4,41,2012-10,Non-Holiday,0.91987834
17,2012-10-19,957356.84,0,48.16,3.781,131.1499677,5.527,2012,10,October,Q4,42,2012-10,Non-Holiday,0.95735684
17,2012-10-26,943465.29,0,39.94,3.755,131.1930968,5.527,2012,10,October,Q4,43,2012-10,Non-Holiday,0.94346529
18,2010-02-05,1205307.5,0,21.33,2.788,131.5279032,9.202,2010,2,February,Q1,5,2010-02,Non-Holiday,1.2053075
18,2010-02-12,1187880.7,1,26.41,2.771,131.5866129,9.202,2010,2,February,Q1,6,2010-02,Holiday,1.1878807
18,2010-02-19,1150663.42,0,30.91,2.747,131.637,9.202,2010,2,February,Q1,7,2010-02,Non-Holiday,1.1506634199999999
18,2010-02-26,1068157.45,0,35.42,2.753,131.686,9.202,2010,2,February,Q1,8,2010-02,Non-Holiday,1.06815745
18,2010-03-05,1179738.5,0,37.17,2.766,131.735,9.202,2010,3,March,Q1,9,2010-03,Non-Holiday,1.1797385
18,2010-03-12,1138800.32,0,42.39,2.805,131.784,9.202,2010,3,March,Q1,10,2010-03,Non-Holiday,1.13880032
18,2010-03-19,1087507.47,0,45.42,2.834,131.8242903,9.202,2010,3,March,Q1,11,2010-03,Non-Holiday,1.08750747
18,2010-03-26,1092704.09,0,47.55,2.831,131.863129,9.202,2010,3,March,Q1,12,2010-03,Non-Holiday,1.09270409
18,2010-04-02,1254107.84,0,45.63,2.826,131.9019677,9.269,2010,4,April,Q2,13,2010-04,Non-Holiday,1.25410784
18,2010-04-09,1174447.55,0,59.91,2.849,131.9408065,9.269,2010,4,April,Q2,14,2010-04,Non-Holiday,1.17444755
18,2010-04-16,1135577.62,0,50.26,2.885,131.9809,9.269,2010,4,April,Q2,15,2010-04,Non-Holiday,1.13557762
18,2010-04-23,1132433.55,0,50.3,2.895,132.0226667,9.269,2010,4,April,Q2,16,2010-04,Non-Holiday,1.13243355
18,2010-04-30,1060446.16,0,51.12,2.935,132.0644333,9.269,2010,4,April,Q2,17,2010-04,Non-Holiday,1.06044616
18,2010-05-07,1222255.47,0,65.64,2.981,132.1062,9.269,2010,5,May,Q2,18,2010-05,Non-Holiday,1.22225547
18,2010-05-14,1092616.49,0,49.9,2.983,132.152129,9.269,2010,5,May,Q2,19,2010-05,Non-Holiday,1.09261649
18,2010-05-21,1101621.36,0,60.27,2.961,132.2230323,9.269,2010,5,May,Q2,20,2010-05,Non-Holiday,1.10162136
18,2010-05-28,1256282.79,0,69.12,2.906,132.2939355,9.269,2010,5,May,Q2,21,2010-05,Non-Holiday,1.25628279
18,2010-06-04,1271311.76,0,70.28,2.857,132.3648387,9.269,2010,6,June,Q2,22,2010-06,Non-Holiday,1.27131176
18,2010-06-11,1173521.82,0,64.08,2.83,132.4357419,9.269,2010,6,June,Q2,23,2010-06,Non-Holiday,1.1735218200000002
18,2010-06-18,1183225.92,0,65.96,2.805,132.4733333,9.269,2010,6,June,Q2,24,2010-06,Non-Holiday,1.18322592
18,2010-06-25,1220983.17,0,74.04,2.81,132.4976,9.269,2010,6,June,Q2,25,2010-06,Non-Holiday,1.22098317
18,2010-07-02,1257928.35,0,71.22,2.815,132.5218667,9.342,2010,7,July,Q3,26,2010-07,Non-Holiday,1.25792835
18,2010-07-09,1171391.41,0,79.75,2.806,132.5461333,9.342,2010,7,July,Q3,27,2010-07,Non-Holiday,1.17139141
18,2010-07-16,1115514.61,0,76.9,2.796,132.5667742,9.342,2010,7,July,Q3,28,2010-07,Non-Holiday,1.1155146100000002
18,2010-07-23,1032908.23,0,75.71,2.784,132.5825806,9.342,2010,7,July,Q3,29,2010-07,Non-Holiday,1.0329082299999999
18,2010-07-30,1078557.62,0,75.79,2.792,132.5983871,9.342,2010,7,July,Q3,30,2010-07,Non-Holiday,1.0785576200000002
18,2010-08-06,1166117.85,0,73.67,2.792,132.6141935,9.342,2010,8,August,Q3,31,2010-08,Non-Holiday,1.16611785
18,2010-08-13,1084722.78,0,74.19,2.81,132.63,9.342,2010,8,August,Q3,32,2010-08,Non-Holiday,1.08472278
18,2010-08-20,1141860.67,0,71.76,2.796,132.6616129,9.342,2010,8,August,Q3,33,2010-08,Non-Holiday,1.14186067
18,2010-08-27,1214302.76,0,67.05,2.77,132.6932258,9.342,2010,8,August,Q3,34,2010-08,Non-Holiday,1.21430276
18,2010-09-03,1187359.77,0,75.42,2.735,132.7248387,9.342,2010,9,September,Q3,35,2010-09,Non-Holiday,1.18735977
18,2010-09-10,1011201.12,1,67.09,2.717,132.7564516,9.342,2010,9,September,Q3,36,2010-09,Holiday,1.01120112
18,2010-09-17,997998.21,0,60.94,2.716,132.7670667,9.342,2010,9,September,Q3,37,2010-09,Non-Holiday,0.99799821
18,2010-09-24,950862.92,0,64.82,2.718,132.7619333,9.342,2010,9,September,Q3,38,2010-09,Non-Holiday,0.9508629200000001
18,2010-10-01,948977.5,0,67.76,2.717,132.7568,9.331,2010,10,October,Q4,39,2010-10,Non-Holiday,0.9489775
18,2010-10-08,1107432.71,0,54.73,2.776,132.7516667,9.331,2010,10,October,Q4,40,2010-10,Non-Holiday,1.1074327099999999
18,2010-10-15,1029618.1,0,52.02,2.878,132.7633548,9.331,2010,10,October,Q4,41,2010-10,Non-Holiday,1.0296181
18,2010-10-22,1052120.43,0,47.12,2.919,132.8170968,9.331,2010,10,October,Q4,42,2010-10,Non-Holiday,1.05212043
18,2010-10-29,1038576.54,0,55.85,2.938,132.8708387,9.331,2010,10,October,Q4,43,2010-10,Non-Holiday,1.03857654
18,2010-11-05,1089530.94,0,42.05,2.938,132.9245806,9.331,2010,11,November,Q4,44,2010-11,Non-Holiday,1.08953094
18,2010-11-12,1081322.12,0,43.17,2.961,132.9783226,9.331,2010,11,November,Q4,45,2010-11,Non-Holiday,1.08132212
18,2010-11-19,1045722.37,0,45.26,3.03,132.9172,9.331,2010,11,November,Q4,46,2010-11,Non-Holiday,1.04572237
18,2010-11-26,1653759.36,1,40.81,3.07,132.8369333,9.331,2010,11,November,Q4,47,2010-11,Holiday,1.65375936
18,2010-12-03,1211026.13,0,37.09,3.065,132.7566667,9.331,2010,12,December,Q4,48,2010-12,Non-Holiday,1.2110261299999998
18,2010-12-10,1416168.98,0,25.64,3.132,132.6764,9.331,2010,12,December,Q4,49,2010-12,Non-Holiday,1.41616898
18,2010-12-17,1588430.71,0,27.4,3.139,132.6804516,9.331,2010,12,December,Q4,50,2010-12,Non-Holiday,1.58843071
18,2010-12-24,2027507.15,0,28.16,3.15,132.7477419,9.331,2010,12,December,Q4,51,2010-12,Non-Holiday,2.02750715
18,2010-12-31,887907.01,1,26.1,3.177,132.8150323,9.331,2010,12,December,Q4,52,2010-12,Holiday,0.88790701
18,2011-01-07,933960.3,0,30.1,3.193,132.8823226,9.131,2011,1,January,Q1,1,2011-01,Non-Holiday,0.9339603000000001
18,2011-01-14,777175.28,0,22.69,3.215,132.9510645,9.131,2011,1,January,Q1,2,2011-01,Non-Holiday,0.77717528
18,2011-01-21,891148.55,0,22.55,3.232,133.0285161,9.131,2011,1,January,Q1,3,2011-01,Non-Holiday,0.89114855
18,2011-01-28,849540.85,0,14.84,3.243,133.1059677,9.131,2011,1,January,Q1,4,2011-01,Non-Holiday,0.84954085
18,2011-02-04,1055841.24,0,20.79,3.24,133.1834194,9.131,2011,2,February,Q1,5,2011-02,Non-Holiday,1.05584124
18,2011-02-11,1122053.58,1,24.3,3.255,133.260871,9.131,2011,2,February,Q1,6,2011-02,Holiday,1.12205358
18,2011-02-18,1095058.57,0,31.59,3.263,133.3701429,9.131,2011,2,February,Q1,7,2011-02,Non-Holiday,1.0950585700000002
18,2011-02-25,1005983.31,0,26.15,3.281,133.4921429,9.131,2011,2,February,Q1,8,2011-02,Non-Holiday,1.00598331
18,2011-03-04,1063310.62,0,28.49,3.437,133.6141429,9.131,2011,3,March,Q1,9,2011-03,Non-Holiday,1.0633106200000002
18,2011-03-11,1002714.25,0,38.4,3.6,133.7361429,9.131,2011,3,March,Q1,10,2011-03,Non-Holiday,1.00271425
18,2011-03-18,945889.59,0,41.12,3.634,133.8492258,9.131,2011,3,March,Q1,11,2011-03,Non-Holiday,0.94588959
18,2011-03-25,944523.3,0,36.65,3.624,133.9587419,9.131,2011,3,March,Q1,12,2011-03,Non-Holiday,0.9445233000000001
18,2011-04-01,938083.17,0,35.06,3.638,134.0682581,8.975,2011,4,April,Q2,13,2011-04,Non-Holiday,0.9380831700000001
18,2011-04-08,1018541.3,0,43.32,3.72,134.1777742,8.975,2011,4,April,Q2,14,2011-04,Non-Holiday,1.0185413
18,2011-04-15,988157.72,0,49.91,3.823,134.2784667,8.975,2011,4,April,Q2,15,2011-04,Non-Holiday,0.98815772
18,2011-04-22,1105860.06,0,45.99,3.919,134.3571,8.975,2011,4,April,Q2,16,2011-04,Non-Holiday,1.1058600600000001
18,2011-04-29,974114.39,0,58.82,3.988,134.4357333,8.975,2011,4,April,Q2,17,2011-04,Non-Holiday,0.97411439
18,2011-05-06,1065427.37,0,54.17,4.078,134.5143667,8.975,2011,5,May,Q2,18,2011-05,Non-Holiday,1.06542737
18,2011-05-13,993172.98,0,58.48,4.095,134.593,8.975,2011,5,May,Q2,19,2011-05,Non-Holiday,0.99317298
18,2011-05-20,994610.43,0,57.55,4.101,134.6803871,8.975,2011,5,May,Q2,20,2011-05,Non-Holiday,0.99461043
18,2011-05-27,1065214.14,0,64.6,4.034,134.7677742,8.975,2011,5,May,Q2,21,2011-05,Non-Holiday,1.06521414
18,2011-06-03,1178039.0,0,70.9,3.973,134.8551613,8.975,2011,6,June,Q2,22,2011-06,Non-Holiday,1.178039
18,2011-06-10,1044079.2,0,69.49,3.924,134.9425484,8.975,2011,6,June,Q2,23,2011-06,Non-Holiday,1.0440791999999999
18,2011-06-17,1045859.39,0,63.23,3.873,135.0837333,8.975,2011,6,June,Q2,24,2011-06,Non-Holiday,1.04585939
18,2011-06-24,1056478.65,0,67.41,3.851,135.2652667,8.975,2011,6,June,Q2,25,2011-06,Non-Holiday,1.0564786499999999
18,2011-07-01,1087051.26,0,69.75,3.815,135.4468,8.89,2011,7,July,Q3,26,2011-07,Non-Holiday,1.08705126
18,2011-07-08,1048802.62,0,73.12,3.784,135.6283333,8.89,2011,7,July,Q3,27,2011-07,Non-Holiday,1.04880262
18,2011-07-15,974916.13,0,74.36,3.827,135.7837419,8.89,2011,7,July,Q3,28,2011-07,Non-Holiday,0.97491613
18,2011-07-22,991262.46,0,78.68,3.882,135.8738387,8.89,2011,7,July,Q3,29,2011-07,Non-Holiday,0.99126246
18,2011-07-29,954148.64,0,73.85,3.898,135.9639355,8.89,2011,7,July,Q3,30,2011-07,Non-Holiday,0.95414864
18,2011-08-05,1002806.39,0,74.58,3.903,136.0540323,8.89,2011,8,August,Q3,31,2011-08,Non-Holiday,1.00280639
18,2011-08-12,928470.83,0,73.57,3.88,136.144129,8.89,2011,8,August,Q3,32,2011-08,Non-Holiday,0.92847083
18,2011-08-19,932679.79,0,69.24,3.82,136.183129,8.89,2011,8,August,Q3,33,2011-08,Non-Holiday,0.93267979
18,2011-08-26,1147906.46,0,70.32,3.796,136.2136129,8.89,2011,8,August,Q3,34,2011-08,Non-Holiday,1.14790646
18,2011-09-02,540922.94,0,68.23,3.784,136.2440968,8.89,2011,9,September,Q3,35,2011-09,Non-Holiday,0.54092294
18,2011-09-09,951549.61,1,68.11,3.809,136.2745806,8.89,2011,9,September,Q3,36,2011-09,Holiday,0.9515496099999999
18,2011-09-16,845715.37,0,66.23,3.809,136.3145,8.89,2011,9,September,Q3,37,2011-09,Non-Holiday,0.84571537
18,2011-09-23,853073.17,0,60.44,3.758,136.367,8.89,2011,9,September,Q3,38,2011-09,Non-Holiday,0.85307317
18,2011-09-30,847348.08,0,69.01,3.684,136.4195,8.89,2011,9,September,Q3,39,2011-09,Non-Holiday,0.84734808
18,2011-10-07,1019741.1,0,54.65,3.633,136.472,8.471,2011,10,October,Q4,40,2011-10,Non-Holiday,1.0197411
18,2011-10-14,953533.95,0,60.26,3.583,136.5150968,8.471,2011,10,October,Q4,41,2011-10,Non-Holiday,0.95353395
18,2011-10-21,1048212.62,0,55.83,3.618,136.5017742,8.471,2011,10,October,Q4,42,2011-10,Non-Holiday,1.04821262
18,2011-10-28,1106642.63,0,45.61,3.604,136.4884516,8.471,2011,10,October,Q4,43,2011-10,Non-Holiday,1.1066426299999998
18,2011-11-04,1100625.06,0,38.29,3.586,136.475129,8.471,2011,11,November,Q4,44,2011-11,Non-Holiday,1.10062506
18,2011-11-11,1079931.63,0,45.69,3.57,136.4618065,8.471,2011,11,November,Q4,45,2011-11,Non-Holiday,1.07993163
18,2011-11-18,1056992.18,0,47.88,3.571,136.4666667,8.471,2011,11,November,Q4,46,2011-11,Non-Holiday,1.05699218
18,2011-11-25,1624170.99,1,41.97,3.536,136.4788,8.471,2011,11,November,Q4,47,2011-11,Holiday,1.62417099
18,2011-12-02,1188047.61,0,46.25,3.501,136.4909333,8.471,2011,12,December,Q4,48,2011-12,Non-Holiday,1.1880476100000001
18,2011-12-09,1368471.23,0,42.36,3.47,136.5030667,8.471,2011,12,December,Q4,49,2011-12,Non-Holiday,1.36847123
18,2011-12-16,1516924.23,0,35.52,3.445,136.5335161,8.471,2011,12,December,Q4,50,2011-12,Non-Holiday,1.5169242299999999
18,2011-12-23,1882393.4,0,35.78,3.413,136.5883871,8.471,2011,12,December,Q4,51,2011-12,Non-Holiday,1.8823934
18,2011-12-30,1010562.49,1,32.36,3.402,136.6432581,8.471,2011,12,December,Q4,52,2011-12,Holiday,1.01056249
18,2012-01-06,977286.07,0,31.27,3.439,136.698129,8.075,2012,1,January,Q1,1,2012-01,Non-Holiday,0.9772860699999999
18,2012-01-13,890130.25,0,35.25,3.523,136.753,8.075,2012,1,January,Q1,2,2012-01,Non-Holiday,0.89013025
18,2012-01-20,937522.77,0,24.2,3.542,136.8564194,8.075,2012,1,January,Q1,3,2012-01,Non-Holiday,0.9375227700000001
18,2012-01-27,825584.22,0,30.44,3.568,136.9598387,8.075,2012,1,January,Q1,4,2012-01,Non-Holiday,0.82558422
18,2012-02-03,1049772.04,0,37.62,3.633,137.0632581,8.075,2012,2,February,Q1,5,2012-02,Non-Holiday,1.0497720400000001
18,2012-02-10,1161615.51,1,32.83,3.655,137.1666774,8.075,2012,2,February,Q1,6,2012-02,Holiday,1.16161551
18,2012-02-17,1115985.81,0,32.87,3.703,137.2583103,8.075,2012,2,February,Q1,7,2012-02,Non-Holiday,1.11598581
18,2012-02-24,1037861.11,0,36.34,3.751,137.3411034,8.075,2012,2,February,Q1,8,2012-02,Non-Holiday,1.03786111
18,2012-03-02,1047178.91,0,33.59,3.827,137.4238966,8.075,2012,3,March,Q1,9,2012-03,Non-Holiday,1.04717891
18,2012-03-09,1084894.47,0,38.1,3.876,137.5066897,8.075,2012,3,March,Q1,10,2012-03,Non-Holiday,1.08489447
18,2012-03-16,1022018.43,0,45.84,3.867,137.5843871,8.075,2012,3,March,Q1,11,2012-03,Non-Holiday,1.0220184300000001
18,2012-03-23,1031139.3,0,58.06,3.889,137.6552903,8.075,2012,3,March,Q1,12,2012-03,Non-Holiday,1.0311393
18,2012-03-30,1009121.2,0,45.35,3.921,137.7261935,8.075,2012,3,March,Q1,13,2012-03,Non-Holiday,1.0091212
18,2012-04-06,1200815.3,0,43.8,3.957,137.7970968,8.304,2012,4,April,Q2,14,2012-04,Non-Holiday,1.2008153000000001
18,2012-04-13,998443.5,0,47.75,4.025,137.868,8.304,2012,4,April,Q2,15,2012-04,Non-Holiday,0.9984435
18,2012-04-20,1025813.8,0,60.88,4.046,137.9230667,8.304,2012,4,April,Q2,16,2012-04,Non-Holiday,1.0258138
18,2012-04-27,961186.23,0,50.43,4.023,137.9781333,8.304,2012,4,April,Q2,17,2012-04,Non-Holiday,0.96118623
18,2012-05-04,1050027.89,0,49.66,3.991,138.0332,8.304,2012,5,May,Q2,18,2012-05,Non-Holiday,1.05002789
18,2012-05-11,1060433.1,0,57.44,3.947,138.0882667,8.304,2012,5,May,Q2,19,2012-05,Non-Holiday,1.0604331
18,2012-05-18,1047444.59,0,62.31,3.899,138.1065806,8.304,2012,5,May,Q2,20,2012-05,Non-Holiday,1.04744459
18,2012-05-25,1088446.58,0,65.48,3.85,138.1101935,8.304,2012,5,May,Q2,21,2012-05,Non-Holiday,1.08844658
18,2012-06-01,1118313.7,0,71.42,3.798,138.1138065,8.304,2012,6,June,Q2,22,2012-06,Non-Holiday,1.1183136999999999
18,2012-06-08,1110479.94,0,59.1,3.746,138.1174194,8.304,2012,6,June,Q2,23,2012-06,Non-Holiday,1.11047994
18,2012-06-15,1057425.83,0,66.58,3.683,138.1295333,8.304,2012,6,June,Q2,24,2012-06,Non-Holiday,1.0574258300000001
18,2012-06-22,1080357.89,0,70.92,3.629,138.1629,8.304,2012,6,June,Q2,25,2012-06,Non-Holiday,1.08035789
18,2012-06-29,1097006.3,0,70.17,3.577,138.1962667,8.304,2012,6,June,Q2,26,2012-06,Non-Holiday,1.0970063
18,2012-07-06,1158247.31,0,76.08,3.538,138.2296333,8.535,2012,7,July,Q3,27,2012-07,Non-Holiday,1.1582473100000001
18,2012-07-13,1024784.92,0,75.09,3.561,138.263,8.535,2012,7,July,Q3,28,2012-07,Non-Holiday,1.02478492
18,2012-07-20,1033543.56,0,77.43,3.61,138.2331935,8.535,2012,7,July,Q3,29,2012-07,Non-Holiday,1.03354356
18,2012-07-27,924506.26,0,72.97,3.701,138.2033871,8.535,2012,7,July,Q3,30,2012-07,Non-Holiday,0.92450626
18,2012-08-03,1052066.58,0,72.67,3.698,138.1735806,8.535,2012,8,August,Q3,31,2012-08,Non-Holiday,1.05206658
18,2012-08-10,967304.07,0,75.7,3.772,138.1437742,8.535,2012,8,August,Q3,32,2012-08,Non-Holiday,0.96730407
18,2012-08-17,1048134.24,0,73.25,3.84,138.1857097,8.535,2012,8,August,Q3,33,2012-08,Non-Holiday,1.04813424
18,2012-08-24,1145840.91,0,68.52,3.874,138.2814516,8.535,2012,8,August,Q3,34,2012-08,Non-Holiday,1.14584091
18,2012-08-31,1117097.23,0,70.09,3.884,138.3771935,8.535,2012,8,August,Q3,35,2012-08,Non-Holiday,1.11709723
18,2012-09-07,1083521.24,1,71.85,3.921,138.4729355,8.535,2012,9,September,Q3,36,2012-09,Holiday,1.08352124
18,2012-09-14,960476.1,0,64.45,3.988,138.5673,8.535,2012,9,September,Q3,37,2012-09,Non-Holiday,0.9604760999999999
18,2012-09-21,971386.65,0,60.23,4.056,138.6534,8.535,2012,9,September,Q3,38,2012-09,Non-Holiday,0.97138665
18,2012-09-28,1002856.2,0,58.24,4.018,138.7395,8.535,2012,9,September,Q3,39,2012-09,Non-Holiday,1.0028561999999999
18,2012-10-05,1092204.79,0,59.68,4.027,138.8256,8.243,2012,10,October,Q4,40,2012-10,Non-Holiday,1.09220479
18,2012-10-12,1074079.0,0,50.97,4.029,138.9117,8.243,2012,10,October,Q4,41,2012-10,Non-Holiday,1.074079
18,2012-10-19,1048706.75,0,51.96,4.0,138.8336129,8.243,2012,10,October,Q4,42,2012-10,Non-Holiday,1.04870675
18,2012-10-26,1127516.25,0,56.09,3.917,138.7281613,8.243,2012,10,October,Q4,43,2012-10,Non-Holiday,1.12751625
19,2010-02-05,1507637.17,0,20.96,2.954,131.5279032,8.35,2010,2,February,Q1,5,2010-02,Non-Holiday,1.50763717
19,2010-02-12,1536549.95,1,23.22,2.94,131.5866129,8.35,2010,2,February,Q1,6,2010-02,Holiday,1.53654995
19,2010-02-19,1515976.11,0,28.57,2.909,131.637,8.35,2010,2,February,Q1,7,2010-02,Non-Holiday,1.5159761100000002
19,2010-02-26,1373270.06,0,30.33,2.91,131.686,8.35,2010,2,February,Q1,8,2010-02,Non-Holiday,1.37327006
19,2010-03-05,1495844.57,0,32.92,2.919,131.735,8.35,2010,3,March,Q1,9,2010-03,Non-Holiday,1.49584457
19,2010-03-12,1467889.2,0,39.06,2.938,131.784,8.35,2010,3,March,Q1,10,2010-03,Non-Holiday,1.4678892
19,2010-03-19,1332940.35,0,43.74,2.96,131.8242903,8.35,2010,3,March,Q1,11,2010-03,Non-Holiday,1.33294035
19,2010-03-26,1427023.45,0,39.07,2.963,131.863129,8.35,2010,3,March,Q1,12,2010-03,Non-Holiday,1.4270234499999999
19,2010-04-02,1642970.27,0,45.26,2.957,131.9019677,8.185,2010,4,April,Q2,13,2010-04,Non-Holiday,1.64297027
19,2010-04-09,1489613.32,0,55.66,2.992,131.9408065,8.185,2010,4,April,Q2,14,2010-04,Non-Holiday,1.4896133200000001
19,2010-04-16,1460354.67,0,49.67,3.01,131.9809,8.185,2010,4,April,Q2,15,2010-04,Non-Holiday,1.4603546699999999
19,2010-04-23,1456793.33,0,46.87,3.021,132.0226667,8.185,2010,4,April,Q2,16,2010-04,Non-Holiday,1.45679333
19,2010-04-30,1405065.57,0,49.89,3.042,132.0644333,8.185,2010,4,April,Q2,17,2010-04,Non-Holiday,1.40506557
19,2010-05-07,1566219.77,0,62.54,3.095,132.1062,8.185,2010,5,May,Q2,18,2010-05,Non-Holiday,1.56621977
19,2010-05-14,1437319.45,0,46.53,3.112,132.152129,8.185,2010,5,May,Q2,19,2010-05,Non-Holiday,1.43731945
19,2010-05-21,1377716.17,0,57.53,3.096,132.2230323,8.185,2010,5,May,Q2,20,2010-05,Non-Holiday,1.37771617
19,2010-05-28,1648882.62,0,68.85,3.046,132.2939355,8.185,2010,5,May,Q2,21,2010-05,Non-Holiday,1.6488826200000002
19,2010-06-04,1519013.49,0,68.88,3.006,132.3648387,8.185,2010,6,June,Q2,22,2010-06,Non-Holiday,1.51901349
19,2010-06-11,1410683.94,0,61.64,2.972,132.4357419,8.185,2010,6,June,Q2,23,2010-06,Non-Holiday,1.41068394
19,2010-06-18,1457314.39,0,66.25,2.942,132.4733333,8.185,2010,6,June,Q2,24,2010-06,Non-Holiday,1.4573143899999998
19,2010-06-25,1450407.32,0,72.3,2.958,132.4976,8.185,2010,6,June,Q2,25,2010-06,Non-Holiday,1.45040732
19,2010-07-02,1549018.68,0,66.25,2.958,132.5218667,8.099,2010,7,July,Q3,26,2010-07,Non-Holiday,1.5490186799999999
19,2010-07-09,1577541.24,0,78.22,2.94,132.5461333,8.099,2010,7,July,Q3,27,2010-07,Non-Holiday,1.57754124
19,2010-07-16,1412157.02,0,74.6,2.933,132.5667742,8.099,2010,7,July,Q3,28,2010-07,Non-Holiday,1.41215702
19,2010-07-23,1372043.71,0,74.68,2.924,132.5825806,8.099,2010,7,July,Q3,29,2010-07,Non-Holiday,1.37204371
19,2010-07-30,1366395.96,0,72.83,2.932,132.5983871,8.099,2010,7,July,Q3,30,2010-07,Non-Holiday,1.36639596
19,2010-08-06,1492060.89,0,74.2,2.942,132.6141935,8.099,2010,8,August,Q3,31,2010-08,Non-Holiday,1.4920608899999999
19,2010-08-13,1418027.08,0,72.71,2.923,132.63,8.099,2010,8,August,Q3,32,2010-08,Non-Holiday,1.41802708
19,2010-08-20,1419383.19,0,72.22,2.913,132.6616129,8.099,2010,8,August,Q3,33,2010-08,Non-Holiday,1.41938319
19,2010-08-27,1557888.16,0,66.4,2.885,132.6932258,8.099,2010,8,August,Q3,34,2010-08,Non-Holiday,1.5578881599999999
19,2010-09-03,1623519.64,0,74.69,2.86,132.7248387,8.099,2010,9,September,Q3,35,2010-09,Non-Holiday,1.6235196399999998
19,2010-09-10,1591453.39,1,63.36,2.837,132.7564516,8.099,2010,9,September,Q3,36,2010-09,Holiday,1.5914533899999999
19,2010-09-17,1386789.31,0,58.68,2.846,132.7670667,8.099,2010,9,September,Q3,37,2010-09,Non-Holiday,1.3867893100000002
19,2010-09-24,1318343.58,0,63.43,2.837,132.7619333,8.099,2010,9,September,Q3,38,2010-09,Non-Holiday,1.31834358
19,2010-10-01,1379456.3,0,59.91,2.84,132.7568,8.067,2010,10,October,Q4,39,2010-10,Non-Holiday,1.3794563
19,2010-10-08,1428960.72,0,53.74,2.903,132.7516667,8.067,2010,10,October,Q4,40,2010-10,Non-Holiday,1.42896072
19,2010-10-15,1369317.63,0,51.32,2.999,132.7633548,8.067,2010,10,October,Q4,41,2010-10,Non-Holiday,1.3693176299999998
19,2010-10-22,1357154.71,0,48.45,3.049,132.8170968,8.067,2010,10,October,Q4,42,2010-10,Non-Holiday,1.3571547099999999
19,2010-10-29,1404576.48,0,56.11,3.055,132.8708387,8.067,2010,10,October,Q4,43,2010-10,Non-Holiday,1.40457648
19,2010-11-05,1435379.25,0,41.78,3.049,132.9245806,8.067,2010,11,November,Q4,44,2010-11,Non-Holiday,1.43537925
19,2010-11-12,1490235.86,0,40.3,3.065,132.9783226,8.067,2010,11,November,Q4,45,2010-11,Non-Holiday,1.49023586
19,2010-11-19,1377593.1,0,44.22,3.138,132.9172,8.067,2010,11,November,Q4,46,2010-11,Non-Holiday,1.3775931000000001
19,2010-11-26,1993367.83,1,42.62,3.186,132.8369333,8.067,2010,11,November,Q4,47,2010-11,Holiday,1.9933678300000002
19,2010-12-03,1615987.96,0,36.64,3.2,132.7566667,8.067,2010,12,December,Q4,48,2010-12,Non-Holiday,1.61598796
19,2010-12-10,1799070.98,0,25.12,3.255,132.6764,8.067,2010,12,December,Q4,49,2010-12,Non-Holiday,1.79907098
19,2010-12-17,1911967.44,0,26.83,3.301,132.6804516,8.067,2010,12,December,Q4,50,2010-12,Non-Holiday,1.91196744
19,2010-12-24,2678206.42,0,26.05,3.309,132.7477419,8.067,2010,12,December,Q4,51,2010-12,Non-Holiday,2.67820642
19,2010-12-31,1275146.94,1,28.65,3.336,132.8150323,8.067,2010,12,December,Q4,52,2010-12,Holiday,1.27514694
19,2011-01-07,1224175.99,0,31.34,3.351,132.8823226,7.771,2011,1,January,Q1,1,2011-01,Non-Holiday,1.22417599
19,2011-01-14,1181204.53,0,21.68,3.367,132.9510645,7.771,2011,1,January,Q1,2,2011-01,Non-Holiday,1.18120453
19,2011-01-21,1212967.84,0,22.8,3.391,133.0285161,7.771,2011,1,January,Q1,3,2011-01,Non-Holiday,1.2129678400000001
19,2011-01-28,1284185.49,0,20.66,3.402,133.1059677,7.771,2011,1,January,Q1,4,2011-01,Non-Holiday,1.28418549
19,2011-02-04,1370562.11,0,21.02,3.4,133.1834194,7.771,2011,2,February,Q1,5,2011-02,Non-Holiday,1.37056211
19,2011-02-11,1430851.11,1,21.79,3.416,133.260871,7.771,2011,2,February,Q1,6,2011-02,Holiday,1.43085111
19,2011-02-18,1457270.16,0,34.74,3.42,133.3701429,7.771,2011,2,February,Q1,7,2011-02,Non-Holiday,1.45727016
19,2011-02-25,1296658.47,0,23.24,3.452,133.4921429,7.771,2011,2,February,Q1,8,2011-02,Non-Holiday,1.29665847
19,2011-03-04,1433569.44,0,29.28,3.605,133.6141429,7.771,2011,3,March,Q1,9,2011-03,Non-Holiday,1.4335694399999999
19,2011-03-11,1351450.43,0,35.59,3.752,133.7361429,7.771,2011,3,March,Q1,10,2011-03,Non-Holiday,1.3514504299999999
19,2011-03-18,1257972.37,0,40.32,3.796,133.8492258,7.771,2011,3,March,Q1,11,2011-03,Non-Holiday,1.25797237
19,2011-03-25,1266564.94,0,33.26,3.789,133.9587419,7.771,2011,3,March,Q1,12,2011-03,Non-Holiday,1.2665649399999999
19,2011-04-01,1305950.22,0,30.68,3.811,134.0682581,7.658,2011,4,April,Q2,13,2011-04,Non-Holiday,1.30595022
19,2011-04-08,1419911.91,0,41.26,3.895,134.1777742,7.658,2011,4,April,Q2,14,2011-04,Non-Holiday,1.41991191
19,2011-04-15,1392093.04,0,48.67,3.981,134.2784667,7.658,2011,4,April,Q2,15,2011-04,Non-Holiday,1.39209304
19,2011-04-22,1514288.82,0,41.66,4.061,134.3571,7.658,2011,4,April,Q2,16,2011-04,Non-Holiday,1.51428882
19,2011-04-29,1297237.7,0,54.23,4.117,134.4357333,7.658,2011,4,April,Q2,17,2011-04,Non-Holiday,1.2972377
19,2011-05-06,1451953.95,0,50.43,4.192,134.5143667,7.658,2011,5,May,Q2,18,2011-05,Non-Holiday,1.45195395
19,2011-05-13,1429143.06,0,54.2,4.211,134.593,7.658,2011,5,May,Q2,19,2011-05,Non-Holiday,1.4291430600000001
19,2011-05-20,1355234.3,0,52.8,4.202,134.6803871,7.658,2011,5,May,Q2,20,2011-05,Non-Holiday,1.3552343
19,2011-05-27,1388553.11,0,63.2,4.134,134.7677742,7.658,2011,5,May,Q2,21,2011-05,Non-Holiday,1.3885531100000001
19,2011-06-03,1457345.75,0,66.01,4.069,134.8551613,7.658,2011,6,June,Q2,22,2011-06,Non-Holiday,1.45734575
19,2011-06-10,1467473.63,0,68.26,4.025,134.9425484,7.658,2011,6,June,Q2,23,2011-06,Non-Holiday,1.46747363
19,2011-06-17,1418973.62,0,64.02,3.989,135.0837333,7.658,2011,6,June,Q2,24,2011-06,Non-Holiday,1.41897362
19,2011-06-24,1440785.7,0,68.4,3.964,135.2652667,7.658,2011,6,June,Q2,25,2011-06,Non-Holiday,1.4407857
19,2011-07-01,1462731.93,0,67.64,3.916,135.4468,7.806,2011,7,July,Q3,26,2011-07,Non-Holiday,1.46273193
19,2011-07-08,1465489.75,0,73.2,3.886,135.6283333,7.806,2011,7,July,Q3,27,2011-07,Non-Holiday,1.46548975
19,2011-07-15,1391580.41,0,73.7,3.915,135.7837419,7.806,2011,7,July,Q3,28,2011-07,Non-Holiday,1.39158041
19,2011-07-22,1377119.45,0,79.37,3.972,135.8738387,7.806,2011,7,July,Q3,29,2011-07,Non-Holiday,1.37711945
19,2011-07-29,1298775.8,0,74.86,4.004,135.9639355,7.806,2011,7,July,Q3,30,2011-07,Non-Holiday,1.2987758
19,2011-08-05,1408968.55,0,73.84,4.02,136.0540323,7.806,2011,8,August,Q3,31,2011-08,Non-Holiday,1.40896855
19,2011-08-12,1360969.45,0,70.92,3.995,136.144129,7.806,2011,8,August,Q3,32,2011-08,Non-Holiday,1.36096945
19,2011-08-19,1391792.69,0,71.14,3.942,136.183129,7.806,2011,8,August,Q3,33,2011-08,Non-Holiday,1.39179269
19,2011-08-26,1547729.24,0,69.34,3.906,136.2136129,7.806,2011,8,August,Q3,34,2011-08,Non-Holiday,1.54772924
19,2011-09-02,1609951.02,0,69.27,3.879,136.2440968,7.806,2011,9,September,Q3,35,2011-09,Non-Holiday,1.60995102
19,2011-09-09,1566712.79,1,68.28,3.93,136.2745806,7.806,2011,9,September,Q3,36,2011-09,Holiday,1.56671279
19,2011-09-16,1365633.53,0,62.76,3.937,136.3145,7.806,2011,9,September,Q3,37,2011-09,Non-Holiday,1.36563353
19,2011-09-23,1300375.76,0,61.32,3.899,136.367,7.806,2011,9,September,Q3,38,2011-09,Non-Holiday,1.30037576
19,2011-09-30,1330757.22,0,64.99,3.858,136.4195,7.806,2011,9,September,Q3,39,2011-09,Non-Holiday,1.33075722
19,2011-10-07,1461718.87,0,53.1,3.775,136.472,7.866,2011,10,October,Q4,40,2011-10,Non-Holiday,1.4617188700000001
19,2011-10-14,1318905.53,0,61.86,3.744,136.5150968,7.866,2011,10,October,Q4,41,2011-10,Non-Holiday,1.31890553
19,2011-10-21,1374863.1,0,52.05,3.757,136.5017742,7.866,2011,10,October,Q4,42,2011-10,Non-Holiday,1.3748631
19,2011-10-28,1396612.36,0,46.49,3.757,136.4884516,7.866,2011,10,October,Q4,43,2011-10,Non-Holiday,1.39661236
19,2011-11-04,1480289.64,0,44.97,3.738,136.475129,7.866,2011,11,November,Q4,44,2011-11,Non-Holiday,1.4802896399999999
19,2011-11-11,1502078.93,0,48.22,3.719,136.4618065,7.866,2011,11,November,Q4,45,2011-11,Non-Holiday,1.50207893
19,2011-11-18,1411835.57,0,48.21,3.717,136.4666667,7.866,2011,11,November,Q4,46,2011-11,Non-Holiday,1.41183557
19,2011-11-25,1974646.78,1,42.75,3.689,136.4788,7.866,2011,11,November,Q4,47,2011-11,Holiday,1.97464678
19,2011-12-02,1484708.38,0,45.67,3.666,136.4909333,7.866,2011,12,December,Q4,48,2011-12,Non-Holiday,1.4847083799999998
19,2011-12-09,1713769.06,0,40.18,3.627,136.5030667,7.866,2011,12,December,Q4,49,2011-12,Non-Holiday,1.71376906
19,2011-12-16,1852179.15,0,37.07,3.611,136.5335161,7.866,2011,12,December,Q4,50,2011-12,Non-Holiday,1.85217915
19,2011-12-23,2480159.47,0,36.09,3.587,136.5883871,7.866,2011,12,December,Q4,51,2011-12,Non-Holiday,2.4801594700000003
19,2011-12-30,1405168.06,1,31.65,3.566,136.6432581,7.866,2011,12,December,Q4,52,2011-12,Holiday,1.40516806
19,2012-01-06,1266570.4,0,31.84,3.585,136.698129,7.943,2012,1,January,Q1,1,2012-01,Non-Holiday,1.2665704
19,2012-01-13,1182198.7,0,37.08,3.666,136.753,7.943,2012,1,January,Q1,2,2012-01,Non-Holiday,1.1821987
19,2012-01-20,1237104.73,0,23.44,3.705,136.8564194,7.943,2012,1,January,Q1,3,2012-01,Non-Holiday,1.23710473
19,2012-01-27,1279623.26,0,32.41,3.737,136.9598387,7.943,2012,1,January,Q1,4,2012-01,Non-Holiday,1.27962326
19,2012-02-03,1345311.65,0,36.22,3.796,137.0632581,7.943,2012,2,February,Q1,5,2012-02,Non-Holiday,1.34531165
19,2012-02-10,1499496.67,1,32.61,3.826,137.1666774,7.943,2012,2,February,Q1,6,2012-02,Holiday,1.4994966699999999
19,2012-02-17,1424720.27,0,30.95,3.874,137.2583103,7.943,2012,2,February,Q1,7,2012-02,Non-Holiday,1.4247202700000001
19,2012-02-24,1352470.09,0,33.91,3.917,137.3411034,7.943,2012,2,February,Q1,8,2012-02,Non-Holiday,1.3524700900000002
19,2012-03-02,1308977.05,0,34.83,3.983,137.4238966,7.943,2012,3,March,Q1,9,2012-03,Non-Holiday,1.30897705
19,2012-03-09,1358816.46,0,38.15,4.021,137.5066897,7.943,2012,3,March,Q1,10,2012-03,Non-Holiday,1.35881646
19,2012-03-16,1312849.1,0,48.2,4.021,137.5843871,7.943,2012,3,March,Q1,11,2012-03,Non-Holiday,1.3128491
19,2012-03-23,1342254.55,0,56.72,4.054,137.6552903,7.943,2012,3,March,Q1,12,2012-03,Non-Holiday,1.34225455
19,2012-03-30,1327139.35,0,43.47,4.098,137.7261935,7.943,2012,3,March,Q1,13,2012-03,Non-Holiday,1.3271393500000002
19,2012-04-06,1631737.68,0,40.23,4.143,137.7970968,8.15,2012,4,April,Q2,14,2012-04,Non-Holiday,1.6317376799999999
19,2012-04-13,1365098.46,0,44.42,4.187,137.868,8.15,2012,4,April,Q2,15,2012-04,Non-Holiday,1.36509846
19,2012-04-20,1255087.26,0,55.2,4.17,137.9230667,8.15,2012,4,April,Q2,16,2012-04,Non-Holiday,1.25508726
19,2012-04-27,1285897.24,0,42.45,4.163,137.9781333,8.15,2012,4,April,Q2,17,2012-04,Non-Holiday,1.28589724
19,2012-05-04,1405007.44,0,50.76,4.124,138.0332,8.15,2012,5,May,Q2,18,2012-05,Non-Holiday,1.4050074399999999
19,2012-05-11,1442873.22,0,55.33,4.055,138.0882667,8.15,2012,5,May,Q2,19,2012-05,Non-Holiday,1.44287322
19,2012-05-18,1366937.1,0,58.81,4.029,138.1065806,8.15,2012,5,May,Q2,20,2012-05,Non-Holiday,1.3669371000000001
19,2012-05-25,1485540.28,0,67.79,3.979,138.1101935,8.15,2012,5,May,Q2,21,2012-05,Non-Holiday,1.48554028
19,2012-06-01,1450733.29,0,68.18,3.915,138.1138065,8.15,2012,6,June,Q2,22,2012-06,Non-Holiday,1.45073329
19,2012-06-08,1390122.11,0,60.19,3.871,138.1174194,8.15,2012,6,June,Q2,23,2012-06,Non-Holiday,1.39012211
19,2012-06-15,1440263.15,0,68.19,3.786,138.1295333,8.15,2012,6,June,Q2,24,2012-06,Non-Holiday,1.4402631499999998
19,2012-06-22,1468350.36,0,75.83,3.722,138.1629,8.15,2012,6,June,Q2,25,2012-06,Non-Holiday,1.46835036
19,2012-06-29,1379652.65,0,69.92,3.667,138.1962667,8.15,2012,6,June,Q2,26,2012-06,Non-Holiday,1.37965265
19,2012-07-06,1557120.44,0,76.07,3.646,138.2296333,8.193,2012,7,July,Q3,27,2012-07,Non-Holiday,1.55712044
19,2012-07-13,1321741.35,0,73.17,3.689,138.263,8.193,2012,7,July,Q3,28,2012-07,Non-Holiday,1.3217413500000001
19,2012-07-20,1317672.92,0,76.17,3.732,138.2331935,8.193,2012,7,July,Q3,29,2012-07,Non-Holiday,1.31767292
19,2012-07-27,1248915.43,0,74.43,3.82,138.2033871,8.193,2012,7,July,Q3,30,2012-07,Non-Holiday,1.2489154299999998
19,2012-08-03,1342123.78,0,73.41,3.819,138.1735806,8.193,2012,8,August,Q3,31,2012-08,Non-Holiday,1.34212378
19,2012-08-10,1408907.89,0,74.45,3.863,138.1437742,8.193,2012,8,August,Q3,32,2012-08,Non-Holiday,1.4089078899999998
19,2012-08-17,1375101.26,0,69.83,3.963,138.1857097,8.193,2012,8,August,Q3,33,2012-08,Non-Holiday,1.37510126
19,2012-08-24,1544653.37,0,66.66,3.997,138.2814516,8.193,2012,8,August,Q3,34,2012-08,Non-Holiday,1.54465337
19,2012-08-31,1542719.87,0,71.85,4.026,138.3771935,8.193,2012,8,August,Q3,35,2012-08,Non-Holiday,1.5427198700000002
19,2012-09-07,1497073.82,1,72.2,4.076,138.4729355,8.193,2012,9,September,Q3,36,2012-09,Holiday,1.49707382
19,2012-09-14,1370653.41,0,65.08,4.088,138.5673,8.193,2012,9,September,Q3,37,2012-09,Non-Holiday,1.3706534099999998
19,2012-09-21,1338572.29,0,60.62,4.203,138.6534,8.193,2012,9,September,Q3,38,2012-09,Non-Holiday,1.33857229
19,2012-09-28,1338299.02,0,56.81,4.158,138.7395,8.193,2012,9,September,Q3,39,2012-09,Non-Holiday,1.33829902
19,2012-10-05,1408016.1,0,59.86,4.151,138.8256,7.992,2012,10,October,Q4,40,2012-10,Non-Holiday,1.4080161
19,2012-10-12,1352809.5,0,48.29,4.186,138.9117,7.992,2012,10,October,Q4,41,2012-10,Non-Holiday,1.3528095
19,2012-10-19,1321102.35,0,53.44,4.153,138.8336129,7.992,2012,10,October,Q4,42,2012-10,Non-Holiday,1.32110235
19,2012-10-26,1322117.96,0,56.49,4.071,138.7281613,7.992,2012,10,October,Q4,43,2012-10,Non-Holiday,1.32211796
20,2010-02-05,2401395.47,0,25.92,2.784,204.2471935,8.187,2010,2,February,Q1,5,2010-02,Non-Holiday,2.40139547
20,2010-02-12,2109107.9,1,22.12,2.773,204.3857472,8.187,2010,2,February,Q1,6,2010-02,Holiday,2.1091078999999997
20,2010-02-19,2161549.76,0,25.43,2.745,204.4321004,8.187,2010,2,February,Q1,7,2010-02,Non-Holiday,2.1615497599999998
20,2010-02-26,1898193.95,0,32.32,2.754,204.4630869,8.187,2010,2,February,Q1,8,2010-02,Non-Holiday,1.89819395
20,2010-03-05,2119213.72,0,31.75,2.777,204.4940734,8.187,2010,3,March,Q1,9,2010-03,Non-Holiday,2.1192137200000003
20,2010-03-12,2010974.84,0,43.82,2.818,204.5250598,8.187,2010,3,March,Q1,10,2010-03,Non-Holiday,2.0109748400000003
20,2010-03-19,1951848.43,0,47.32,2.844,204.3782258,8.187,2010,3,March,Q1,11,2010-03,Non-Holiday,1.9518484299999999
20,2010-03-26,1894742.95,0,50.49,2.854,204.201755,8.187,2010,3,March,Q1,12,2010-03,Non-Holiday,1.89474295
20,2010-04-02,2405395.22,0,51.0,2.85,204.0252842,7.856,2010,4,April,Q2,13,2010-04,Non-Holiday,2.4053952200000004
20,2010-04-09,2007796.26,0,65.1,2.869,203.8488134,7.856,2010,4,April,Q2,14,2010-04,Non-Holiday,2.00779626
20,2010-04-16,1985784.59,0,55.43,2.899,203.7307486,7.856,2010,4,April,Q2,15,2010-04,Non-Holiday,1.9857845900000002
20,2010-04-23,1878862.42,0,50.65,2.902,203.6905586,7.856,2010,4,April,Q2,16,2010-04,Non-Holiday,1.87886242
20,2010-04-30,1919053.21,0,54.75,2.921,203.6503685,7.856,2010,4,April,Q2,17,2010-04,Non-Holiday,1.91905321
20,2010-05-07,2137202.38,0,66.74,2.966,203.6101784,7.856,2010,5,May,Q2,18,2010-05,Non-Holiday,2.1372023799999997
20,2010-05-14,2033211.62,0,55.91,2.982,203.6133915,7.856,2010,5,May,Q2,19,2010-05,Non-Holiday,2.0332116200000003
20,2010-05-21,1893736.9,0,60.38,2.958,203.8770235,7.856,2010,5,May,Q2,20,2010-05,Non-Holiday,1.8937369
20,2010-05-28,2065984.95,0,70.97,2.899,204.1406556,7.856,2010,5,May,Q2,21,2010-05,Non-Holiday,2.06598495
20,2010-06-04,2203619.35,0,72.52,2.847,204.4042877,7.856,2010,6,June,Q2,22,2010-06,Non-Holiday,2.2036193500000003
20,2010-06-11,2100489.79,0,67.32,2.809,204.6679198,7.856,2010,6,June,Q2,23,2010-06,Non-Holiday,2.10048979
20,2010-06-18,2091903.63,0,72.62,2.78,204.670036,7.856,2010,6,June,Q2,24,2010-06,Non-Holiday,2.09190363
20,2010-06-25,1973135.87,0,75.17,2.808,204.5675459,7.856,2010,6,June,Q2,25,2010-06,Non-Holiday,1.9731358700000001
20,2010-07-02,2143676.77,0,70.1,2.815,204.4650559,7.527,2010,7,July,Q3,26,2010-07,Non-Holiday,2.14367677
20,2010-07-09,2107285.85,0,78.09,2.793,204.3625658,7.527,2010,7,July,Q3,27,2010-07,Non-Holiday,2.1072858500000002
20,2010-07-16,2031852.16,0,75.14,2.783,204.3571656,7.527,2010,7,July,Q3,28,2010-07,Non-Holiday,2.03185216
20,2010-07-23,1900535.9,0,77.75,2.771,204.4812188,7.527,2010,7,July,Q3,29,2010-07,Non-Holiday,1.9005359
20,2010-07-30,1955896.59,0,76.03,2.781,204.605272,7.527,2010,7,July,Q3,30,2010-07,Non-Holiday,1.95589659
20,2010-08-06,1910177.38,0,74.57,2.784,204.7293252,7.527,2010,8,August,Q3,31,2010-08,Non-Holiday,1.91017738
20,2010-08-13,2071022.45,0,75.98,2.805,204.8533784,7.527,2010,8,August,Q3,32,2010-08,Non-Holiday,2.07102245
20,2010-08-20,1975374.56,0,75.34,2.779,204.8217044,7.527,2010,8,August,Q3,33,2010-08,Non-Holiday,1.9753745600000001
20,2010-08-27,1946369.57,0,70.51,2.755,204.7900305,7.527,2010,8,August,Q3,34,2010-08,Non-Holiday,1.94636957
20,2010-09-03,2121561.41,0,75.5,2.715,204.7583566,7.527,2010,9,September,Q3,35,2010-09,Non-Holiday,2.12156141
20,2010-09-10,2014954.79,1,65.02,2.699,204.7266827,7.527,2010,9,September,Q3,36,2010-09,Holiday,2.01495479
20,2010-09-17,1948359.78,0,65.28,2.706,204.7513279,7.527,2010,9,September,Q3,37,2010-09,Non-Holiday,1.94835978
20,2010-09-24,1789687.65,0,69.37,2.713,204.8182126,7.527,2010,9,September,Q3,38,2010-09,Non-Holiday,1.7896876499999999
20,2010-10-01,1933719.21,0,61.08,2.707,204.8850973,7.484,2010,10,October,Q4,39,2010-10,Non-Holiday,1.93371921
20,2010-10-08,2060389.27,0,51.5,2.764,204.951982,7.484,2010,10,October,Q4,40,2010-10,Non-Holiday,2.06038927
20,2010-10-15,1950676.39,0,59.17,2.868,205.0137637,7.484,2010,10,October,Q4,41,2010-10,Non-Holiday,1.95067639
20,2010-10-22,1893955.27,0,50.52,2.917,205.0627881,7.484,2010,10,October,Q4,42,2010-10,Non-Holiday,1.89395527
20,2010-10-29,1891816.0,0,57.56,2.921,205.1118126,7.484,2010,10,October,Q4,43,2010-10,Non-Holiday,1.891816
20,2010-11-05,2184316.64,0,42.78,2.917,205.160837,7.484,2010,11,November,Q4,44,2010-11,Non-Holiday,2.18431664
20,2010-11-12,2187765.28,0,42.38,2.931,205.2098614,7.484,2010,11,November,Q4,45,2010-11,Non-Holiday,2.18776528
20,2010-11-19,2105058.91,0,45.88,3.0,205.0992811,7.484,2010,11,November,Q4,46,2010-11,Non-Holiday,2.1050589100000003
20,2010-11-26,2811634.04,1,46.66,3.039,204.9621,7.484,2010,11,November,Q4,47,2010-11,Holiday,2.81163404
20,2010-12-03,2416051.17,0,35.47,3.046,204.8249189,7.484,2010,12,December,Q4,48,2010-12,Non-Holiday,2.41605117
20,2010-12-10,2752122.08,0,24.27,3.109,204.6877378,7.484,2010,12,December,Q4,49,2010-12,Non-Holiday,2.75212208
20,2010-12-17,2819193.17,0,24.07,3.14,204.6321194,7.484,2010,12,December,Q4,50,2010-12,Non-Holiday,2.81919317
20,2010-12-24,3766687.43,0,25.17,3.141,204.6376731,7.484,2010,12,December,Q4,51,2010-12,Non-Holiday,3.76668743
20,2010-12-31,1799737.79,1,28.85,3.179,204.6432267,7.484,2010,12,December,Q4,52,2010-12,Holiday,1.79973779
20,2011-01-07,1843030.95,0,31.43,3.193,204.6487803,7.343,2011,1,January,Q1,1,2011-01,Non-Holiday,1.84303095
20,2011-01-14,1884345.01,0,20.39,3.205,204.7026042,7.343,2011,1,January,Q1,2,2011-01,Non-Holiday,1.88434501
20,2011-01-21,1781805.66,0,27.43,3.229,205.0460497,7.343,2011,1,January,Q1,3,2011-01,Non-Holiday,1.7818056599999998
20,2011-01-28,1761506.68,0,23.21,3.237,205.3894952,7.343,2011,1,January,Q1,4,2011-01,Non-Holiday,1.7615066799999999
20,2011-02-04,2351143.07,0,28.58,3.231,205.7329407,7.343,2011,2,February,Q1,5,2011-02,Non-Holiday,2.35114307
20,2011-02-11,2211388.14,1,25.38,3.239,206.0763862,7.343,2011,2,February,Q1,6,2011-02,Holiday,2.21138814
20,2011-02-18,2258616.24,0,42.95,3.245,206.3694701,7.343,2011,2,February,Q1,7,2011-02,Non-Holiday,2.2586162400000003
20,2011-02-25,1938608.52,0,33.2,3.274,206.6424093,7.343,2011,2,February,Q1,8,2011-02,Non-Holiday,1.93860852
20,2011-03-04,2143424.61,0,37.33,3.433,206.9153485,7.343,2011,3,March,Q1,9,2011-03,Non-Holiday,2.14342461
20,2011-03-11,1990932.77,0,39.53,3.582,207.1882876,7.343,2011,3,March,Q1,10,2011-03,Non-Holiday,1.9909327700000001
20,2011-03-18,1931668.64,0,44.8,3.631,207.4283845,7.343,2011,3,March,Q1,11,2011-03,Non-Holiday,1.9316686399999998
20,2011-03-25,1824711.21,0,44.83,3.625,207.6553444,7.343,2011,3,March,Q1,12,2011-03,Non-Holiday,1.82471121
20,2011-04-01,1927993.09,0,32.43,3.638,207.8823043,7.287,2011,4,April,Q2,13,2011-04,Non-Holiday,1.9279930900000002
20,2011-04-08,2027056.39,0,47.09,3.72,208.1092642,7.287,2011,4,April,Q2,14,2011-04,Non-Holiday,2.02705639
20,2011-04-15,2057406.33,0,55.0,3.821,208.3172811,7.287,2011,4,April,Q2,15,2011-04,Non-Holiday,2.05740633
20,2011-04-22,2313861.81,0,52.56,3.892,208.4779405,7.287,2011,4,April,Q2,16,2011-04,Non-Holiday,2.31386181
20,2011-04-29,1881788.19,0,62.97,3.962,208.6386,7.287,2011,4,April,Q2,17,2011-04,Non-Holiday,1.88178819
20,2011-05-06,2090838.44,0,53.41,4.046,208.7992595,7.287,2011,5,May,Q2,18,2011-05,Non-Holiday,2.0908384399999997
20,2011-05-13,2036748.53,0,62.26,4.066,208.9599189,7.287,2011,5,May,Q2,19,2011-05,Non-Holiday,2.03674853
20,2011-05-20,1953416.06,0,59.01,4.062,208.7583165,7.287,2011,5,May,Q2,20,2011-05,Non-Holiday,1.9534160600000001
20,2011-05-27,1944433.17,0,69.12,3.985,208.556714,7.287,2011,5,May,Q2,21,2011-05,Non-Holiday,1.94443317
20,2011-06-03,2182246.69,0,73.51,3.922,208.3551116,7.287,2011,6,June,Q2,22,2011-06,Non-Holiday,2.18224669
20,2011-06-10,2135062.04,0,73.64,3.881,208.1535092,7.287,2011,6,June,Q2,23,2011-06,Non-Holiday,2.13506204
20,2011-06-17,2065191.27,0,66.41,3.842,208.1265604,7.287,2011,6,June,Q2,24,2011-06,Non-Holiday,2.06519127
20,2011-06-24,1950826.32,0,72.4,3.804,208.2306018,7.287,2011,6,June,Q2,25,2011-06,Non-Holiday,1.95082632
20,2011-07-01,2053165.41,0,69.66,3.748,208.3346432,7.274,2011,7,July,Q3,26,2011-07,Non-Holiday,2.05316541
20,2011-07-08,2123787.79,0,74.69,3.711,208.4386847,7.274,2011,7,July,Q3,27,2011-07,Non-Holiday,2.12378779
20,2011-07-15,2039875.75,0,74.88,3.76,208.5309337,7.274,2011,7,July,Q3,28,2011-07,Non-Holiday,2.03987575
20,2011-07-22,1950904.84,0,78.89,3.811,208.5937018,7.274,2011,7,July,Q3,29,2011-07,Non-Holiday,1.95090484
20,2011-07-29,1858440.92,0,77.47,3.829,208.6564699,7.274,2011,7,July,Q3,30,2011-07,Non-Holiday,1.8584409199999998
20,2011-08-05,2189353.63,0,77.8,3.842,208.719238,7.274,2011,8,August,Q3,31,2011-08,Non-Holiday,2.18935363
20,2011-08-12,2052246.4,0,73.52,3.812,208.7820061,7.274,2011,8,August,Q3,32,2011-08,Non-Holiday,2.0522464
20,2011-08-19,1990017.93,0,71.25,3.747,208.8424359,7.274,2011,8,August,Q3,33,2011-08,Non-Holiday,1.9900179299999998
20,2011-08-26,1933577.2,0,70.15,3.704,208.902476,7.274,2011,8,August,Q3,34,2011-08,Non-Holiday,1.9335772
20,2011-09-02,2141765.98,0,70.82,3.703,208.9625161,7.274,2011,9,September,Q3,35,2011-09,Non-Holiday,2.14176598
20,2011-09-09,2050542.56,1,68.74,3.738,209.0225562,7.274,2011,9,September,Q3,36,2011-09,Holiday,2.0505425600000002
20,2011-09-16,1979009.46,0,64.02,3.742,209.1893892,7.274,2011,9,September,Q3,37,2011-09,Non-Holiday,1.9790094599999999
20,2011-09-23,1888119.7,0,62.15,3.711,209.4986126,7.274,2011,9,September,Q3,38,2011-09,Non-Holiday,1.8881196999999998
20,2011-09-30,1945808.26,0,63.44,3.645,209.807836,7.274,2011,9,September,Q3,39,2011-09,Non-Holiday,1.94580826
20,2011-10-07,2135982.79,0,52.42,3.583,210.1170595,7.082,2011,10,October,Q4,40,2011-10,Non-Holiday,2.13598279
20,2011-10-14,2010107.68,0,62.54,3.541,210.4027602,7.082,2011,10,October,Q4,41,2011-10,Non-Holiday,2.01010768
20,2011-10-21,2104241.9,0,53.69,3.57,210.5473252,7.082,2011,10,October,Q4,42,2011-10,Non-Holiday,2.1042419
20,2011-10-28,2065421.52,0,49.36,3.569,210.6918901,7.082,2011,10,October,Q4,43,2011-10,Non-Holiday,2.06542152
20,2011-11-04,2284106.6,0,43.88,3.551,210.8364551,7.082,2011,11,November,Q4,44,2011-11,Non-Holiday,2.2841066
20,2011-11-11,2269975.85,0,47.27,3.53,210.9810201,7.082,2011,11,November,Q4,45,2011-11,Non-Holiday,2.2699758500000002
20,2011-11-18,2169933.82,0,49.3,3.53,211.1847207,7.082,2011,11,November,Q4,46,2011-11,Non-Holiday,2.16993382
20,2011-11-25,2906233.25,1,46.38,3.492,211.4120757,7.082,2011,11,November,Q4,47,2011-11,Holiday,2.90623325
20,2011-12-02,2298776.83,0,46.32,3.452,211.6394306,7.082,2011,12,December,Q4,48,2011-12,Non-Holiday,2.29877683
20,2011-12-09,2546123.78,0,41.64,3.415,211.8667856,7.082,2011,12,December,Q4,49,2011-12,Non-Holiday,2.54612378
20,2011-12-16,2762816.65,0,37.16,3.413,212.0685039,7.082,2011,12,December,Q4,50,2011-12,Non-Holiday,2.76281665
20,2011-12-23,3555371.03,0,40.19,3.389,212.2360401,7.082,2011,12,December,Q4,51,2011-12,Non-Holiday,3.55537103
20,2011-12-30,2043245.0,1,36.35,3.389,212.4035763,7.082,2011,12,December,Q4,52,2011-12,Holiday,2.043245
20,2012-01-06,1964701.94,0,33.42,3.422,212.5711125,6.961,2012,1,January,Q1,1,2012-01,Non-Holiday,1.9647019399999999
20,2012-01-13,1911510.64,0,37.79,3.513,212.7386486,6.961,2012,1,January,Q1,2,2012-01,Non-Holiday,1.91151064
20,2012-01-20,1892775.94,0,27.65,3.533,212.8336399,6.961,2012,1,January,Q1,3,2012-01,Non-Holiday,1.89277594
20,2012-01-27,1761016.51,0,37.19,3.567,212.9286312,6.961,2012,1,January,Q1,4,2012-01,Non-Holiday,1.76101651
20,2012-02-03,2203523.2,0,39.93,3.617,213.0236225,6.961,2012,2,February,Q1,5,2012-02,Non-Holiday,2.2035232000000002
20,2012-02-10,2462978.28,1,33.47,3.64,213.1186138,6.961,2012,2,February,Q1,6,2012-02,Holiday,2.4629782799999997
20,2012-02-17,2309025.16,0,31.11,3.695,213.2732106,6.961,2012,2,February,Q1,7,2012-02,Non-Holiday,2.30902516
20,2012-02-24,2045837.55,0,39.79,3.739,213.4725116,6.961,2012,2,February,Q1,8,2012-02,Non-Holiday,2.04583755
20,2012-03-02,2148822.76,0,39.98,3.816,213.6718127,6.961,2012,3,March,Q1,9,2012-03,Non-Holiday,2.14882276
20,2012-03-09,2139265.4,0,41.14,3.848,213.8711137,6.961,2012,3,March,Q1,10,2012-03,Non-Holiday,2.1392653999999998
20,2012-03-16,2064991.71,0,53.73,3.862,214.0167132,6.961,2012,3,March,Q1,11,2012-03,Non-Holiday,2.06499171
20,2012-03-23,1992436.96,0,66.11,3.9,214.0907105,6.961,2012,3,March,Q1,12,2012-03,Non-Holiday,1.99243696
20,2012-03-30,2074721.74,0,51.52,3.953,214.1647079,6.961,2012,3,March,Q1,13,2012-03,Non-Holiday,2.07472174
20,2012-04-06,2565259.92,0,50.06,3.996,214.2387053,7.139,2012,4,April,Q2,14,2012-04,Non-Holiday,2.56525992
20,2012-04-13,2045396.06,0,45.68,4.044,214.3127027,7.139,2012,4,April,Q2,15,2012-04,Non-Holiday,2.04539606
20,2012-04-20,1884427.84,0,60.11,4.027,214.3675045,7.139,2012,4,April,Q2,16,2012-04,Non-Holiday,1.88442784
20,2012-04-27,1886503.93,0,47.64,4.004,214.4223063,7.139,2012,4,April,Q2,17,2012-04,Non-Holiday,1.88650393
20,2012-05-04,2163510.89,0,62.74,3.951,214.4771081,7.139,2012,5,May,Q2,18,2012-05,Non-Holiday,2.16351089
20,2012-05-11,2168097.11,0,63.19,3.889,214.5319099,7.139,2012,5,May,Q2,19,2012-05,Non-Holiday,2.1680971099999997
20,2012-05-18,2039222.26,0,60.99,3.848,214.5485571,7.139,2012,5,May,Q2,20,2012-05,Non-Holiday,2.03922226
20,2012-05-25,2114989.0,0,70.04,3.798,214.5499425,7.139,2012,5,May,Q2,21,2012-05,Non-Holiday,2.114989
20,2012-06-01,2143126.59,0,73.67,3.742,214.5513278,7.139,2012,6,June,Q2,22,2012-06,Non-Holiday,2.14312659
20,2012-06-08,2231962.13,0,62.01,3.689,214.5527132,7.139,2012,6,June,Q2,23,2012-06,Non-Holiday,2.23196213
20,2012-06-15,2165160.29,0,71.51,3.62,214.5653243,7.139,2012,6,June,Q2,24,2012-06,Non-Holiday,2.16516029
20,2012-06-22,2060588.69,0,76.51,3.564,214.606,7.139,2012,6,June,Q2,25,2012-06,Non-Holiday,2.06058869
20,2012-06-29,2055952.61,0,74.15,3.506,214.6466757,7.139,2012,6,June,Q2,26,2012-06,Non-Holiday,2.0559526100000003
20,2012-07-06,2358055.3,0,79.2,3.475,214.6873514,7.28,2012,7,July,Q3,27,2012-07,Non-Holiday,2.3580552999999997
20,2012-07-13,2134680.12,0,78.27,3.523,214.728027,7.28,2012,7,July,Q3,28,2012-07,Non-Holiday,2.13468012
20,2012-07-20,1970170.29,0,76.04,3.567,214.7331351,7.28,2012,7,July,Q3,29,2012-07,Non-Holiday,1.97017029
20,2012-07-27,1911559.1,0,74.6,3.647,214.7382432,7.28,2012,7,July,Q3,30,2012-07,Non-Holiday,1.9115591
20,2012-08-03,2094515.71,0,74.73,3.654,214.7433514,7.28,2012,8,August,Q3,31,2012-08,Non-Holiday,2.09451571
20,2012-08-10,2144245.39,0,75.4,3.722,214.7484595,7.28,2012,8,August,Q3,32,2012-08,Non-Holiday,2.14424539
20,2012-08-17,2045061.22,0,69.57,3.807,214.825578,7.28,2012,8,August,Q3,33,2012-08,Non-Holiday,2.04506122
20,2012-08-24,2005341.43,0,68.27,3.834,214.9567044,7.28,2012,8,August,Q3,34,2012-08,Non-Holiday,2.00534143
20,2012-08-31,2062481.56,0,72.66,3.867,215.0878309,7.28,2012,8,August,Q3,35,2012-08,Non-Holiday,2.06248156
20,2012-09-07,2080529.06,1,76.36,3.911,215.2189573,7.28,2012,9,September,Q3,36,2012-09,Holiday,2.08052906
20,2012-09-14,2047949.98,0,64.84,3.948,215.3583757,7.28,2012,9,September,Q3,37,2012-09,Non-Holiday,2.04794998
20,2012-09-21,2028587.24,0,60.94,4.038,215.5475459,7.28,2012,9,September,Q3,38,2012-09,Non-Holiday,2.02858724
20,2012-09-28,2008350.58,0,58.65,3.997,215.7367162,7.28,2012,9,September,Q3,39,2012-09,Non-Holiday,2.00835058
20,2012-10-05,2246411.89,0,60.77,3.985,215.9258865,7.293,2012,10,October,Q4,40,2012-10,Non-Holiday,2.24641189
20,2012-10-12,2162951.36,0,47.2,4.0,216.1150568,7.293,2012,10,October,Q4,41,2012-10,Non-Holiday,2.1629513599999997
20,2012-10-19,1999363.49,0,56.26,3.969,216.1464699,7.293,2012,10,October,Q4,42,2012-10,Non-Holiday,1.99936349
20,2012-10-26,2031650.55,0,60.04,3.882,216.1515902,7.293,2012,10,October,Q4,43,2012-10,Non-Holiday,2.03165055
21,2010-02-05,798593.88,0,39.05,2.572,210.7526053,8.324,2010,2,February,Q1,5,2010-02,Non-Holiday,0.79859388
21,2010-02-12,809321.44,1,37.77,2.548,210.8979935,8.324,2010,2,February,Q1,6,2010-02,Holiday,0.80932144
21,2010-02-19,867283.25,0,39.75,2.514,210.9451605,8.324,2010,2,February,Q1,7,2010-02,Non-Holiday,0.86728325
21,2010-02-26,749597.24,0,45.31,2.561,210.9759573,8.324,2010,2,February,Q1,8,2010-02,Non-Holiday,0.7495972399999999
21,2010-03-05,747444.32,0,48.61,2.625,211.0067542,8.324,2010,3,March,Q1,9,2010-03,Non-Holiday,0.7474443199999999
21,2010-03-12,712312.89,0,57.1,2.667,211.037551,8.324,2010,3,March,Q1,10,2010-03,Non-Holiday,0.71231289
21,2010-03-19,727070.0,0,54.68,2.72,210.8733316,8.324,2010,3,March,Q1,11,2010-03,Non-Holiday,0.72707
21,2010-03-26,686497.53,0,51.66,2.732,210.6766095,8.324,2010,3,March,Q1,12,2010-03,Non-Holiday,0.68649753
21,2010-04-02,753664.12,0,64.12,2.719,210.4798874,8.2,2010,4,April,Q2,13,2010-04,Non-Holiday,0.75366412
21,2010-04-09,751181.4,0,65.74,2.77,210.2831653,8.2,2010,4,April,Q2,14,2010-04,Non-Holiday,0.7511814
21,2010-04-16,716026.51,0,67.87,2.808,210.1495463,8.2,2010,4,April,Q2,15,2010-04,Non-Holiday,0.7160265100000001
21,2010-04-23,718780.59,0,64.21,2.795,210.1000648,8.2,2010,4,April,Q2,16,2010-04,Non-Holiday,0.7187805899999999
21,2010-04-30,680532.69,0,66.93,2.78,210.0505833,8.2,2010,4,April,Q2,17,2010-04,Non-Holiday,0.6805326899999999
21,2010-05-07,744969.42,0,70.87,2.835,210.0011018,8.2,2010,5,May,Q2,18,2010-05,Non-Holiday,0.74496942
21,2010-05-14,723559.88,0,73.08,2.854,209.9984585,8.2,2010,5,May,Q2,19,2010-05,Non-Holiday,0.72355988
21,2010-05-21,753361.72,0,74.24,2.826,210.2768443,8.2,2010,5,May,Q2,20,2010-05,Non-Holiday,0.75336172
21,2010-05-28,755214.26,0,80.94,2.759,210.5552301,8.2,2010,5,May,Q2,21,2010-05,Non-Holiday,0.75521426
21,2010-06-04,806012.48,0,82.68,2.705,210.833616,8.2,2010,6,June,Q2,22,2010-06,Non-Holiday,0.80601248
21,2010-06-11,784305.55,0,83.51,2.668,211.1120018,8.2,2010,6,June,Q2,23,2010-06,Non-Holiday,0.78430555
21,2010-06-18,785104.29,0,86.18,2.637,211.1096543,8.2,2010,6,June,Q2,24,2010-06,Non-Holiday,0.78510429
21,2010-06-25,769848.75,0,87.01,2.653,210.9950134,8.2,2010,6,June,Q2,25,2010-06,Non-Holiday,0.76984875
21,2010-07-02,711470.8,0,82.29,2.669,210.8803726,8.099,2010,7,July,Q3,26,2010-07,Non-Holiday,0.7114708000000001
21,2010-07-09,714677.47,0,81.67,2.642,210.7657317,8.099,2010,7,July,Q3,27,2010-07,Non-Holiday,0.7146774699999999
21,2010-07-16,755098.41,0,85.61,2.623,210.7577954,8.099,2010,7,July,Q3,28,2010-07,Non-Holiday,0.75509841
21,2010-07-23,765823.48,0,87.17,2.608,210.8921319,8.099,2010,7,July,Q3,29,2010-07,Non-Holiday,0.76582348
21,2010-07-30,715876.27,0,83.59,2.64,211.0264684,8.099,2010,7,July,Q3,30,2010-07,Non-Holiday,0.71587627
21,2010-08-06,739279.19,0,90.3,2.627,211.1608049,8.099,2010,8,August,Q3,31,2010-08,Non-Holiday,0.73927919
21,2010-08-13,793589.18,0,89.65,2.692,211.2951413,8.099,2010,8,August,Q3,32,2010-08,Non-Holiday,0.79358918
21,2010-08-20,848873.28,0,89.58,2.664,211.2596586,8.099,2010,8,August,Q3,33,2010-08,Non-Holiday,0.8488732800000001
21,2010-08-27,855882.57,0,86.2,2.619,211.2241759,8.099,2010,8,August,Q3,34,2010-08,Non-Holiday,0.8558825699999999
21,2010-09-03,727772.8,0,82.57,2.577,211.1886931,8.099,2010,9,September,Q3,35,2010-09,Non-Holiday,0.7277728
21,2010-09-10,674055.81,1,79.3,2.565,211.1532104,8.099,2010,9,September,Q3,36,2010-09,Holiday,0.67405581
21,2010-09-17,684340.86,0,83.03,2.582,211.1806415,8.099,2010,9,September,Q3,37,2010-09,Non-Holiday,0.6843408599999999
21,2010-09-24,671688.06,0,80.79,2.624,211.2552578,8.099,2010,9,September,Q3,38,2010-09,Non-Holiday,0.67168806
21,2010-10-01,677158.39,0,70.28,2.603,211.3298742,8.163,2010,10,October,Q4,39,2010-10,Non-Holiday,0.67715839
21,2010-10-08,680579.49,0,65.76,2.633,211.4044906,8.163,2010,10,October,Q4,40,2010-10,Non-Holiday,0.68057949
21,2010-10-15,693412.05,0,68.61,2.72,211.4713286,8.163,2010,10,October,Q4,41,2010-10,Non-Holiday,0.6934120500000001
21,2010-10-22,710668.45,0,70.72,2.725,211.5187208,8.163,2010,10,October,Q4,42,2010-10,Non-Holiday,0.71066845
21,2010-10-29,731756.65,0,67.51,2.716,211.5661131,8.163,2010,10,October,Q4,43,2010-10,Non-Holiday,0.73175665
21,2010-11-05,719888.76,0,58.71,2.689,211.6135053,8.163,2010,11,November,Q4,44,2010-11,Non-Holiday,0.71988876
21,2010-11-12,735796.38,0,60.95,2.728,211.6608975,8.163,2010,11,November,Q4,45,2010-11,Non-Holiday,0.73579638
21,2010-11-19,756288.89,0,51.71,2.771,211.5470304,8.163,2010,11,November,Q4,46,2010-11,Non-Holiday,0.75628889
21,2010-11-26,1245628.61,1,62.96,2.735,211.4062867,8.163,2010,11,November,Q4,47,2010-11,Holiday,1.24562861
21,2010-12-03,829210.73,0,50.43,2.708,211.265543,8.163,2010,12,December,Q4,48,2010-12,Non-Holiday,0.82921073
21,2010-12-10,943891.64,0,46.35,2.843,211.1247993,8.163,2010,12,December,Q4,49,2010-12,Non-Holiday,0.94389164
21,2010-12-17,1147556.83,0,48.63,2.869,211.0645458,8.163,2010,12,December,Q4,50,2010-12,Non-Holiday,1.14755683
21,2010-12-24,1587257.78,0,51.29,2.886,211.0646599,8.163,2010,12,December,Q4,51,2010-12,Non-Holiday,1.58725778
21,2010-12-31,672903.23,1,47.19,2.943,211.064774,8.163,2010,12,December,Q4,52,2010-12,Holiday,0.67290323
21,2011-01-07,629152.06,0,44.24,2.976,211.0648881,8.028,2011,1,January,Q1,1,2011-01,Non-Holiday,0.62915206
21,2011-01-14,650789.13,0,34.14,2.983,211.1176713,8.028,2011,1,January,Q1,2,2011-01,Non-Holiday,0.65078913
21,2011-01-21,663941.73,0,42.72,3.016,211.4864691,8.028,2011,1,January,Q1,3,2011-01,Non-Holiday,0.66394173
21,2011-01-28,649878.29,0,44.04,3.01,211.8552668,8.028,2011,1,January,Q1,4,2011-01,Non-Holiday,0.6498782900000001
21,2011-02-04,596218.24,0,36.33,2.989,212.2240646,8.028,2011,2,February,Q1,5,2011-02,Non-Holiday,0.59621824
21,2011-02-11,771908.51,1,34.61,3.022,212.5928624,8.028,2011,2,February,Q1,6,2011-02,Holiday,0.77190851
21,2011-02-18,884701.92,0,59.87,3.045,212.9033115,8.028,2011,2,February,Q1,7,2011-02,Non-Holiday,0.88470192
21,2011-02-25,768313.85,0,61.27,3.065,213.190421,8.028,2011,2,February,Q1,8,2011-02,Non-Holiday,0.76831385
21,2011-03-04,796277.72,0,59.52,3.288,213.4775305,8.028,2011,3,March,Q1,9,2011-03,Non-Holiday,0.79627772
21,2011-03-11,763479.9,0,54.69,3.459,213.7646401,8.028,2011,3,March,Q1,10,2011-03,Non-Holiday,0.7634799
21,2011-03-18,793569.0,0,63.26,3.488,214.0156238,8.028,2011,3,March,Q1,11,2011-03,Non-Holiday,0.793569
21,2011-03-25,753711.32,0,70.33,3.473,214.2521573,8.028,2011,3,March,Q1,12,2011-03,Non-Holiday,0.75371132
21,2011-04-01,732056.37,0,56.36,3.524,214.4886908,7.931,2011,4,April,Q2,13,2011-04,Non-Holiday,0.73205637
21,2011-04-08,744782.89,0,68.62,3.622,214.7252242,7.931,2011,4,April,Q2,14,2011-04,Non-Holiday,0.74478289
21,2011-04-15,768390.05,0,71.01,3.743,214.9420631,7.931,2011,4,April,Q2,15,2011-04,Non-Holiday,0.76839005
21,2011-04-22,801302.01,0,70.79,3.807,215.1096657,7.931,2011,4,April,Q2,16,2011-04,Non-Holiday,0.80130201
21,2011-04-29,783250.75,0,70.19,3.81,215.2772683,7.931,2011,4,April,Q2,17,2011-04,Non-Holiday,0.78325075
21,2011-05-06,718898.33,0,61.87,3.906,215.4448709,7.931,2011,5,May,Q2,18,2011-05,Non-Holiday,0.7188983299999999
21,2011-05-13,754236.7,0,75.04,3.899,215.6124735,7.931,2011,5,May,Q2,19,2011-05,Non-Holiday,0.7542367
21,2011-05-20,744836.56,0,68.36,3.907,215.3834778,7.931,2011,5,May,Q2,20,2011-05,Non-Holiday,0.7448365600000001
21,2011-05-27,744389.81,0,76.86,3.786,215.1544822,7.931,2011,5,May,Q2,21,2011-05,Non-Holiday,0.74438981
21,2011-06-03,773878.58,0,83.82,3.699,214.9254865,7.931,2011,6,June,Q2,22,2011-06,Non-Holiday,0.77387858
21,2011-06-10,794397.89,0,84.71,3.648,214.6964908,7.931,2011,6,June,Q2,23,2011-06,Non-Holiday,0.79439789
21,2011-06-17,823220.43,0,87.54,3.637,214.6513538,7.931,2011,6,June,Q2,24,2011-06,Non-Holiday,0.82322043
21,2011-06-24,771298.98,0,85.72,3.594,214.7441108,7.931,2011,6,June,Q2,25,2011-06,Non-Holiday,0.77129898
21,2011-07-01,784639.12,0,87.57,3.524,214.8368678,7.852,2011,7,July,Q3,26,2011-07,Non-Holiday,0.78463912
21,2011-07-08,734099.4,0,89.16,3.48,214.9296249,7.852,2011,7,July,Q3,27,2011-07,Non-Holiday,0.7340994000000001
21,2011-07-15,728311.15,0,91.05,3.575,215.0134426,7.852,2011,7,July,Q3,28,2011-07,Non-Holiday,0.72831115
21,2011-07-22,784490.67,0,90.27,3.651,215.0749122,7.852,2011,7,July,Q3,29,2011-07,Non-Holiday,0.7844906700000001
21,2011-07-29,751167.12,0,91.56,3.682,215.1363819,7.852,2011,7,July,Q3,30,2011-07,Non-Holiday,0.75116712
21,2011-08-05,783614.89,0,94.22,3.684,215.1978515,7.852,2011,8,August,Q3,31,2011-08,Non-Holiday,0.7836148900000001
21,2011-08-12,776933.37,0,92.32,3.638,215.2593211,7.852,2011,8,August,Q3,32,2011-08,Non-Holiday,0.77693337
21,2011-08-19,855546.5,0,90.11,3.554,215.3229307,7.852,2011,8,August,Q3,33,2011-08,Non-Holiday,0.8555465
21,2011-08-26,821127.53,0,92.07,3.523,215.386897,7.852,2011,8,August,Q3,34,2011-08,Non-Holiday,0.82112753
21,2011-09-02,705557.8,0,91.94,3.533,215.4508632,7.852,2011,9,September,Q3,35,2011-09,Non-Holiday,0.7055578
21,2011-09-09,653989.65,1,78.87,3.546,215.5148295,7.852,2011,9,September,Q3,36,2011-09,Holiday,0.65398965
21,2011-09-16,653525.84,0,80.62,3.526,215.6944378,7.852,2011,9,September,Q3,37,2011-09,Non-Holiday,0.6535258399999999
21,2011-09-23,681913.29,0,75.68,3.467,216.0282356,7.852,2011,9,September,Q3,38,2011-09,Non-Holiday,0.68191329
21,2011-09-30,651970.48,0,78.91,3.355,216.3620333,7.852,2011,9,September,Q3,39,2011-09,Non-Holiday,0.65197048
21,2011-10-07,663452.46,0,71.64,3.285,216.6958311,7.441,2011,10,October,Q4,40,2011-10,Non-Holiday,0.6634524599999999
21,2011-10-14,671379.44,0,69.79,3.274,217.0048261,7.441,2011,10,October,Q4,41,2011-10,Non-Holiday,0.6713794399999999
21,2011-10-21,729036.06,0,65.16,3.353,217.1650042,7.441,2011,10,October,Q4,42,2011-10,Non-Holiday,0.7290360600000001
21,2011-10-28,738812.0,0,65.46,3.372,217.3251824,7.441,2011,10,October,Q4,43,2011-10,Non-Holiday,0.738812
21,2011-11-04,767358.37,0,56.01,3.332,217.4853605,7.441,2011,11,November,Q4,44,2011-11,Non-Holiday,0.76735837
21,2011-11-11,757369.87,0,59.8,3.297,217.6455387,7.441,2011,11,November,Q4,45,2011-11,Non-Holiday,0.75736987
21,2011-11-18,737014.09,0,61.9,3.308,217.8670218,7.441,2011,11,November,Q4,46,2011-11,Non-Holiday,0.73701409
21,2011-11-25,1219263.4,1,56.43,3.236,218.1130269,7.441,2011,11,November,Q4,47,2011-11,Holiday,1.2192634
21,2011-12-02,793184.25,0,48.72,3.172,218.3590319,7.441,2011,12,December,Q4,48,2011-12,Non-Holiday,0.79318425
21,2011-12-09,897747.13,0,41.44,3.158,218.605037,7.441,2011,12,December,Q4,49,2011-12,Non-Holiday,0.8977471300000001
21,2011-12-16,1027584.51,0,50.56,3.159,218.8217928,7.441,2011,12,December,Q4,50,2011-12,Non-Holiday,1.02758451
21,2011-12-23,1384552.17,0,46.54,3.112,218.9995495,7.441,2011,12,December,Q4,51,2011-12,Non-Holiday,1.3845521699999999
21,2011-12-30,804362.36,1,45.16,3.129,219.1773063,7.441,2011,12,December,Q4,52,2011-12,Holiday,0.8043623599999999
21,2012-01-06,640181.86,0,48.1,3.157,219.355063,7.057,2012,1,January,Q1,1,2012-01,Non-Holiday,0.64018186
21,2012-01-13,631181.25,0,45.0,3.261,219.5328198,7.057,2012,1,January,Q1,2,2012-01,Non-Holiday,0.63118125
21,2012-01-20,651178.2,0,52.21,3.268,219.6258417,7.057,2012,1,January,Q1,3,2012-01,Non-Holiday,0.6511781999999999
21,2012-01-27,611258.71,0,50.79,3.29,219.7188636,7.057,2012,1,January,Q1,4,2012-01,Non-Holiday,0.61125871
21,2012-02-03,680725.43,0,55.83,3.36,219.8118854,7.057,2012,2,February,Q1,5,2012-02,Non-Holiday,0.6807254300000001
21,2012-02-10,770652.79,1,46.52,3.409,219.9049073,7.057,2012,2,February,Q1,6,2012-02,Holiday,0.7706527900000001
21,2012-02-17,834663.52,0,45.03,3.51,220.0651993,7.057,2012,2,February,Q1,7,2012-02,Non-Holiday,0.83466352
21,2012-02-24,747099.07,0,54.81,3.555,220.275944,7.057,2012,2,February,Q1,8,2012-02,Non-Holiday,0.74709907
21,2012-03-02,764385.4,0,59.3,3.63,220.4866886,7.057,2012,3,March,Q1,9,2012-03,Non-Holiday,0.7643854
21,2012-03-09,755084.4,0,57.16,3.669,220.6974332,7.057,2012,3,March,Q1,10,2012-03,Non-Holiday,0.7550844
21,2012-03-16,767338.32,0,63.39,3.734,220.8498468,7.057,2012,3,March,Q1,11,2012-03,Non-Holiday,0.7673383199999999
21,2012-03-23,729759.97,0,62.96,3.787,220.9244858,7.057,2012,3,March,Q1,12,2012-03,Non-Holiday,0.7297599699999999
21,2012-03-30,724798.76,0,67.87,3.845,220.9991248,7.057,2012,3,March,Q1,13,2012-03,Non-Holiday,0.72479876
21,2012-04-06,761956.58,0,69.02,3.891,221.0737638,6.891,2012,4,April,Q2,14,2012-04,Non-Holiday,0.76195658
21,2012-04-13,769319.04,0,69.03,3.891,221.1484028,6.891,2012,4,April,Q2,15,2012-04,Non-Holiday,0.7693190400000001
21,2012-04-20,734858.91,0,66.97,3.877,221.2021074,6.891,2012,4,April,Q2,16,2012-04,Non-Holiday,0.73485891
21,2012-04-27,674829.58,0,69.21,3.814,221.255812,6.891,2012,4,April,Q2,17,2012-04,Non-Holiday,0.6748295799999999
21,2012-05-04,697645.32,0,77.53,3.749,221.3095166,6.891,2012,5,May,Q2,18,2012-05,Non-Holiday,0.6976453199999999
21,2012-05-11,649945.54,0,74.14,3.688,221.3632212,6.891,2012,5,May,Q2,19,2012-05,Non-Holiday,0.64994554
21,2012-05-18,700554.16,0,72.42,3.63,221.380331,6.891,2012,5,May,Q2,20,2012-05,Non-Holiday,0.70055416
21,2012-05-25,722891.24,0,79.49,3.561,221.3828029,6.891,2012,5,May,Q2,21,2012-05,Non-Holiday,0.72289124
21,2012-06-01,695439.83,0,79.24,3.501,221.3852748,6.891,2012,6,June,Q2,22,2012-06,Non-Holiday,0.69543983
21,2012-06-08,707895.72,0,79.47,3.452,221.3877467,6.891,2012,6,June,Q2,23,2012-06,Non-Holiday,0.70789572
21,2012-06-15,727049.04,0,81.51,3.393,221.4009901,6.891,2012,6,June,Q2,24,2012-06,Non-Holiday,0.72704904
21,2012-06-22,735870.0,0,81.78,3.346,221.4411622,6.891,2012,6,June,Q2,25,2012-06,Non-Holiday,0.73587
21,2012-06-29,716341.39,0,88.05,3.286,221.4813343,6.891,2012,6,June,Q2,26,2012-06,Non-Holiday,0.71634139
21,2012-07-06,693013.59,0,85.26,3.227,221.5215064,6.565,2012,7,July,Q3,27,2012-07,Non-Holiday,0.69301359
21,2012-07-13,668132.36,0,82.51,3.256,221.5616784,6.565,2012,7,July,Q3,28,2012-07,Non-Holiday,0.66813236
21,2012-07-20,691200.33,0,84.25,3.311,221.5701123,6.565,2012,7,July,Q3,29,2012-07,Non-Holiday,0.6912003299999999
21,2012-07-27,677789.14,0,88.09,3.407,221.5785461,6.565,2012,7,July,Q3,30,2012-07,Non-Holiday,0.67778914
21,2012-08-03,693785.85,0,91.57,3.417,221.5869799,6.565,2012,8,August,Q3,31,2012-08,Non-Holiday,0.6937858499999999
21,2012-08-10,700272.01,0,89.57,3.494,221.5954138,6.565,2012,8,August,Q3,32,2012-08,Non-Holiday,0.7002720100000001
21,2012-08-17,751963.81,0,85.55,3.571,221.6751459,6.565,2012,8,August,Q3,33,2012-08,Non-Holiday,0.75196381
21,2012-08-24,802003.61,0,77.72,3.62,221.8083518,6.565,2012,8,August,Q3,34,2012-08,Non-Holiday,0.80200361
21,2012-08-31,763867.59,0,83.58,3.638,221.9415576,6.565,2012,8,August,Q3,35,2012-08,Non-Holiday,0.7638675899999999
21,2012-09-07,642827.29,1,88.4,3.73,222.0747635,6.565,2012,9,September,Q3,36,2012-09,Holiday,0.64282729
21,2012-09-14,628494.63,0,76.1,3.717,222.2174395,6.565,2012,9,September,Q3,37,2012-09,Non-Holiday,0.62849463
21,2012-09-21,667151.46,0,71.54,3.721,222.4169362,6.565,2012,9,September,Q3,38,2012-09,Non-Holiday,0.6671514599999999
21,2012-09-28,647097.65,0,80.38,3.666,222.6164329,6.565,2012,9,September,Q3,39,2012-09,Non-Holiday,0.64709765
21,2012-10-05,651768.91,0,70.28,3.617,222.8159296,6.17,2012,10,October,Q4,40,2012-10,Non-Holiday,0.65176891
21,2012-10-12,653043.44,0,61.53,3.601,223.0154263,6.17,2012,10,October,Q4,41,2012-10,Non-Holiday,0.6530434399999999
21,2012-10-19,641368.14,0,68.52,3.594,223.0598077,6.17,2012,10,October,Q4,42,2012-10,Non-Holiday,0.64136814
21,2012-10-26,675202.87,0,70.5,3.506,223.0783366,6.17,2012,10,October,Q4,43,2012-10,Non-Holiday,0.67520287
22,2010-02-05,1033017.37,0,24.36,2.788,135.3524608,8.283,2010,2,February,Q1,5,2010-02,Non-Holiday,1.03301737
22,2010-02-12,1022571.25,1,28.14,2.771,135.4113076,8.283,2010,2,February,Q1,6,2010-02,Holiday,1.02257125
22,2010-02-19,988467.61,0,31.96,2.747,135.4657781,8.283,2010,2,February,Q1,7,2010-02,Non-Holiday,0.9884676099999999
22,2010-02-26,899761.48,0,35.98,2.753,135.5195191,8.283,2010,2,February,Q1,8,2010-02,Non-Holiday,0.89976148
22,2010-03-05,1009201.24,0,36.82,2.766,135.5732602,8.283,2010,3,March,Q1,9,2010-03,Non-Holiday,1.0092012399999999
22,2010-03-12,967187.37,0,43.43,2.805,135.6270013,8.283,2010,3,March,Q1,10,2010-03,Non-Holiday,0.96718737
22,2010-03-19,966145.09,0,46.03,2.834,135.6682247,8.283,2010,3,March,Q1,11,2010-03,Non-Holiday,0.9661450899999999
22,2010-03-26,1012075.12,0,48.56,2.831,135.7073618,8.283,2010,3,March,Q1,12,2010-03,Non-Holiday,1.01207512
22,2010-04-02,1177340.99,0,44.96,2.826,135.7464988,8.348,2010,4,April,Q2,13,2010-04,Non-Holiday,1.17734099
22,2010-04-09,1033171.07,0,57.06,2.849,135.7856359,8.348,2010,4,April,Q2,14,2010-04,Non-Holiday,1.0331710699999999
22,2010-04-16,1000968.67,0,51.14,2.885,135.82725,8.348,2010,4,April,Q2,15,2010-04,Non-Holiday,1.00096867
22,2010-04-23,969594.47,0,51.04,2.895,135.8721667,8.348,2010,4,April,Q2,16,2010-04,Non-Holiday,0.96959447
22,2010-04-30,977683.06,0,50.96,2.935,135.9170833,8.348,2010,4,April,Q2,17,2010-04,Non-Holiday,0.97768306
22,2010-05-07,1052973.28,0,63.81,2.981,135.962,8.348,2010,5,May,Q2,18,2010-05,Non-Holiday,1.05297328
22,2010-05-14,973585.33,0,50.99,2.983,136.010394,8.348,2010,5,May,Q2,19,2010-05,Non-Holiday,0.9735853299999999
22,2010-05-21,979977.89,0,59.99,2.961,136.0796521,8.348,2010,5,May,Q2,20,2010-05,Non-Holiday,0.97997789
22,2010-05-28,1103740.4,0,65.64,2.906,136.1489101,8.348,2010,5,May,Q2,21,2010-05,Non-Holiday,1.1037404
22,2010-06-04,1095539.13,0,69.49,2.857,136.2181682,8.348,2010,6,June,Q2,22,2010-06,Non-Holiday,1.09553913
22,2010-06-11,1061196.47,0,65.01,2.83,136.2874263,8.348,2010,6,June,Q2,23,2010-06,Non-Holiday,1.06119647
22,2010-06-18,1052895.25,0,67.13,2.805,136.3243393,8.348,2010,6,June,Q2,24,2010-06,Non-Holiday,1.05289525
22,2010-06-25,1095020.33,0,74.37,2.81,136.3483143,8.348,2010,6,June,Q2,25,2010-06,Non-Holiday,1.09502033
22,2010-07-02,1120259.71,0,72.88,2.815,136.3722893,8.433,2010,7,July,Q3,26,2010-07,Non-Holiday,1.12025971
22,2010-07-09,1092654.26,0,79.22,2.806,136.3962643,8.433,2010,7,July,Q3,27,2010-07,Non-Holiday,1.09265426
22,2010-07-16,988392.99,0,76.3,2.796,136.4179827,8.433,2010,7,July,Q3,28,2010-07,Non-Holiday,0.98839299
22,2010-07-23,974123.2,0,76.91,2.784,136.4366924,8.433,2010,7,July,Q3,29,2010-07,Non-Holiday,0.9741232
22,2010-07-30,970773.64,0,76.35,2.792,136.4554021,8.433,2010,7,July,Q3,30,2010-07,Non-Holiday,0.97077364
22,2010-08-06,1010326.14,0,74.37,2.792,136.4741118,8.433,2010,8,August,Q3,31,2010-08,Non-Holiday,1.01032614
22,2010-08-13,993097.43,0,74.75,2.81,136.4928214,8.433,2010,8,August,Q3,32,2010-08,Non-Holiday,0.9930974300000001
22,2010-08-20,1017045.44,0,73.21,2.796,136.5249182,8.433,2010,8,August,Q3,33,2010-08,Non-Holiday,1.01704544
22,2010-08-27,1081420.96,0,68.99,2.77,136.557015,8.433,2010,8,August,Q3,34,2010-08,Non-Holiday,1.08142096
22,2010-09-03,1074535.88,0,75.85,2.735,136.5891118,8.433,2010,9,September,Q3,35,2010-09,Non-Holiday,1.07453588
22,2010-09-10,924174.4,1,68.6,2.717,136.6212085,8.433,2010,9,September,Q3,36,2010-09,Holiday,0.9241744000000001
22,2010-09-17,918285.97,0,62.49,2.716,136.6338071,8.433,2010,9,September,Q3,37,2010-09,Non-Holiday,0.91828597
22,2010-09-24,902779.25,0,65.14,2.718,136.6317821,8.433,2010,9,September,Q3,38,2010-09,Non-Holiday,0.90277925
22,2010-10-01,905987.17,0,69.31,2.717,136.6297571,8.572,2010,10,October,Q4,39,2010-10,Non-Holiday,0.9059871700000001
22,2010-10-08,1015051.62,0,56.32,2.776,136.6277321,8.572,2010,10,October,Q4,40,2010-10,Non-Holiday,1.01505162
22,2010-10-15,954401.46,0,55.23,2.878,136.6401935,8.572,2010,10,October,Q4,41,2010-10,Non-Holiday,0.9544014599999999
22,2010-10-22,960998.52,0,50.24,2.919,136.688871,8.572,2010,10,October,Q4,42,2010-10,Non-Holiday,0.96099852
22,2010-10-29,1025766.27,0,57.73,2.938,136.7375484,8.572,2010,10,October,Q4,43,2010-10,Non-Holiday,1.02576627
22,2010-11-05,1006888.16,0,44.34,2.938,136.7862258,8.572,2010,11,November,Q4,44,2010-11,Non-Holiday,1.0068881600000001
22,2010-11-12,1043698.64,0,44.42,2.961,136.8349032,8.572,2010,11,November,Q4,45,2010-11,Non-Holiday,1.0436986400000001
22,2010-11-19,985896.44,0,48.62,3.03,136.7715714,8.572,2010,11,November,Q4,46,2010-11,Non-Holiday,0.98589644
22,2010-11-26,1564502.26,1,44.61,3.07,136.6895714,8.572,2010,11,November,Q4,47,2010-11,Holiday,1.56450226
22,2010-12-03,1230514.58,0,39.42,3.065,136.6075714,8.572,2010,12,December,Q4,48,2010-12,Non-Holiday,1.2305145800000001
22,2010-12-10,1367202.84,0,28.43,3.132,136.5255714,8.572,2010,12,December,Q4,49,2010-12,Non-Holiday,1.36720284
22,2010-12-17,1527682.99,0,30.46,3.139,136.5292811,8.572,2010,12,December,Q4,50,2010-12,Non-Holiday,1.52768299
22,2010-12-24,1962445.04,0,29.76,3.15,136.597273,8.572,2010,12,December,Q4,51,2010-12,Non-Holiday,1.96244504
22,2010-12-31,774262.28,1,28.49,3.177,136.665265,8.572,2010,12,December,Q4,52,2010-12,Holiday,0.7742622800000001
22,2011-01-07,873954.7,0,32.56,3.193,136.7332569,8.458,2011,1,January,Q1,1,2011-01,Non-Holiday,0.8739547
22,2011-01-14,807535.52,0,24.76,3.215,136.803477,8.458,2011,1,January,Q1,2,2011-01,Non-Holiday,0.8075355200000001
22,2011-01-21,855001.02,0,26.8,3.232,136.8870657,8.458,2011,1,January,Q1,3,2011-01,Non-Holiday,0.85500102
22,2011-01-28,799369.15,0,20.61,3.243,136.9706544,8.458,2011,1,January,Q1,4,2011-01,Non-Holiday,0.79936915
22,2011-02-04,946060.98,0,26.39,3.24,137.0542431,8.458,2011,2,February,Q1,5,2011-02,Non-Holiday,0.9460609799999999
22,2011-02-11,1009206.33,1,28.89,3.255,137.1378318,8.458,2011,2,February,Q1,6,2011-02,Holiday,1.00920633
22,2011-02-18,975964.86,0,35.34,3.263,137.2511849,8.458,2011,2,February,Q1,7,2011-02,Non-Holiday,0.9759648599999999
22,2011-02-25,911245.43,0,30.23,3.281,137.3764439,8.458,2011,2,February,Q1,8,2011-02,Non-Holiday,0.91124543
22,2011-03-04,997353.15,0,33.52,3.437,137.5017028,8.458,2011,3,March,Q1,9,2011-03,Non-Holiday,0.99735315
22,2011-03-11,944587.23,0,41.42,3.6,137.6269617,8.458,2011,3,March,Q1,10,2011-03,Non-Holiday,0.94458723
22,2011-03-18,926427.12,0,43.38,3.634,137.7398929,8.458,2011,3,March,Q1,11,2011-03,Non-Holiday,0.92642712
22,2011-03-25,933528.39,0,38.77,3.624,137.8478929,8.458,2011,3,March,Q1,12,2011-03,Non-Holiday,0.93352839
22,2011-04-01,951588.37,0,36.04,3.638,137.9558929,8.252,2011,4,April,Q2,13,2011-04,Non-Holiday,0.95158837
22,2011-04-08,969046.69,0,44.42,3.72,138.0638929,8.252,2011,4,April,Q2,14,2011-04,Non-Holiday,0.96904669
22,2011-04-15,1008557.04,0,48.88,3.823,138.1646952,8.252,2011,4,April,Q2,15,2011-04,Non-Holiday,1.0085570400000001
22,2011-04-22,1152781.9,0,47.76,3.919,138.2475036,8.252,2011,4,April,Q2,16,2011-04,Non-Holiday,1.1527819
22,2011-04-29,926133.8,0,57.2,3.988,138.3303119,8.252,2011,4,April,Q2,17,2011-04,Non-Holiday,0.9261338
22,2011-05-06,1032076.06,0,53.63,4.078,138.4131202,8.252,2011,5,May,Q2,18,2011-05,Non-Holiday,1.03207606
22,2011-05-13,1001558.74,0,57.71,4.095,138.4959286,8.252,2011,5,May,Q2,19,2011-05,Non-Holiday,1.00155874
22,2011-05-20,970307.83,0,58.56,4.101,138.587106,8.252,2011,5,May,Q2,20,2011-05,Non-Holiday,0.97030783
22,2011-05-27,1021568.34,0,62.59,4.034,138.6782834,8.252,2011,5,May,Q2,21,2011-05,Non-Holiday,1.02156834
22,2011-06-03,1125169.92,0,70.09,3.973,138.7694608,8.252,2011,6,June,Q2,22,2011-06,Non-Holiday,1.1251699199999998
22,2011-06-10,1060868.49,0,69.53,3.924,138.8606382,8.252,2011,6,June,Q2,23,2011-06,Non-Holiday,1.06086849
22,2011-06-17,1042454.61,0,63.97,3.873,139.0028333,8.252,2011,6,June,Q2,24,2011-06,Non-Holiday,1.04245461
22,2011-06-24,1012584.2,0,68.53,3.851,139.1832917,8.252,2011,6,June,Q2,25,2011-06,Non-Holiday,1.0125842
22,2011-07-01,1077491.68,0,70.8,3.815,139.36375,8.023,2011,7,July,Q3,26,2011-07,Non-Holiday,1.0774916799999998
22,2011-07-08,1017050.65,0,74.22,3.784,139.5442083,8.023,2011,7,July,Q3,27,2011-07,Non-Holiday,1.01705065
22,2011-07-15,961953.57,0,75.2,3.827,139.7006325,8.023,2011,7,July,Q3,28,2011-07,Non-Holiday,0.9619535699999999
22,2011-07-22,964683.8,0,77.79,3.882,139.7969712,8.023,2011,7,July,Q3,29,2011-07,Non-Holiday,0.9646838000000001
22,2011-07-29,944958.69,0,75.32,3.898,139.8933099,8.023,2011,7,July,Q3,30,2011-07,Non-Holiday,0.94495869
22,2011-08-05,983232.96,0,75.33,3.903,139.9896486,8.023,2011,8,August,Q3,31,2011-08,Non-Holiday,0.9832329599999999
22,2011-08-12,991779.2,0,74.69,3.88,140.0859873,8.023,2011,8,August,Q3,32,2011-08,Non-Holiday,0.9917792
22,2011-08-19,973004.91,0,71.3,3.82,140.1289205,8.023,2011,8,August,Q3,33,2011-08,Non-Holiday,0.97300491
22,2011-08-26,1181815.31,0,72.22,3.796,140.1629528,8.023,2011,8,August,Q3,34,2011-08,Non-Holiday,1.18181531
22,2011-09-02,912762.76,0,69.16,3.784,140.196985,8.023,2011,9,September,Q3,35,2011-09,Non-Holiday,0.91276276
22,2011-09-09,1004434.54,1,69.14,3.809,140.2310173,8.023,2011,9,September,Q3,36,2011-09,Holiday,1.00443454
22,2011-09-16,937420.65,0,68.08,3.809,140.2735,8.023,2011,9,September,Q3,37,2011-09,Non-Holiday,0.9374206500000001
22,2011-09-23,899834.75,0,62.36,3.758,140.32725,8.023,2011,9,September,Q3,38,2011-09,Non-Holiday,0.89983475
22,2011-09-30,953314.16,0,69.78,3.684,140.381,8.023,2011,9,September,Q3,39,2011-09,Non-Holiday,0.95331416
22,2011-10-07,993436.67,0,56.44,3.633,140.43475,7.706,2011,10,October,Q4,40,2011-10,Non-Holiday,0.99343667
22,2011-10-14,944337.32,0,62.63,3.583,140.4784194,7.706,2011,10,October,Q4,41,2011-10,Non-Holiday,0.9443373199999999
22,2011-10-21,981567.22,0,59.3,3.618,140.4616048,7.706,2011,10,October,Q4,42,2011-10,Non-Holiday,0.98156722
22,2011-10-28,1099351.68,0,49.31,3.604,140.4447903,7.706,2011,10,October,Q4,43,2011-10,Non-Holiday,1.0993516799999998
22,2011-11-04,1106575.59,0,42.81,3.586,140.4279758,7.706,2011,11,November,Q4,44,2011-11,Non-Holiday,1.10657559
22,2011-11-11,1051740.29,0,47.8,3.57,140.4111613,7.706,2011,11,November,Q4,45,2011-11,Non-Holiday,1.0517402900000001
22,2011-11-18,1007579.44,0,50.62,3.571,140.4127857,7.706,2011,11,November,Q4,46,2011-11,Non-Holiday,1.00757944
22,2011-11-25,1535857.49,1,46.28,3.536,140.4217857,7.706,2011,11,November,Q4,47,2011-11,Holiday,1.53585749
22,2011-12-02,1167621.14,0,49.11,3.501,140.4307857,7.706,2011,12,December,Q4,48,2011-12,Non-Holiday,1.1676211399999998
22,2011-12-09,1308967.44,0,45.35,3.47,140.4397857,7.706,2011,12,December,Q4,49,2011-12,Non-Holiday,1.30896744
22,2011-12-16,1453153.33,0,39.11,3.445,140.4700795,7.706,2011,12,December,Q4,50,2011-12,Non-Holiday,1.4531533300000001
22,2011-12-23,1863195.68,0,39.83,3.413,140.528765,7.706,2011,12,December,Q4,51,2011-12,Non-Holiday,1.86319568
22,2011-12-30,982661.14,1,36.28,3.402,140.5874505,7.706,2011,12,December,Q4,52,2011-12,Holiday,0.98266114
22,2012-01-06,895358.2,0,34.61,3.439,140.6461359,7.503,2012,1,January,Q1,1,2012-01,Non-Holiday,0.8953582
22,2012-01-13,855437.57,0,39.0,3.523,140.7048214,7.503,2012,1,January,Q1,2,2012-01,Non-Holiday,0.85543757
22,2012-01-20,897027.44,0,29.16,3.542,140.8086118,7.503,2012,1,January,Q1,3,2012-01,Non-Holiday,0.8970274399999999
22,2012-01-27,786459.23,0,35.68,3.568,140.9124021,7.503,2012,1,January,Q1,4,2012-01,Non-Holiday,0.78645923
22,2012-02-03,958487.75,0,40.58,3.633,141.0161924,7.503,2012,2,February,Q1,5,2012-02,Non-Holiday,0.95848775
22,2012-02-10,1034448.07,1,35.68,3.655,141.1199827,7.503,2012,2,February,Q1,6,2012-02,Holiday,1.03444807
22,2012-02-17,1004749.41,0,36.25,3.703,141.2140357,7.503,2012,2,February,Q1,7,2012-02,Non-Holiday,1.00474941
22,2012-02-24,912958.95,0,39.0,3.751,141.3007857,7.503,2012,2,February,Q1,8,2012-02,Non-Holiday,0.9129589499999999
22,2012-03-02,974866.65,0,37.47,3.827,141.3875357,7.503,2012,3,March,Q1,9,2012-03,Non-Holiday,0.9748666500000001
22,2012-03-09,991127.01,0,41.72,3.876,141.4742857,7.503,2012,3,March,Q1,10,2012-03,Non-Holiday,0.99112701
22,2012-03-16,966780.01,0,46.06,3.867,141.55478,7.503,2012,3,March,Q1,11,2012-03,Non-Holiday,0.96678001
22,2012-03-23,992774.4,0,54.68,3.889,141.6269332,7.503,2012,3,March,Q1,12,2012-03,Non-Holiday,0.9927744000000001
22,2012-03-30,965769.93,0,46.4,3.921,141.6990864,7.503,2012,3,March,Q1,13,2012-03,Non-Holiday,0.96576993
22,2012-04-06,1197489.66,0,46.38,3.957,141.7712396,7.671,2012,4,April,Q2,14,2012-04,Non-Holiday,1.19748966
22,2012-04-13,939118.24,0,49.89,4.025,141.8433929,7.671,2012,4,April,Q2,15,2012-04,Non-Holiday,0.93911824
22,2012-04-20,1000342.87,0,58.81,4.046,141.9015262,7.671,2012,4,April,Q2,16,2012-04,Non-Holiday,1.00034287
22,2012-04-27,922539.94,0,51.42,4.023,141.9596595,7.671,2012,4,April,Q2,17,2012-04,Non-Holiday,0.92253994
22,2012-05-04,1005083.31,0,50.75,3.991,142.0177929,7.671,2012,5,May,Q2,18,2012-05,Non-Holiday,1.00508331
22,2012-05-11,997868.63,0,56.72,3.947,142.0759262,7.671,2012,5,May,Q2,19,2012-05,Non-Holiday,0.99786863
22,2012-05-18,986612.02,0,61.9,3.899,142.0970115,7.671,2012,5,May,Q2,20,2012-05,Non-Holiday,0.98661202
22,2012-05-25,1047297.38,0,62.39,3.85,142.1032776,7.671,2012,5,May,Q2,21,2012-05,Non-Holiday,1.04729738
22,2012-06-01,1102857.37,0,70.01,3.798,142.1095438,7.671,2012,6,June,Q2,22,2012-06,Non-Holiday,1.1028573700000002
22,2012-06-08,1061134.37,0,61.71,3.746,142.1158099,7.671,2012,6,June,Q2,23,2012-06,Non-Holiday,1.0611343700000002
22,2012-06-15,1061219.19,0,66.56,3.683,142.1292548,7.671,2012,6,June,Q2,24,2012-06,Non-Holiday,1.0612191899999999
22,2012-06-22,1112449.3,0,70.61,3.629,142.1606464,7.671,2012,6,June,Q2,25,2012-06,Non-Holiday,1.1124493
22,2012-06-29,1053881.78,0,70.99,3.577,142.1920381,7.671,2012,6,June,Q2,26,2012-06,Non-Holiday,1.05388178
22,2012-07-06,1097786.14,0,77.41,3.538,142.2234298,7.753,2012,7,July,Q3,27,2012-07,Non-Holiday,1.09778614
22,2012-07-13,971361.38,0,75.81,3.561,142.2548214,7.753,2012,7,July,Q3,28,2012-07,Non-Holiday,0.97136138
22,2012-07-20,991969.37,0,76.57,3.61,142.2337569,7.753,2012,7,July,Q3,29,2012-07,Non-Holiday,0.99196937
22,2012-07-27,925731.21,0,73.52,3.701,142.2126924,7.753,2012,7,July,Q3,30,2012-07,Non-Holiday,0.9257312099999999
22,2012-08-03,1007257.83,0,72.99,3.698,142.1916279,7.753,2012,8,August,Q3,31,2012-08,Non-Holiday,1.00725783
22,2012-08-10,973812.79,0,76.74,3.772,142.1705634,7.753,2012,8,August,Q3,32,2012-08,Non-Holiday,0.97381279
22,2012-08-17,981273.26,0,74.92,3.84,142.2157385,7.753,2012,8,August,Q3,33,2012-08,Non-Holiday,0.98127326
22,2012-08-24,1060906.75,0,70.42,3.874,142.3105933,7.753,2012,8,August,Q3,34,2012-08,Non-Holiday,1.06090675
22,2012-08-31,1022270.86,0,71.93,3.884,142.4054482,7.753,2012,8,August,Q3,35,2012-08,Non-Holiday,1.02227086
22,2012-09-07,996628.8,1,73.3,3.921,142.500303,7.753,2012,9,September,Q3,36,2012-09,Holiday,0.9966288000000001
22,2012-09-14,918049.28,0,66.42,3.988,142.5938833,7.753,2012,9,September,Q3,37,2012-09,Non-Holiday,0.9180492800000001
22,2012-09-21,921612.53,0,63.38,4.056,142.6798167,7.753,2012,9,September,Q3,38,2012-09,Non-Holiday,0.92161253
22,2012-09-28,976479.51,0,62.17,4.018,142.76575,7.753,2012,9,September,Q3,39,2012-09,Non-Holiday,0.97647951
22,2012-10-05,1009887.36,0,62.09,4.027,142.8516833,7.543,2012,10,October,Q4,40,2012-10,Non-Holiday,1.00988736
22,2012-10-12,1004039.84,0,54.18,4.029,142.9376167,7.543,2012,10,October,Q4,41,2012-10,Non-Holiday,1.00403984
22,2012-10-19,978027.95,0,55.28,4.0,142.8633629,7.543,2012,10,October,Q4,42,2012-10,Non-Holiday,0.97802795
22,2012-10-26,1094422.69,0,57.58,3.917,142.7624113,7.543,2012,10,October,Q4,43,2012-10,Non-Holiday,1.09442269
23,2010-02-05,1364721.58,0,15.25,2.788,131.5279032,5.892,2010,2,February,Q1,5,2010-02,Non-Holiday,1.36472158
23,2010-02-12,1380892.08,1,18.75,2.771,131.5866129,5.892,2010,2,February,Q1,6,2010-02,Holiday,1.38089208
23,2010-02-19,1319588.04,0,26.7,2.747,131.637,5.892,2010,2,February,Q1,7,2010-02,Non-Holiday,1.31958804
23,2010-02-26,1198709.65,0,32.68,2.753,131.686,5.892,2010,2,February,Q1,8,2010-02,Non-Holiday,1.1987096499999998
23,2010-03-05,1311175.93,0,33.15,2.766,131.735,5.892,2010,3,March,Q1,9,2010-03,Non-Holiday,1.3111759299999999
23,2010-03-12,1408082.96,0,36.07,2.805,131.784,5.892,2010,3,March,Q1,10,2010-03,Non-Holiday,1.40808296
23,2010-03-19,1229008.32,0,43.01,2.834,131.8242903,5.892,2010,3,March,Q1,11,2010-03,Non-Holiday,1.2290083200000002
23,2010-03-26,1310701.8,0,38.59,2.831,131.863129,5.892,2010,3,March,Q1,12,2010-03,Non-Holiday,1.3107018000000001
23,2010-04-02,1556627.62,0,40.5,2.826,131.9019677,5.435,2010,4,April,Q2,13,2010-04,Non-Holiday,1.5566276200000002
23,2010-04-09,1264434.7,0,56.82,2.849,131.9408065,5.435,2010,4,April,Q2,14,2010-04,Non-Holiday,1.2644347
23,2010-04-16,1288823.72,0,44.25,2.885,131.9809,5.435,2010,4,April,Q2,15,2010-04,Non-Holiday,1.28882372
23,2010-04-23,1315023.08,0,46.4,2.895,132.0226667,5.435,2010,4,April,Q2,16,2010-04,Non-Holiday,1.31502308
23,2010-04-30,1259414.52,0,45.47,2.935,132.0644333,5.435,2010,4,April,Q2,17,2010-04,Non-Holiday,1.25941452
23,2010-05-07,1365552.28,0,61.04,2.981,132.1062,5.435,2010,5,May,Q2,18,2010-05,Non-Holiday,1.36555228
23,2010-05-14,1303055.09,0,45.33,2.983,132.152129,5.435,2010,5,May,Q2,19,2010-05,Non-Holiday,1.3030550900000002
23,2010-05-21,1327424.28,0,57.94,2.961,132.2230323,5.435,2010,5,May,Q2,20,2010-05,Non-Holiday,1.32742428
23,2010-05-28,1571158.56,0,69.26,2.906,132.2939355,5.435,2010,5,May,Q2,21,2010-05,Non-Holiday,1.57115856
23,2010-06-04,1514435.51,0,64.94,2.857,132.3648387,5.435,2010,6,June,Q2,22,2010-06,Non-Holiday,1.51443551
23,2010-06-11,1439432.06,0,58.35,2.83,132.4357419,5.435,2010,6,June,Q2,23,2010-06,Non-Holiday,1.4394320600000001
23,2010-06-18,1507708.93,0,60.29,2.805,132.4733333,5.435,2010,6,June,Q2,24,2010-06,Non-Holiday,1.50770893
23,2010-06-25,1415204.88,0,69.83,2.81,132.4976,5.435,2010,6,June,Q2,25,2010-06,Non-Holiday,1.4152048799999999
23,2010-07-02,1549113.18,0,64.76,2.815,132.5218667,5.326,2010,7,July,Q3,26,2010-07,Non-Holiday,1.54911318
23,2010-07-09,1417535.78,0,77.16,2.806,132.5461333,5.326,2010,7,July,Q3,27,2010-07,Non-Holiday,1.4175357800000001
23,2010-07-16,1413124.11,0,73.94,2.796,132.5667742,5.326,2010,7,July,Q3,28,2010-07,Non-Holiday,1.41312411
23,2010-07-23,1333634.45,0,70.2,2.784,132.5825806,5.326,2010,7,July,Q3,29,2010-07,Non-Holiday,1.33363445
23,2010-07-30,1319773.55,0,69.71,2.792,132.5983871,5.326,2010,7,July,Q3,30,2010-07,Non-Holiday,1.31977355
23,2010-08-06,1417013.07,0,70.03,2.792,132.6141935,5.326,2010,8,August,Q3,31,2010-08,Non-Holiday,1.41701307
23,2010-08-13,1346345.97,0,67.43,2.81,132.63,5.326,2010,8,August,Q3,32,2010-08,Non-Holiday,1.34634597
23,2010-08-20,1439901.05,0,68.65,2.796,132.6616129,5.326,2010,8,August,Q3,33,2010-08,Non-Holiday,1.43990105
23,2010-08-27,1584623.36,0,63.25,2.77,132.6932258,5.326,2010,8,August,Q3,34,2010-08,Non-Holiday,1.5846233600000001
23,2010-09-03,1405119.23,0,72.91,2.735,132.7248387,5.326,2010,9,September,Q3,35,2010-09,Non-Holiday,1.40511923
23,2010-09-10,1272842.85,1,63.21,2.717,132.7564516,5.326,2010,9,September,Q3,36,2010-09,Holiday,1.2728428500000002
23,2010-09-17,1159132.58,0,55.3,2.716,132.7670667,5.326,2010,9,September,Q3,37,2010-09,Non-Holiday,1.15913258
23,2010-09-24,1099055.65,0,57.75,2.718,132.7619333,5.326,2010,9,September,Q3,38,2010-09,Non-Holiday,1.09905565
23,2010-10-01,1129909.44,0,62.07,2.717,132.7568,5.287,2010,10,October,Q4,39,2010-10,Non-Holiday,1.12990944
23,2010-10-08,1179851.68,0,50.75,2.776,132.7516667,5.287,2010,10,October,Q4,40,2010-10,Non-Holiday,1.1798516799999998
23,2010-10-15,1119809.71,0,45.55,2.878,132.7633548,5.287,2010,10,October,Q4,41,2010-10,Non-Holiday,1.11980971
23,2010-10-22,1147503.92,0,43.19,2.919,132.8170968,5.287,2010,10,October,Q4,42,2010-10,Non-Holiday,1.14750392
23,2010-10-29,1112871.23,0,48.68,2.938,132.8708387,5.287,2010,10,October,Q4,43,2010-10,Non-Holiday,1.1128712299999999
23,2010-11-05,1203119.96,0,36.6,2.938,132.9245806,5.287,2010,11,November,Q4,44,2010-11,Non-Holiday,1.20311996
23,2010-11-12,1387953.75,0,35.59,2.961,132.9783226,5.287,2010,11,November,Q4,45,2010-11,Non-Holiday,1.38795375
23,2010-11-19,1314994.32,0,41.66,3.03,132.9172,5.287,2010,11,November,Q4,46,2010-11,Non-Holiday,1.31499432
23,2010-11-26,2072685.05,1,34.95,3.07,132.8369333,5.287,2010,11,November,Q4,47,2010-11,Holiday,2.07268505
23,2010-12-03,1617025.41,0,34.3,3.065,132.7566667,5.287,2010,12,December,Q4,48,2010-12,Non-Holiday,1.6170254099999999
23,2010-12-10,1872365.99,0,20.12,3.132,132.6764,5.287,2010,12,December,Q4,49,2010-12,Non-Holiday,1.87236599
23,2010-12-17,2238573.48,0,23.05,3.139,132.6804516,5.287,2010,12,December,Q4,50,2010-12,Non-Holiday,2.23857348
23,2010-12-24,2734277.1,0,22.96,3.15,132.7477419,5.287,2010,12,December,Q4,51,2010-12,Non-Holiday,2.7342771
23,2010-12-31,1169773.85,1,19.05,3.177,132.8150323,5.287,2010,12,December,Q4,52,2010-12,Holiday,1.1697738500000001
23,2011-01-07,1122034.48,0,27.81,3.193,132.8823226,5.114,2011,1,January,Q1,1,2011-01,Non-Holiday,1.12203448
23,2011-01-14,1016756.1,0,18.2,3.215,132.9510645,5.114,2011,1,January,Q1,2,2011-01,Non-Holiday,1.0167561
23,2011-01-21,1110706.06,0,15.58,3.232,133.0285161,5.114,2011,1,January,Q1,3,2011-01,Non-Holiday,1.11070606
23,2011-01-28,1083657.61,0,10.91,3.243,133.1059677,5.114,2011,1,January,Q1,4,2011-01,Non-Holiday,1.0836576100000002
23,2011-02-04,1159438.53,0,14.5,3.24,133.1834194,5.114,2011,2,February,Q1,5,2011-02,Non-Holiday,1.15943853
23,2011-02-11,1249786.4,1,21.52,3.255,133.260871,5.114,2011,2,February,Q1,6,2011-02,Holiday,1.2497863999999999
23,2011-02-18,1369971.57,0,26.6,3.263,133.3701429,5.114,2011,2,February,Q1,7,2011-02,Non-Holiday,1.3699715700000001
23,2011-02-25,1206917.2,0,17.0,3.281,133.4921429,5.114,2011,2,February,Q1,8,2011-02,Non-Holiday,1.2069172
23,2011-03-04,1301185.28,0,20.67,3.437,133.6141429,5.114,2011,3,March,Q1,9,2011-03,Non-Holiday,1.30118528
23,2011-03-11,1042043.55,0,29.36,3.6,133.7361429,5.114,2011,3,March,Q1,10,2011-03,Non-Holiday,1.04204355
23,2011-03-18,1203682.62,0,37.28,3.634,133.8492258,5.114,2011,3,March,Q1,11,2011-03,Non-Holiday,1.2036826200000001
23,2011-03-25,1148624.83,0,29.11,3.624,133.9587419,5.114,2011,3,March,Q1,12,2011-03,Non-Holiday,1.1486248300000002
23,2011-04-01,1182694.95,0,29.44,3.638,134.0682581,4.781,2011,4,April,Q2,13,2011-04,Non-Holiday,1.18269495
23,2011-04-08,1248901.98,0,36.74,3.72,134.1777742,4.781,2011,4,April,Q2,14,2011-04,Non-Holiday,1.24890198
23,2011-04-15,1263680.51,0,45.51,3.823,134.2784667,4.781,2011,4,April,Q2,15,2011-04,Non-Holiday,1.26368051
23,2011-04-22,1447301.24,0,39.62,3.919,134.3571,4.781,2011,4,April,Q2,16,2011-04,Non-Holiday,1.44730124
23,2011-04-29,1173307.4,0,54.2,3.988,134.4357333,4.781,2011,4,April,Q2,17,2011-04,Non-Holiday,1.1733074
23,2011-05-06,1359921.13,0,50.07,4.078,134.5143667,4.781,2011,5,May,Q2,18,2011-05,Non-Holiday,1.3599211299999998
23,2011-05-13,1254914.87,0,55.12,4.095,134.593,4.781,2011,5,May,Q2,19,2011-05,Non-Holiday,1.2549148700000001
23,2011-05-20,1337617.55,0,56.67,4.101,134.6803871,4.781,2011,5,May,Q2,20,2011-05,Non-Holiday,1.33761755
23,2011-05-27,1361945.18,0,63.27,4.034,134.7677742,4.781,2011,5,May,Q2,21,2011-05,Non-Holiday,1.36194518
23,2011-06-03,1562161.97,0,67.21,3.973,134.8551613,4.781,2011,6,June,Q2,22,2011-06,Non-Holiday,1.56216197
23,2011-06-10,1447028.06,0,65.23,3.924,134.9425484,4.781,2011,6,June,Q2,23,2011-06,Non-Holiday,1.44702806
23,2011-06-17,1470520.83,0,61.06,3.873,135.0837333,4.781,2011,6,June,Q2,24,2011-06,Non-Holiday,1.4705208300000001
23,2011-06-24,1434036.18,0,63.8,3.851,135.2652667,4.781,2011,6,June,Q2,25,2011-06,Non-Holiday,1.4340361799999999
23,2011-07-01,1492507.44,0,65.65,3.815,135.4468,4.584,2011,7,July,Q3,26,2011-07,Non-Holiday,1.49250744
23,2011-07-08,1379488.05,0,69.92,3.784,135.6283333,4.584,2011,7,July,Q3,27,2011-07,Non-Holiday,1.37948805
23,2011-07-15,1360520.56,0,69.8,3.827,135.7837419,4.584,2011,7,July,Q3,28,2011-07,Non-Holiday,1.36052056
23,2011-07-22,1362144.0,0,76.74,3.882,135.8738387,4.584,2011,7,July,Q3,29,2011-07,Non-Holiday,1.362144
23,2011-07-29,1319767.55,0,69.55,3.898,135.9639355,4.584,2011,7,July,Q3,30,2011-07,Non-Holiday,1.3197675500000001
23,2011-08-05,1416344.68,0,69.53,3.903,136.0540323,4.584,2011,8,August,Q3,31,2011-08,Non-Holiday,1.41634468
23,2011-08-12,1380952.05,0,69.86,3.88,136.144129,4.584,2011,8,August,Q3,32,2011-08,Non-Holiday,1.38095205
23,2011-08-19,1453416.53,0,67.09,3.82,136.183129,4.584,2011,8,August,Q3,33,2011-08,Non-Holiday,1.45341653
23,2011-08-26,1637266.29,0,67.04,3.796,136.2136129,4.584,2011,8,August,Q3,34,2011-08,Non-Holiday,1.6372662900000001
23,2011-09-02,1464295.69,0,65.33,3.784,136.2440968,4.584,2011,9,September,Q3,35,2011-09,Non-Holiday,1.46429569
23,2011-09-09,1423289.9,1,66.04,3.809,136.2745806,4.584,2011,9,September,Q3,36,2011-09,Holiday,1.4232898999999999
23,2011-09-16,1253329.17,0,60.52,3.809,136.3145,4.584,2011,9,September,Q3,37,2011-09,Non-Holiday,1.25332917
23,2011-09-23,1289082.81,0,57.14,3.758,136.367,4.584,2011,9,September,Q3,38,2011-09,Non-Holiday,1.28908281
23,2011-09-30,1275597.85,0,64.76,3.684,136.4195,4.584,2011,9,September,Q3,39,2011-09,Non-Holiday,1.27559785
23,2011-10-07,1463501.99,0,49.0,3.633,136.472,4.42,2011,10,October,Q4,40,2011-10,Non-Holiday,1.46350199
23,2011-10-14,1257778.34,0,56.79,3.583,136.5150968,4.42,2011,10,October,Q4,41,2011-10,Non-Holiday,1.25777834
23,2011-10-21,1441032.59,0,52.12,3.618,136.5017742,4.42,2011,10,October,Q4,42,2011-10,Non-Holiday,1.44103259
23,2011-10-28,1407191.96,0,42.57,3.604,136.4884516,4.42,2011,10,October,Q4,43,2011-10,Non-Holiday,1.40719196
23,2011-11-04,1428436.33,0,39.18,3.586,136.475129,4.42,2011,11,November,Q4,44,2011-11,Non-Holiday,1.42843633
23,2011-11-11,1436940.78,0,44.04,3.57,136.4618065,4.42,2011,11,November,Q4,45,2011-11,Non-Holiday,1.43694078
23,2011-11-18,1345631.96,0,45.48,3.571,136.4666667,4.42,2011,11,November,Q4,46,2011-11,Non-Holiday,1.34563196
23,2011-11-25,2057059.53,1,35.23,3.536,136.4788,4.42,2011,11,November,Q4,47,2011-11,Holiday,2.05705953
23,2011-12-02,1552886.59,0,43.6,3.501,136.4909333,4.42,2011,12,December,Q4,48,2011-12,Non-Holiday,1.5528865900000002
23,2011-12-09,1841173.6,0,36.4,3.47,136.5030667,4.42,2011,12,December,Q4,49,2011-12,Non-Holiday,1.8411736
23,2011-12-16,2173621.2,0,32.99,3.445,136.5335161,4.42,2011,12,December,Q4,50,2011-12,Non-Holiday,2.1736212000000004
23,2011-12-23,2587953.32,0,27.8,3.413,136.5883871,4.42,2011,12,December,Q4,51,2011-12,Non-Holiday,2.58795332
23,2011-12-30,1213486.95,1,22.3,3.402,136.6432581,4.42,2011,12,December,Q4,52,2011-12,Holiday,1.21348695
23,2012-01-06,1150662.55,0,24.29,3.439,136.698129,4.261,2012,1,January,Q1,1,2012-01,Non-Holiday,1.15066255
23,2012-01-13,1031451.35,0,28.49,3.523,136.753,4.261,2012,1,January,Q1,2,2012-01,Non-Holiday,1.03145135
23,2012-01-20,1146992.13,0,15.33,3.542,136.8564194,4.261,2012,1,January,Q1,3,2012-01,Non-Holiday,1.1469921299999999
23,2012-01-27,1037476.38,0,25.71,3.568,136.9598387,4.261,2012,1,January,Q1,4,2012-01,Non-Holiday,1.03747638
23,2012-02-03,1261872.67,0,29.71,3.633,137.0632581,4.261,2012,2,February,Q1,5,2012-02,Non-Holiday,1.26187267
23,2012-02-10,1358444.07,1,26.6,3.655,137.1666774,4.261,2012,2,February,Q1,6,2012-02,Holiday,1.35844407
23,2012-02-17,1365546.69,0,27.01,3.703,137.2583103,4.261,2012,2,February,Q1,7,2012-02,Non-Holiday,1.36554669
23,2012-02-24,1272948.27,0,31.12,3.751,137.3411034,4.261,2012,2,February,Q1,8,2012-02,Non-Holiday,1.27294827
23,2012-03-02,1322852.2,0,25.91,3.827,137.4238966,4.261,2012,3,March,Q1,9,2012-03,Non-Holiday,1.3228522
23,2012-03-09,1292724.9,0,33.11,3.876,137.5066897,4.261,2012,3,March,Q1,10,2012-03,Non-Holiday,1.2927248999999998
23,2012-03-16,1258364.31,0,41.19,3.867,137.5843871,4.261,2012,3,March,Q1,11,2012-03,Non-Holiday,1.2583643100000002
23,2012-03-23,1288154.1,0,57.82,3.889,137.6552903,4.261,2012,3,March,Q1,12,2012-03,Non-Holiday,1.2881541
23,2012-03-30,1261964.96,0,36.71,3.921,137.7261935,4.261,2012,3,March,Q1,13,2012-03,Non-Holiday,1.26196496
23,2012-04-06,1604605.69,0,37.43,3.957,137.7970968,4.125,2012,4,April,Q2,14,2012-04,Non-Holiday,1.6046056899999999
23,2012-04-13,1231752.54,0,41.81,4.025,137.868,4.125,2012,4,April,Q2,15,2012-04,Non-Holiday,1.23175254
23,2012-04-20,1287899.41,0,56.55,4.046,137.9230667,4.125,2012,4,April,Q2,16,2012-04,Non-Holiday,1.2878994099999999
23,2012-04-27,1277758.76,0,44.62,4.023,137.9781333,4.125,2012,4,April,Q2,17,2012-04,Non-Holiday,1.27775876
23,2012-05-04,1317379.68,0,45.88,3.991,138.0332,4.125,2012,5,May,Q2,18,2012-05,Non-Holiday,1.31737968
23,2012-05-11,1321914.34,0,52.9,3.947,138.0882667,4.125,2012,5,May,Q2,19,2012-05,Non-Holiday,1.3219143400000002
23,2012-05-18,1332952.47,0,58.42,3.899,138.1065806,4.125,2012,5,May,Q2,20,2012-05,Non-Holiday,1.33295247
23,2012-05-25,1552934.64,0,66.43,3.85,138.1101935,4.125,2012,5,May,Q2,21,2012-05,Non-Holiday,1.55293464
23,2012-06-01,1476144.34,0,66.22,3.798,138.1138065,4.125,2012,6,June,Q2,22,2012-06,Non-Holiday,1.47614434
23,2012-06-08,1568048.54,0,56.82,3.746,138.1174194,4.125,2012,6,June,Q2,23,2012-06,Non-Holiday,1.56804854
23,2012-06-15,1543667.68,0,64.73,3.683,138.1295333,4.125,2012,6,June,Q2,24,2012-06,Non-Holiday,1.54366768
23,2012-06-22,1522042.57,0,71.82,3.629,138.1629,4.125,2012,6,June,Q2,25,2012-06,Non-Holiday,1.52204257
23,2012-06-29,1451782.16,0,64.23,3.577,138.1962667,4.125,2012,6,June,Q2,26,2012-06,Non-Holiday,1.4517821599999998
23,2012-07-06,1545370.16,0,70.86,3.538,138.2296333,4.156,2012,7,July,Q3,27,2012-07,Non-Holiday,1.5453701599999998
23,2012-07-13,1384921.63,0,69.19,3.561,138.263,4.156,2012,7,July,Q3,28,2012-07,Non-Holiday,1.3849216299999998
23,2012-07-20,1381339.23,0,71.13,3.61,138.2331935,4.156,2012,7,July,Q3,29,2012-07,Non-Holiday,1.38133923
23,2012-07-27,1322932.36,0,69.31,3.701,138.2033871,4.156,2012,7,July,Q3,30,2012-07,Non-Holiday,1.32293236
23,2012-08-03,1416926.31,0,71.51,3.698,138.1735806,4.156,2012,8,August,Q3,31,2012-08,Non-Holiday,1.41692631
23,2012-08-10,1436311.76,0,71.12,3.772,138.1437742,4.156,2012,8,August,Q3,32,2012-08,Non-Holiday,1.43631176
23,2012-08-17,1510131.45,0,69.97,3.84,138.1857097,4.156,2012,8,August,Q3,33,2012-08,Non-Holiday,1.51013145
23,2012-08-24,1702220.96,0,64.63,3.874,138.2814516,4.156,2012,8,August,Q3,34,2012-08,Non-Holiday,1.70222096
23,2012-08-31,1577468.78,0,68.34,3.884,138.3771935,4.156,2012,8,August,Q3,35,2012-08,Non-Holiday,1.57746878
23,2012-09-07,1427162.26,1,66.74,3.921,138.4729355,4.156,2012,9,September,Q3,36,2012-09,Holiday,1.42716226
23,2012-09-14,1279041.64,0,61.37,3.988,138.5673,4.156,2012,9,September,Q3,37,2012-09,Non-Holiday,1.27904164
23,2012-09-21,1338627.55,0,56.8,4.056,138.6534,4.156,2012,9,September,Q3,38,2012-09,Non-Holiday,1.33862755
23,2012-09-28,1319035.06,0,53.71,4.018,138.7395,4.156,2012,9,September,Q3,39,2012-09,Non-Holiday,1.31903506
23,2012-10-05,1464616.59,0,56.65,4.027,138.8256,4.145,2012,10,October,Q4,40,2012-10,Non-Holiday,1.46461659
23,2012-10-12,1412925.25,0,48.1,4.029,138.9117,4.145,2012,10,October,Q4,41,2012-10,Non-Holiday,1.41292525
23,2012-10-19,1363155.77,0,47.89,4.0,138.8336129,4.145,2012,10,October,Q4,42,2012-10,Non-Holiday,1.36315577
23,2012-10-26,1347454.59,0,50.56,3.917,138.7281613,4.145,2012,10,October,Q4,43,2012-10,Non-Holiday,1.3474545900000001
24,2010-02-05,1388725.63,0,22.43,2.954,131.5279032,8.326,2010,2,February,Q1,5,2010-02,Non-Holiday,1.38872563
24,2010-02-12,1414107.1,1,25.94,2.94,131.5866129,8.326,2010,2,February,Q1,6,2010-02,Holiday,1.4141071
24,2010-02-19,1385362.49,0,31.05,2.909,131.637,8.326,2010,2,February,Q1,7,2010-02,Non-Holiday,1.38536249
24,2010-02-26,1158722.74,0,33.98,2.91,131.686,8.326,2010,2,February,Q1,8,2010-02,Non-Holiday,1.15872274
24,2010-03-05,1412387.37,0,36.73,2.919,131.735,8.326,2010,3,March,Q1,9,2010-03,Non-Holiday,1.41238737
24,2010-03-12,1309340.16,0,42.31,2.938,131.784,8.326,2010,3,March,Q1,10,2010-03,Non-Holiday,1.3093401599999999
24,2010-03-19,1222511.29,0,46.09,2.96,131.8242903,8.326,2010,3,March,Q1,11,2010-03,Non-Holiday,1.2225112900000001
24,2010-03-26,1258311.56,0,48.87,2.963,131.863129,8.326,2010,3,March,Q1,12,2010-03,Non-Holiday,1.25831156
24,2010-04-02,1478321.26,0,45.22,2.957,131.9019677,8.211,2010,4,April,Q2,13,2010-04,Non-Holiday,1.47832126
24,2010-04-09,1379579.63,0,62.06,2.992,131.9408065,8.211,2010,4,April,Q2,14,2010-04,Non-Holiday,1.3795796299999998
24,2010-04-16,1268266.72,0,51.08,3.01,131.9809,8.211,2010,4,April,Q2,15,2010-04,Non-Holiday,1.26826672
24,2010-04-23,1264117.01,0,51.07,3.021,132.0226667,8.211,2010,4,April,Q2,16,2010-04,Non-Holiday,1.26411701
24,2010-04-30,1259877.19,0,51.48,3.042,132.0644333,8.211,2010,4,April,Q2,17,2010-04,Non-Holiday,1.2598771899999999
24,2010-05-07,1409705.03,0,66.65,3.095,132.1062,8.211,2010,5,May,Q2,18,2010-05,Non-Holiday,1.40970503
24,2010-05-14,1346783.35,0,51.31,3.112,132.152129,8.211,2010,5,May,Q2,19,2010-05,Non-Holiday,1.3467833500000002
24,2010-05-21,1283482.85,0,60.44,3.096,132.2230323,8.211,2010,5,May,Q2,20,2010-05,Non-Holiday,1.2834828500000002
24,2010-05-28,1473868.15,0,69.59,3.046,132.2939355,8.211,2010,5,May,Q2,21,2010-05,Non-Holiday,1.47386815
24,2010-06-04,1566668.91,0,71.99,3.006,132.3648387,8.211,2010,6,June,Q2,22,2010-06,Non-Holiday,1.56666891
24,2010-06-11,1375458.21,0,64.84,2.972,132.4357419,8.211,2010,6,June,Q2,23,2010-06,Non-Holiday,1.37545821
24,2010-06-18,1354168.18,0,67.17,2.942,132.4733333,8.211,2010,6,June,Q2,24,2010-06,Non-Holiday,1.3541681799999998
24,2010-06-25,1399073.75,0,74.9,2.958,132.4976,8.211,2010,6,June,Q2,25,2010-06,Non-Holiday,1.39907375
24,2010-07-02,1563387.94,0,71.12,2.958,132.5218667,8.117,2010,7,July,Q3,26,2010-07,Non-Holiday,1.56338794
24,2010-07-09,1665502.55,0,79.05,2.94,132.5461333,8.117,2010,7,July,Q3,27,2010-07,Non-Holiday,1.66550255
24,2010-07-16,1418697.05,0,76.56,2.933,132.5667742,8.117,2010,7,July,Q3,28,2010-07,Non-Holiday,1.41869705
24,2010-07-23,1333740.35,0,75.27,2.924,132.5825806,8.117,2010,7,July,Q3,29,2010-07,Non-Holiday,1.33374035
24,2010-07-30,1387517.63,0,75.91,2.932,132.5983871,8.117,2010,7,July,Q3,30,2010-07,Non-Holiday,1.3875176299999998
24,2010-08-06,1442819.28,0,74.54,2.942,132.6141935,8.117,2010,8,August,Q3,31,2010-08,Non-Holiday,1.44281928
24,2010-08-13,1384243.75,0,74.17,2.923,132.63,8.117,2010,8,August,Q3,32,2010-08,Non-Holiday,1.38424375
24,2010-08-20,1375307.54,0,72.17,2.913,132.6616129,8.117,2010,8,August,Q3,33,2010-08,Non-Holiday,1.37530754
24,2010-08-27,1350059.35,0,67.0,2.885,132.6932258,8.117,2010,8,August,Q3,34,2010-08,Non-Holiday,1.35005935
24,2010-09-03,1366381.6,0,73.52,2.86,132.7248387,8.117,2010,9,September,Q3,35,2010-09,Non-Holiday,1.3663816000000002
24,2010-09-10,1474498.59,1,67.11,2.837,132.7564516,8.117,2010,9,September,Q3,36,2010-09,Holiday,1.47449859
24,2010-09-17,1273295.46,0,60.31,2.846,132.7670667,8.117,2010,9,September,Q3,37,2010-09,Non-Holiday,1.27329546
24,2010-09-24,1169413.27,0,64.3,2.837,132.7619333,8.117,2010,9,September,Q3,38,2010-09,Non-Holiday,1.16941327
24,2010-10-01,1215273.2,0,66.88,2.84,132.7568,8.275,2010,10,October,Q4,39,2010-10,Non-Holiday,1.2152732
24,2010-10-08,1361944.94,0,54.82,2.903,132.7516667,8.275,2010,10,October,Q4,40,2010-10,Non-Holiday,1.3619449399999999
24,2010-10-15,1300806.74,0,52.83,2.999,132.7633548,8.275,2010,10,October,Q4,41,2010-10,Non-Holiday,1.30080674
24,2010-10-22,1234875.33,0,48.69,3.049,132.8170968,8.275,2010,10,October,Q4,42,2010-10,Non-Holiday,1.2348753300000002
24,2010-10-29,1244925.94,0,57.29,3.055,132.8708387,8.275,2010,10,October,Q4,43,2010-10,Non-Holiday,1.24492594
24,2010-11-05,1285358.01,0,42.2,3.049,132.9245806,8.275,2010,11,November,Q4,44,2010-11,Non-Holiday,1.28535801
24,2010-11-12,1312877.01,0,41.76,3.065,132.9783226,8.275,2010,11,November,Q4,45,2010-11,Non-Holiday,1.31287701
24,2010-11-19,1277150.6,0,45.63,3.138,132.9172,8.275,2010,11,November,Q4,46,2010-11,Non-Holiday,1.2771506000000001
24,2010-11-26,1779276.51,1,41.92,3.186,132.8369333,8.275,2010,11,November,Q4,47,2010-11,Holiday,1.77927651
24,2010-12-03,1413302.7,0,37.08,3.2,132.7566667,8.275,2010,12,December,Q4,48,2010-12,Non-Holiday,1.4133027
24,2010-12-10,1593012.75,0,27.11,3.255,132.6764,8.275,2010,12,December,Q4,49,2010-12,Non-Holiday,1.59301275
24,2010-12-17,1663525.77,0,27.99,3.301,132.6804516,8.275,2010,12,December,Q4,50,2010-12,Non-Holiday,1.6635257700000001
24,2010-12-24,2386015.75,0,27.74,3.309,132.7477419,8.275,2010,12,December,Q4,51,2010-12,Non-Holiday,2.38601575
24,2010-12-31,1208600.05,1,25.9,3.336,132.8150323,8.275,2010,12,December,Q4,52,2010-12,Holiday,1.20860005
24,2011-01-07,1178641.71,0,30.72,3.351,132.8823226,8.252,2011,1,January,Q1,1,2011-01,Non-Holiday,1.17864171
24,2011-01-14,1167740.2,0,22.41,3.367,132.9510645,8.252,2011,1,January,Q1,2,2011-01,Non-Holiday,1.1677402
24,2011-01-21,1107170.39,0,23.69,3.391,133.0285161,8.252,2011,1,January,Q1,3,2011-01,Non-Holiday,1.1071703899999998
24,2011-01-28,1126921.34,0,17.91,3.402,133.1059677,8.252,2011,1,January,Q1,4,2011-01,Non-Holiday,1.12692134
24,2011-02-04,1225182.04,0,23.83,3.4,133.1834194,8.252,2011,2,February,Q1,5,2011-02,Non-Holiday,1.22518204
24,2011-02-11,1341240.62,1,26.51,3.416,133.260871,8.252,2011,2,February,Q1,6,2011-02,Holiday,1.3412406200000002
24,2011-02-18,1360150.12,0,34.04,3.42,133.3701429,8.252,2011,2,February,Q1,7,2011-02,Non-Holiday,1.3601501200000001
24,2011-02-25,1235121.33,0,26.09,3.452,133.4921429,8.252,2011,2,February,Q1,8,2011-02,Non-Holiday,1.2351213300000001
24,2011-03-04,1346994.53,0,31.36,3.605,133.6141429,8.252,2011,3,March,Q1,9,2011-03,Non-Holiday,1.3469945300000001
24,2011-03-11,1253218.7,0,39.51,3.752,133.7361429,8.252,2011,3,March,Q1,10,2011-03,Non-Holiday,1.2532187
24,2011-03-18,1168397.26,0,43.39,3.796,133.8492258,8.252,2011,3,March,Q1,11,2011-03,Non-Holiday,1.16839726
24,2011-03-25,1158693.12,0,36.88,3.789,133.9587419,8.252,2011,3,March,Q1,12,2011-03,Non-Holiday,1.1586931200000001
24,2011-04-01,1163803.3,0,35.73,3.811,134.0682581,8.212,2011,4,April,Q2,13,2011-04,Non-Holiday,1.1638033
24,2011-04-08,1273670.32,0,44.7,3.895,134.1777742,8.212,2011,4,April,Q2,14,2011-04,Non-Holiday,1.2736703200000001
24,2011-04-15,1245576.65,0,52.36,3.981,134.2784667,8.212,2011,4,April,Q2,15,2011-04,Non-Holiday,1.2455766499999998
24,2011-04-22,1372484.9,0,46.0,4.061,134.3571,8.212,2011,4,April,Q2,16,2011-04,Non-Holiday,1.3724849
24,2011-04-29,1197761.17,0,60.48,4.117,134.4357333,8.212,2011,4,April,Q2,17,2011-04,Non-Holiday,1.19776117
24,2011-05-06,1339630.35,0,55.75,4.192,134.5143667,8.212,2011,5,May,Q2,18,2011-05,Non-Holiday,1.3396303500000002
24,2011-05-13,1311950.16,0,58.49,4.211,134.593,8.212,2011,5,May,Q2,19,2011-05,Non-Holiday,1.3119501599999999
24,2011-05-20,1234281.7,0,59.84,4.202,134.6803871,8.212,2011,5,May,Q2,20,2011-05,Non-Holiday,1.2342817
24,2011-05-27,1311153.72,0,65.74,4.134,134.7677742,8.212,2011,5,May,Q2,21,2011-05,Non-Holiday,1.31115372
24,2011-06-03,1554837.62,0,73.12,4.069,134.8551613,8.212,2011,6,June,Q2,22,2011-06,Non-Holiday,1.55483762
24,2011-06-10,1373841.91,0,70.02,4.025,134.9425484,8.212,2011,6,June,Q2,23,2011-06,Non-Holiday,1.3738419099999999
24,2011-06-17,1320359.23,0,64.34,3.989,135.0837333,8.212,2011,6,June,Q2,24,2011-06,Non-Holiday,1.32035923
24,2011-06-24,1304850.67,0,68.88,3.964,135.2652667,8.212,2011,6,June,Q2,25,2011-06,Non-Holiday,1.30485067
24,2011-07-01,1445596.61,0,70.27,3.916,135.4468,8.358,2011,7,July,Q3,26,2011-07,Non-Holiday,1.4455966100000002
24,2011-07-08,1567340.07,0,72.56,3.886,135.6283333,8.358,2011,7,July,Q3,27,2011-07,Non-Holiday,1.56734007
24,2011-07-15,1356938.95,0,74.43,3.915,135.7837419,8.358,2011,7,July,Q3,28,2011-07,Non-Holiday,1.35693895
24,2011-07-22,1357672.24,0,79.29,3.972,135.8738387,8.358,2011,7,July,Q3,29,2011-07,Non-Holiday,1.35767224
24,2011-07-29,1310973.06,0,74.84,4.004,135.9639355,8.358,2011,7,July,Q3,30,2011-07,Non-Holiday,1.31097306
24,2011-08-05,1417616.81,0,74.64,4.02,136.0540323,8.358,2011,8,August,Q3,31,2011-08,Non-Holiday,1.41761681
24,2011-08-12,1402818.01,0,72.52,3.995,136.144129,8.358,2011,8,August,Q3,32,2011-08,Non-Holiday,1.40281801
24,2011-08-19,1352039.88,0,69.93,3.942,136.183129,8.358,2011,8,August,Q3,33,2011-08,Non-Holiday,1.35203988
24,2011-08-26,1402372.09,0,69.94,3.906,136.2136129,8.358,2011,8,August,Q3,34,2011-08,Non-Holiday,1.40237209
24,2011-09-02,1196105.44,0,68.14,3.879,136.2440968,8.358,2011,9,September,Q3,35,2011-09,Non-Holiday,1.19610544
24,2011-09-09,1527455.19,1,68.32,3.93,136.2745806,8.358,2011,9,September,Q3,36,2011-09,Holiday,1.52745519
24,2011-09-16,1227535.97,0,65.56,3.937,136.3145,8.358,2011,9,September,Q3,37,2011-09,Non-Holiday,1.22753597
24,2011-09-23,1232376.49,0,60.61,3.899,136.367,8.358,2011,9,September,Q3,38,2011-09,Non-Holiday,1.23237649
24,2011-09-30,1246242.61,0,68.0,3.858,136.4195,8.358,2011,9,September,Q3,39,2011-09,Non-Holiday,1.2462426100000001
24,2011-10-07,1405914.39,0,53.87,3.775,136.472,8.454,2011,10,October,Q4,40,2011-10,Non-Holiday,1.40591439
24,2011-10-14,1333315.03,0,60.21,3.744,136.5150968,8.454,2011,10,October,Q4,41,2011-10,Non-Holiday,1.33331503
24,2011-10-21,1283563.43,0,56.6,3.757,136.5017742,8.454,2011,10,October,Q4,42,2011-10,Non-Holiday,1.2835634299999998
24,2011-10-28,1307142.75,0,48.0,3.757,136.4884516,8.454,2011,10,October,Q4,43,2011-10,Non-Holiday,1.30714275
24,2011-11-04,1385860.38,0,39.87,3.738,136.475129,8.454,2011,11,November,Q4,44,2011-11,Non-Holiday,1.3858603799999998
24,2011-11-11,1425078.59,0,46.78,3.719,136.4618065,8.454,2011,11,November,Q4,45,2011-11,Non-Holiday,1.42507859
24,2011-11-18,1297535.69,0,48.17,3.717,136.4666667,8.454,2011,11,November,Q4,46,2011-11,Non-Holiday,1.29753569
24,2011-11-25,1761235.67,1,41.83,3.689,136.4788,8.454,2011,11,November,Q4,47,2011-11,Holiday,1.76123567
24,2011-12-02,1335647.1,0,47.21,3.666,136.4909333,8.454,2011,12,December,Q4,48,2011-12,Non-Holiday,1.3356471
24,2011-12-09,1529615.54,0,42.3,3.627,136.5030667,8.454,2011,12,December,Q4,49,2011-12,Non-Holiday,1.52961554
24,2011-12-16,1624994.43,0,36.0,3.611,136.5335161,8.454,2011,12,December,Q4,50,2011-12,Non-Holiday,1.6249944299999999
24,2011-12-23,2168344.23,0,36.93,3.587,136.5883871,8.454,2011,12,December,Q4,51,2011-12,Non-Holiday,2.1683442299999998
24,2011-12-30,1363973.16,1,33.45,3.566,136.6432581,8.454,2011,12,December,Q4,52,2011-12,Holiday,1.36397316
24,2012-01-06,1251581.89,0,32.86,3.585,136.698129,8.659,2012,1,January,Q1,1,2012-01,Non-Holiday,1.25158189
24,2012-01-13,1155594.2,0,36.5,3.666,136.753,8.659,2012,1,January,Q1,2,2012-01,Non-Holiday,1.1555942
24,2012-01-20,1151993.85,0,25.73,3.705,136.8564194,8.659,2012,1,January,Q1,3,2012-01,Non-Holiday,1.15199385
24,2012-01-27,1057290.41,0,31.92,3.737,136.9598387,8.659,2012,1,January,Q1,4,2012-01,Non-Holiday,1.05729041
24,2012-02-03,1249696.97,0,38.61,3.796,137.0632581,8.659,2012,2,February,Q1,5,2012-02,Non-Holiday,1.24969697
24,2012-02-10,1403460.87,1,33.82,3.826,137.1666774,8.659,2012,2,February,Q1,6,2012-02,Holiday,1.4034608700000002
24,2012-02-17,1326370.08,0,33.92,3.874,137.2583103,8.659,2012,2,February,Q1,7,2012-02,Non-Holiday,1.32637008
24,2012-02-24,1303233.15,0,37.35,3.917,137.3411034,8.659,2012,2,February,Q1,8,2012-02,Non-Holiday,1.3032331499999998
24,2012-03-02,1213994.39,0,35.36,3.983,137.4238966,8.659,2012,3,March,Q1,9,2012-03,Non-Holiday,1.2139943899999999
24,2012-03-09,1325835.7,0,41.5,4.021,137.5066897,8.659,2012,3,March,Q1,10,2012-03,Non-Holiday,1.3258357
24,2012-03-16,1239299.12,0,48.68,4.021,137.5843871,8.659,2012,3,March,Q1,11,2012-03,Non-Holiday,1.23929912
24,2012-03-23,1221723.94,0,59.51,4.054,137.6552903,8.659,2012,3,March,Q1,12,2012-03,Non-Holiday,1.22172394
24,2012-03-30,1230106.13,0,47.28,4.098,137.7261935,8.659,2012,3,March,Q1,13,2012-03,Non-Holiday,1.2301061299999998
24,2012-04-06,1524734.29,0,45.25,4.143,137.7970968,8.983,2012,4,April,Q2,14,2012-04,Non-Holiday,1.52473429
24,2012-04-13,1285783.87,0,48.65,4.187,137.868,8.983,2012,4,April,Q2,15,2012-04,Non-Holiday,1.2857838700000002
24,2012-04-20,1208654.4,0,61.05,4.17,137.9230667,8.983,2012,4,April,Q2,16,2012-04,Non-Holiday,1.2086544
24,2012-04-27,1194334.65,0,49.26,4.163,137.9781333,8.983,2012,4,April,Q2,17,2012-04,Non-Holiday,1.1943346499999998
24,2012-05-04,1306551.71,0,52.14,4.124,138.0332,8.983,2012,5,May,Q2,18,2012-05,Non-Holiday,1.30655171
24,2012-05-11,1355391.79,0,58.7,4.055,138.0882667,8.983,2012,5,May,Q2,19,2012-05,Non-Holiday,1.35539179
24,2012-05-18,1298809.8,0,63.1,4.029,138.1065806,8.983,2012,5,May,Q2,20,2012-05,Non-Holiday,1.2988098000000001
24,2012-05-25,1407897.57,0,65.79,3.979,138.1101935,8.983,2012,5,May,Q2,21,2012-05,Non-Holiday,1.40789757
24,2012-06-01,1467722.19,0,71.79,3.915,138.1138065,8.983,2012,6,June,Q2,22,2012-06,Non-Holiday,1.46772219
24,2012-06-08,1406313.13,0,59.93,3.871,138.1174194,8.983,2012,6,June,Q2,23,2012-06,Non-Holiday,1.4063131299999998
24,2012-06-15,1364445.98,0,68.28,3.786,138.1295333,8.983,2012,6,June,Q2,24,2012-06,Non-Holiday,1.36444598
24,2012-06-22,1434709.63,0,72.29,3.722,138.1629,8.983,2012,6,June,Q2,25,2012-06,Non-Holiday,1.43470963
24,2012-06-29,1428869.9,0,70.4,3.667,138.1962667,8.983,2012,6,June,Q2,26,2012-06,Non-Holiday,1.4288698999999998
24,2012-07-06,1645097.75,0,77.18,3.646,138.2296333,8.953,2012,7,July,Q3,27,2012-07,Non-Holiday,1.64509775
24,2012-07-13,1405475.78,0,75.36,3.689,138.263,8.953,2012,7,July,Q3,28,2012-07,Non-Holiday,1.40547578
24,2012-07-20,1394299.0,0,76.42,3.732,138.2331935,8.953,2012,7,July,Q3,29,2012-07,Non-Holiday,1.394299
24,2012-07-27,1307339.14,0,73.62,3.82,138.2033871,8.953,2012,7,July,Q3,30,2012-07,Non-Holiday,1.3073391399999998
24,2012-08-03,1440374.13,0,73.26,3.819,138.1735806,8.953,2012,8,August,Q3,31,2012-08,Non-Holiday,1.44037413
24,2012-08-10,1497054.81,0,75.53,3.863,138.1437742,8.953,2012,8,August,Q3,32,2012-08,Non-Holiday,1.49705481
24,2012-08-17,1397970.54,0,72.87,3.963,138.1857097,8.953,2012,8,August,Q3,33,2012-08,Non-Holiday,1.39797054
24,2012-08-24,1303726.54,0,68.13,3.997,138.2814516,8.953,2012,8,August,Q3,34,2012-08,Non-Holiday,1.30372654
24,2012-08-31,1344558.92,0,71.18,4.026,138.3771935,8.953,2012,8,August,Q3,35,2012-08,Non-Holiday,1.3445589199999999
24,2012-09-07,1477134.75,1,72.81,4.076,138.4729355,8.953,2012,9,September,Q3,36,2012-09,Holiday,1.47713475
24,2012-09-14,1242909.53,0,64.28,4.088,138.5673,8.953,2012,9,September,Q3,37,2012-09,Non-Holiday,1.24290953
24,2012-09-21,1261158.47,0,61.25,4.203,138.6534,8.953,2012,9,September,Q3,38,2012-09,Non-Holiday,1.26115847
24,2012-09-28,1259278.36,0,58.86,4.158,138.7395,8.953,2012,9,September,Q3,39,2012-09,Non-Holiday,1.2592783600000002
24,2012-10-05,1416720.54,0,60.35,4.151,138.8256,8.693,2012,10,October,Q4,40,2012-10,Non-Holiday,1.41672054
24,2012-10-12,1416301.17,0,51.64,4.186,138.9117,8.693,2012,10,October,Q4,41,2012-10,Non-Holiday,1.4163011699999999
24,2012-10-19,1255414.84,0,52.59,4.153,138.8336129,8.693,2012,10,October,Q4,42,2012-10,Non-Holiday,1.25541484
24,2012-10-26,1307182.29,0,55.16,4.071,138.7281613,8.693,2012,10,October,Q4,43,2012-10,Non-Holiday,1.30718229
25,2010-02-05,677231.63,0,21.1,2.784,204.2471935,8.187,2010,2,February,Q1,5,2010-02,Non-Holiday,0.67723163
25,2010-02-12,583364.02,1,19.64,2.773,204.3857472,8.187,2010,2,February,Q1,6,2010-02,Holiday,0.58336402
25,2010-02-19,676260.67,0,24.16,2.745,204.4321004,8.187,2010,2,February,Q1,7,2010-02,Non-Holiday,0.67626067
25,2010-02-26,628516.57,0,29.16,2.754,204.4630869,8.187,2010,2,February,Q1,8,2010-02,Non-Holiday,0.6285165699999999
25,2010-03-05,665750.06,0,29.45,2.777,204.4940734,8.187,2010,3,March,Q1,9,2010-03,Non-Holiday,0.66575006
25,2010-03-12,660619.99,0,40.05,2.818,204.5250598,8.187,2010,3,March,Q1,10,2010-03,Non-Holiday,0.66061999
25,2010-03-19,659795.84,0,45.0,2.844,204.3782258,8.187,2010,3,March,Q1,11,2010-03,Non-Holiday,0.65979584
25,2010-03-26,696687.6,0,45.84,2.854,204.201755,8.187,2010,3,March,Q1,12,2010-03,Non-Holiday,0.6966876
25,2010-04-02,822486.37,0,47.2,2.85,204.0252842,7.856,2010,4,April,Q2,13,2010-04,Non-Holiday,0.82248637
25,2010-04-09,712647.97,0,61.36,2.869,203.8488134,7.856,2010,4,April,Q2,14,2010-04,Non-Holiday,0.71264797
25,2010-04-16,715311.6,0,52.16,2.899,203.7307486,7.856,2010,4,April,Q2,15,2010-04,Non-Holiday,0.7153115999999999
25,2010-04-23,694531.72,0,46.12,2.902,203.6905586,7.856,2010,4,April,Q2,16,2010-04,Non-Holiday,0.69453172
25,2010-04-30,706924.02,0,50.97,2.921,203.6503685,7.856,2010,4,April,Q2,17,2010-04,Non-Holiday,0.70692402
25,2010-05-07,724468.97,0,63.67,2.966,203.6101784,7.856,2010,5,May,Q2,18,2010-05,Non-Holiday,0.72446897
25,2010-05-14,698073.95,0,50.27,2.982,203.6133915,7.856,2010,5,May,Q2,19,2010-05,Non-Holiday,0.6980739499999999
25,2010-05-21,704113.22,0,57.17,2.958,203.8770235,7.856,2010,5,May,Q2,20,2010-05,Non-Holiday,0.70411322
25,2010-05-28,792442.54,0,69.31,2.899,204.1406556,7.856,2010,5,May,Q2,21,2010-05,Non-Holiday,0.79244254
25,2010-06-04,764155.44,0,69.22,2.847,204.4042877,7.856,2010,6,June,Q2,22,2010-06,Non-Holiday,0.7641554399999999
25,2010-06-11,737163.2,0,63.68,2.809,204.6679198,7.856,2010,6,June,Q2,23,2010-06,Non-Holiday,0.7371631999999999
25,2010-06-18,780444.94,0,69.56,2.78,204.670036,7.856,2010,6,June,Q2,24,2010-06,Non-Holiday,0.78044494
25,2010-06-25,737569.14,0,72.17,2.808,204.5675459,7.856,2010,6,June,Q2,25,2010-06,Non-Holiday,0.7375691400000001
25,2010-07-02,759407.87,0,66.42,2.815,204.4650559,7.527,2010,7,July,Q3,26,2010-07,Non-Holiday,0.75940787
25,2010-07-09,719591.13,0,75.24,2.793,204.3625658,7.527,2010,7,July,Q3,27,2010-07,Non-Holiday,0.71959113
25,2010-07-16,726997.84,0,73.43,2.783,204.3571656,7.527,2010,7,July,Q3,28,2010-07,Non-Holiday,0.72699784
25,2010-07-23,665290.93,0,75.37,2.771,204.4812188,7.527,2010,7,July,Q3,29,2010-07,Non-Holiday,0.6652909300000001
25,2010-07-30,682124.34,0,71.99,2.781,204.605272,7.527,2010,7,July,Q3,30,2010-07,Non-Holiday,0.68212434
25,2010-08-06,699464.43,0,71.79,2.784,204.7293252,7.527,2010,8,August,Q3,31,2010-08,Non-Holiday,0.69946443
25,2010-08-13,686072.39,0,72.73,2.805,204.8533784,7.527,2010,8,August,Q3,32,2010-08,Non-Holiday,0.68607239
25,2010-08-20,724499.81,0,71.81,2.779,204.8217044,7.527,2010,8,August,Q3,33,2010-08,Non-Holiday,0.7244998100000001
25,2010-08-27,711461.95,0,67.15,2.755,204.7900305,7.527,2010,8,August,Q3,34,2010-08,Non-Holiday,0.7114619499999999
25,2010-09-03,685700.08,0,71.17,2.715,204.7583566,7.527,2010,9,September,Q3,35,2010-09,Non-Holiday,0.6857000799999999
25,2010-09-10,655811.95,1,61.14,2.699,204.7266827,7.527,2010,9,September,Q3,36,2010-09,Holiday,0.6558119499999999
25,2010-09-17,628989.88,0,60.13,2.706,204.7513279,7.527,2010,9,September,Q3,37,2010-09,Non-Holiday,0.62898988
25,2010-09-24,607819.33,0,65.06,2.713,204.8182126,7.527,2010,9,September,Q3,38,2010-09,Non-Holiday,0.60781933
25,2010-10-01,658640.14,0,57.56,2.707,204.8850973,7.484,2010,10,October,Q4,39,2010-10,Non-Holiday,0.65864014
25,2010-10-08,674283.86,0,48.46,2.764,204.951982,7.484,2010,10,October,Q4,40,2010-10,Non-Holiday,0.67428386
25,2010-10-15,616094.72,0,54.09,2.868,205.0137637,7.484,2010,10,October,Q4,41,2010-10,Non-Holiday,0.61609472
25,2010-10-22,661644.19,0,46.73,2.917,205.0627881,7.484,2010,10,October,Q4,42,2010-10,Non-Holiday,0.66164419
25,2010-10-29,674458.03,0,55.72,2.921,205.1118126,7.484,2010,10,October,Q4,43,2010-10,Non-Holiday,0.67445803
25,2010-11-05,696314.53,0,38.8,2.917,205.160837,7.484,2010,11,November,Q4,44,2010-11,Non-Holiday,0.69631453
25,2010-11-12,713250.08,0,40.68,2.931,205.2098614,7.484,2010,11,November,Q4,45,2010-11,Non-Holiday,0.71325008
25,2010-11-19,718056.73,0,42.72,3.0,205.0992811,7.484,2010,11,November,Q4,46,2010-11,Non-Holiday,0.71805673
25,2010-11-26,1115240.61,1,43.43,3.039,204.9621,7.484,2010,11,November,Q4,47,2010-11,Holiday,1.11524061
25,2010-12-03,885572.96,0,32.41,3.046,204.8249189,7.484,2010,12,December,Q4,48,2010-12,Non-Holiday,0.88557296
25,2010-12-10,964729.18,0,22.65,3.109,204.6877378,7.484,2010,12,December,Q4,49,2010-12,Non-Holiday,0.9647291800000001
25,2010-12-17,1047707.59,0,21.6,3.14,204.6321194,7.484,2010,12,December,Q4,50,2010-12,Non-Holiday,1.04770759
25,2010-12-24,1295391.19,0,22.94,3.141,204.6376731,7.484,2010,12,December,Q4,51,2010-12,Non-Holiday,1.29539119
25,2010-12-31,623092.54,1,25.89,3.179,204.6432267,7.484,2010,12,December,Q4,52,2010-12,Holiday,0.62309254
25,2011-01-07,558794.63,0,29.0,3.193,204.6487803,7.343,2011,1,January,Q1,1,2011-01,Non-Holiday,0.55879463
25,2011-01-14,572360.83,0,18.3,3.205,204.7026042,7.343,2011,1,January,Q1,2,2011-01,Non-Holiday,0.5723608299999999
25,2011-01-21,568093.57,0,23.21,3.229,205.0460497,7.343,2011,1,January,Q1,3,2011-01,Non-Holiday,0.5680935699999999
25,2011-01-28,600448.69,0,18.92,3.237,205.3894952,7.343,2011,1,January,Q1,4,2011-01,Non-Holiday,0.6004486899999999
25,2011-02-04,639830.45,0,23.94,3.231,205.7329407,7.343,2011,2,February,Q1,5,2011-02,Non-Holiday,0.6398304499999999
25,2011-02-11,615666.78,1,21.18,3.239,206.0763862,7.343,2011,2,February,Q1,6,2011-02,Holiday,0.6156667800000001
25,2011-02-18,634637.03,0,38.42,3.245,206.3694701,7.343,2011,2,February,Q1,7,2011-02,Non-Holiday,0.63463703
25,2011-02-25,570816.34,0,28.36,3.274,206.6424093,7.343,2011,2,February,Q1,8,2011-02,Non-Holiday,0.5708163399999999
25,2011-03-04,640912.18,0,31.59,3.433,206.9153485,7.343,2011,3,March,Q1,9,2011-03,Non-Holiday,0.64091218
25,2011-03-11,599828.39,0,36.73,3.582,207.1882876,7.343,2011,3,March,Q1,10,2011-03,Non-Holiday,0.59982839
25,2011-03-18,603393.64,0,40.94,3.631,207.4283845,7.343,2011,3,March,Q1,11,2011-03,Non-Holiday,0.6033936400000001
25,2011-03-25,616324.24,0,38.51,3.625,207.6553444,7.343,2011,3,March,Q1,12,2011-03,Non-Holiday,0.61632424
25,2011-04-01,618377.79,0,28.5,3.638,207.8823043,7.287,2011,4,April,Q2,13,2011-04,Non-Holiday,0.61837779
25,2011-04-08,648606.13,0,42.11,3.72,208.1092642,7.287,2011,4,April,Q2,14,2011-04,Non-Holiday,0.64860613
25,2011-04-15,674562.45,0,51.43,3.821,208.3172811,7.287,2011,4,April,Q2,15,2011-04,Non-Holiday,0.6745624499999999
25,2011-04-22,756588.42,0,45.87,3.892,208.4779405,7.287,2011,4,April,Q2,16,2011-04,Non-Holiday,0.75658842
25,2011-04-29,649245.0,0,58.43,3.962,208.6386,7.287,2011,4,April,Q2,17,2011-04,Non-Holiday,0.649245
25,2011-05-06,659446.55,0,49.5,4.046,208.7992595,7.287,2011,5,May,Q2,18,2011-05,Non-Holiday,0.6594465500000001
25,2011-05-13,684783.15,0,60.1,4.066,208.9599189,7.287,2011,5,May,Q2,19,2011-05,Non-Holiday,0.68478315
25,2011-05-20,677971.33,0,56.56,4.062,208.7583165,7.287,2011,5,May,Q2,20,2011-05,Non-Holiday,0.67797133
25,2011-05-27,718373.94,0,67.18,3.985,208.556714,7.287,2011,5,May,Q2,21,2011-05,Non-Holiday,0.71837394
25,2011-06-03,737551.74,0,70.69,3.922,208.3551116,7.287,2011,6,June,Q2,22,2011-06,Non-Holiday,0.73755174
25,2011-06-10,740259.63,0,71.45,3.881,208.1535092,7.287,2011,6,June,Q2,23,2011-06,Non-Holiday,0.7402596300000001
25,2011-06-17,717373.43,0,63.58,3.842,208.1265604,7.287,2011,6,June,Q2,24,2011-06,Non-Holiday,0.7173734300000001
25,2011-06-24,699270.1,0,70.71,3.804,208.2306018,7.287,2011,6,June,Q2,25,2011-06,Non-Holiday,0.6992701
25,2011-07-01,706206.86,0,66.61,3.748,208.3346432,7.274,2011,7,July,Q3,26,2011-07,Non-Holiday,0.70620686
25,2011-07-08,698529.64,0,71.64,3.711,208.4386847,7.274,2011,7,July,Q3,27,2011-07,Non-Holiday,0.6985296400000001
25,2011-07-15,680510.23,0,72.67,3.76,208.5309337,7.274,2011,7,July,Q3,28,2011-07,Non-Holiday,0.68051023
25,2011-07-22,670854.96,0,78.1,3.811,208.5937018,7.274,2011,7,July,Q3,29,2011-07,Non-Holiday,0.67085496
25,2011-07-29,668390.82,0,74.72,3.829,208.6564699,7.274,2011,7,July,Q3,30,2011-07,Non-Holiday,0.6683908199999999
25,2011-08-05,679706.01,0,74.0,3.842,208.719238,7.274,2011,8,August,Q3,31,2011-08,Non-Holiday,0.67970601
25,2011-08-12,667130.48,0,70.93,3.812,208.7820061,7.274,2011,8,August,Q3,32,2011-08,Non-Holiday,0.66713048
25,2011-08-19,688958.75,0,68.09,3.747,208.8424359,7.274,2011,8,August,Q3,33,2011-08,Non-Holiday,0.68895875
25,2011-08-26,726422.55,0,66.8,3.704,208.902476,7.274,2011,8,August,Q3,34,2011-08,Non-Holiday,0.72642255
25,2011-09-02,699779.0,0,67.2,3.703,208.9625161,7.274,2011,9,September,Q3,35,2011-09,Non-Holiday,0.699779
25,2011-09-09,673248.48,1,67.51,3.738,209.0225562,7.274,2011,9,September,Q3,36,2011-09,Holiday,0.6732484799999999
25,2011-09-16,628720.46,0,62.05,3.742,209.1893892,7.274,2011,9,September,Q3,37,2011-09,Non-Holiday,0.6287204599999999
25,2011-09-23,620885.93,0,60.28,3.711,209.4986126,7.274,2011,9,September,Q3,38,2011-09,Non-Holiday,0.62088593
25,2011-09-30,639160.24,0,60.7,3.645,209.807836,7.274,2011,9,September,Q3,39,2011-09,Non-Holiday,0.63916024
25,2011-10-07,671522.87,0,50.82,3.583,210.1170595,7.082,2011,10,October,Q4,40,2011-10,Non-Holiday,0.67152287
25,2011-10-14,646915.47,0,58.95,3.541,210.4027602,7.082,2011,10,October,Q4,41,2011-10,Non-Holiday,0.6469154699999999
25,2011-10-21,690675.5,0,50.22,3.57,210.5473252,7.082,2011,10,October,Q4,42,2011-10,Non-Holiday,0.6906755
25,2011-10-28,724443.97,0,46.28,3.569,210.6918901,7.082,2011,10,October,Q4,43,2011-10,Non-Holiday,0.7244439699999999
25,2011-11-04,718393.61,0,40.88,3.551,210.8364551,7.082,2011,11,November,Q4,44,2011-11,Non-Holiday,0.71839361
25,2011-11-11,719235.07,0,44.81,3.53,210.9810201,7.082,2011,11,November,Q4,45,2011-11,Non-Holiday,0.71923507
25,2011-11-18,728525.6,0,46.41,3.53,211.1847207,7.082,2011,11,November,Q4,46,2011-11,Non-Holiday,0.7285256
25,2011-11-25,1116211.39,1,43.49,3.492,211.4120757,7.082,2011,11,November,Q4,47,2011-11,Holiday,1.11621139
25,2011-12-02,878314.57,0,42.85,3.452,211.6394306,7.082,2011,12,December,Q4,48,2011-12,Non-Holiday,0.8783145699999999
25,2011-12-09,916446.02,0,38.69,3.415,211.8667856,7.082,2011,12,December,Q4,49,2011-12,Non-Holiday,0.91644602
25,2011-12-16,997502.47,0,33.09,3.413,212.0685039,7.082,2011,12,December,Q4,50,2011-12,Non-Holiday,0.9975024699999999
25,2011-12-23,1290532.97,0,36.56,3.389,212.2360401,7.082,2011,12,December,Q4,51,2011-12,Non-Holiday,1.29053297
25,2011-12-30,683665.37,1,32.42,3.389,212.4035763,7.082,2011,12,December,Q4,52,2011-12,Holiday,0.68366537
25,2012-01-06,636419.12,0,30.23,3.422,212.5711125,6.961,2012,1,January,Q1,1,2012-01,Non-Holiday,0.63641912
25,2012-01-13,614764.31,0,34.6,3.513,212.7386486,6.961,2012,1,January,Q1,2,2012-01,Non-Holiday,0.6147643100000001
25,2012-01-20,594744.89,0,23.87,3.533,212.8336399,6.961,2012,1,January,Q1,3,2012-01,Non-Holiday,0.59474489
25,2012-01-27,589554.29,0,32.24,3.567,212.9286312,6.961,2012,1,January,Q1,4,2012-01,Non-Holiday,0.58955429
25,2012-02-03,642776.4,0,34.98,3.617,213.0236225,6.961,2012,2,February,Q1,5,2012-02,Non-Holiday,0.6427764
25,2012-02-10,658984.38,1,32.47,3.64,213.1186138,6.961,2012,2,February,Q1,6,2012-02,Holiday,0.65898438
25,2012-02-17,654088.02,0,32.23,3.695,213.2732106,6.961,2012,2,February,Q1,7,2012-02,Non-Holiday,0.65408802
25,2012-02-24,613501.05,0,35.51,3.739,213.4725116,6.961,2012,2,February,Q1,8,2012-02,Non-Holiday,0.61350105
25,2012-03-02,643155.89,0,36.01,3.816,213.6718127,6.961,2012,3,March,Q1,9,2012-03,Non-Holiday,0.6431558900000001
25,2012-03-09,643711.53,0,37.44,3.848,213.8711137,6.961,2012,3,March,Q1,10,2012-03,Non-Holiday,0.64371153
25,2012-03-16,638204.27,0,50.64,3.862,214.0167132,6.961,2012,3,March,Q1,11,2012-03,Non-Holiday,0.63820427
25,2012-03-23,672831.78,0,62.7,3.9,214.0907105,6.961,2012,3,March,Q1,12,2012-03,Non-Holiday,0.67283178
25,2012-03-30,684348.92,0,47.92,3.953,214.1647079,6.961,2012,3,March,Q1,13,2012-03,Non-Holiday,0.68434892
25,2012-04-06,791356.9,0,44.73,3.996,214.2387053,7.139,2012,4,April,Q2,14,2012-04,Non-Holiday,0.7913569
25,2012-04-13,658691.56,0,42.46,4.044,214.3127027,7.139,2012,4,April,Q2,15,2012-04,Non-Holiday,0.6586915600000001
25,2012-04-20,661566.48,0,57.1,4.027,214.3675045,7.139,2012,4,April,Q2,16,2012-04,Non-Holiday,0.66156648
25,2012-04-27,655157.32,0,44.2,4.004,214.4223063,7.139,2012,4,April,Q2,17,2012-04,Non-Holiday,0.6551573199999999
25,2012-05-04,696421.72,0,58.76,3.951,214.4771081,7.139,2012,5,May,Q2,18,2012-05,Non-Holiday,0.69642172
25,2012-05-11,739866.16,0,59.21,3.889,214.5319099,7.139,2012,5,May,Q2,19,2012-05,Non-Holiday,0.73986616
25,2012-05-18,717207.19,0,58.21,3.848,214.5485571,7.139,2012,5,May,Q2,20,2012-05,Non-Holiday,0.71720719
25,2012-05-25,783371.02,0,67.69,3.798,214.5499425,7.139,2012,5,May,Q2,21,2012-05,Non-Holiday,0.78337102
25,2012-06-01,694765.95,0,69.54,3.742,214.5513278,7.139,2012,6,June,Q2,22,2012-06,Non-Holiday,0.69476595
25,2012-06-08,730254.19,0,58.48,3.689,214.5527132,7.139,2012,6,June,Q2,23,2012-06,Non-Holiday,0.7302541899999999
25,2012-06-15,753860.89,0,68.34,3.62,214.5653243,7.139,2012,6,June,Q2,24,2012-06,Non-Holiday,0.75386089
25,2012-06-22,721601.9,0,73.52,3.564,214.606,7.139,2012,6,June,Q2,25,2012-06,Non-Holiday,0.7216019
25,2012-06-29,718890.81,0,69.84,3.506,214.6466757,7.139,2012,6,June,Q2,26,2012-06,Non-Holiday,0.7188908100000001
25,2012-07-06,753385.55,0,75.52,3.475,214.6873514,7.28,2012,7,July,Q3,27,2012-07,Non-Holiday,0.7533855500000001
25,2012-07-13,714093.95,0,73.87,3.523,214.728027,7.28,2012,7,July,Q3,28,2012-07,Non-Holiday,0.71409395
25,2012-07-20,685676.58,0,74.32,3.567,214.7331351,7.28,2012,7,July,Q3,29,2012-07,Non-Holiday,0.68567658
25,2012-07-27,659109.53,0,72.98,3.647,214.7382432,7.28,2012,7,July,Q3,30,2012-07,Non-Holiday,0.65910953
25,2012-08-03,709724.6,0,72.08,3.654,214.7433514,7.28,2012,8,August,Q3,31,2012-08,Non-Holiday,0.7097245999999999
25,2012-08-10,710496.97,0,71.93,3.722,214.7484595,7.28,2012,8,August,Q3,32,2012-08,Non-Holiday,0.71049697
25,2012-08-17,728467.72,0,66.99,3.807,214.825578,7.28,2012,8,August,Q3,33,2012-08,Non-Holiday,0.7284677199999999
25,2012-08-24,756527.64,0,64.53,3.834,214.9567044,7.28,2012,8,August,Q3,34,2012-08,Non-Holiday,0.7565276400000001
25,2012-08-31,714828.73,0,68.55,3.867,215.0878309,7.28,2012,8,August,Q3,35,2012-08,Non-Holiday,0.71482873
25,2012-09-07,671482.9,1,72.79,3.911,215.2189573,7.28,2012,9,September,Q3,36,2012-09,Holiday,0.6714829
25,2012-09-14,657241.63,0,60.9,3.948,215.3583757,7.28,2012,9,September,Q3,37,2012-09,Non-Holiday,0.65724163
25,2012-09-21,664745.2,0,57.6,4.038,215.5475459,7.28,2012,9,September,Q3,38,2012-09,Non-Holiday,0.6647451999999999
25,2012-09-28,683300.84,0,54.52,3.997,215.7367162,7.28,2012,9,September,Q3,39,2012-09,Non-Holiday,0.68330084
25,2012-10-05,699536.73,0,57.58,3.985,215.9258865,7.293,2012,10,October,Q4,40,2012-10,Non-Holiday,0.6995367299999999
25,2012-10-12,697317.41,0,43.74,4.0,216.1150568,7.293,2012,10,October,Q4,41,2012-10,Non-Holiday,0.69731741
25,2012-10-19,685531.85,0,51.93,3.969,216.1464699,7.293,2012,10,October,Q4,42,2012-10,Non-Holiday,0.6855318499999999
25,2012-10-26,688940.94,0,56.69,3.882,216.1515902,7.293,2012,10,October,Q4,43,2012-10,Non-Holiday,0.68894094
26,2010-02-05,1034119.21,0,9.55,2.788,131.5279032,8.488,2010,2,February,Q1,5,2010-02,Non-Holiday,1.03411921
26,2010-02-12,1015684.09,1,18.14,2.771,131.5866129,8.488,2010,2,February,Q1,6,2010-02,Holiday,1.01568409
26,2010-02-19,999348.55,0,22.62,2.747,131.637,8.488,2010,2,February,Q1,7,2010-02,Non-Holiday,0.99934855
26,2010-02-26,855385.01,0,27.32,2.753,131.686,8.488,2010,2,February,Q1,8,2010-02,Non-Holiday,0.85538501
26,2010-03-05,1005669.58,0,28.6,2.766,131.735,8.488,2010,3,March,Q1,9,2010-03,Non-Holiday,1.00566958
26,2010-03-12,963382.09,0,31.1,2.805,131.784,8.488,2010,3,March,Q1,10,2010-03,Non-Holiday,0.96338209
26,2010-03-19,903366.55,0,35.34,2.834,131.8242903,8.488,2010,3,March,Q1,11,2010-03,Non-Holiday,0.9033665500000001
26,2010-03-26,893613.0,0,35.26,2.831,131.863129,8.488,2010,3,March,Q1,12,2010-03,Non-Holiday,0.893613
26,2010-04-02,1029849.2,0,36.53,2.826,131.9019677,8.512,2010,4,April,Q2,13,2010-04,Non-Holiday,1.0298492
26,2010-04-09,1022293.81,0,50.13,2.849,131.9408065,8.512,2010,4,April,Q2,14,2010-04,Non-Holiday,1.02229381
26,2010-04-16,905548.38,0,36.6,2.885,131.9809,8.512,2010,4,April,Q2,15,2010-04,Non-Holiday,0.90554838
26,2010-04-23,881930.87,0,39.68,2.895,132.0226667,8.512,2010,4,April,Q2,16,2010-04,Non-Holiday,0.88193087
26,2010-04-30,904503.85,0,40.56,2.935,132.0644333,8.512,2010,4,April,Q2,17,2010-04,Non-Holiday,0.90450385
26,2010-05-07,1074479.73,0,54.72,2.981,132.1062,8.512,2010,5,May,Q2,18,2010-05,Non-Holiday,1.07447973
26,2010-05-14,972663.59,0,39.08,2.983,132.152129,8.512,2010,5,May,Q2,19,2010-05,Non-Holiday,0.97266359
26,2010-05-21,986765.01,0,50.81,2.961,132.2230323,8.512,2010,5,May,Q2,20,2010-05,Non-Holiday,0.98676501
26,2010-05-28,1069851.59,0,61.65,2.906,132.2939355,8.512,2010,5,May,Q2,21,2010-05,Non-Holiday,1.06985159
26,2010-06-04,1003202.66,0,58.46,2.857,132.3648387,8.512,2010,6,June,Q2,22,2010-06,Non-Holiday,1.0032026600000001
26,2010-06-11,1073862.59,0,51.62,2.83,132.4357419,8.512,2010,6,June,Q2,23,2010-06,Non-Holiday,1.07386259
26,2010-06-18,1001286.67,0,53.62,2.805,132.4733333,8.512,2010,6,June,Q2,24,2010-06,Non-Holiday,1.00128667
26,2010-06-25,976242.09,0,63.78,2.81,132.4976,8.512,2010,6,June,Q2,25,2010-06,Non-Holiday,0.97624209
26,2010-07-02,1078455.48,0,58.9,2.815,132.5218667,8.445,2010,7,July,Q3,26,2010-07,Non-Holiday,1.07845548
26,2010-07-09,1122356.53,0,71.08,2.806,132.5461333,8.445,2010,7,July,Q3,27,2010-07,Non-Holiday,1.12235653
26,2010-07-16,1028151.72,0,67.66,2.796,132.5667742,8.445,2010,7,July,Q3,28,2010-07,Non-Holiday,1.0281517199999999
26,2010-07-23,971615.62,0,65.4,2.784,132.5825806,8.445,2010,7,July,Q3,29,2010-07,Non-Holiday,0.97161562
26,2010-07-30,1005324.28,0,63.79,2.792,132.5983871,8.445,2010,7,July,Q3,30,2010-07,Non-Holiday,1.00532428
26,2010-08-06,1125329.77,0,62.93,2.792,132.6141935,8.445,2010,8,August,Q3,31,2010-08,Non-Holiday,1.12532977
26,2010-08-13,1011938.29,0,61.58,2.81,132.63,8.445,2010,8,August,Q3,32,2010-08,Non-Holiday,1.01193829
26,2010-08-20,1007385.36,0,62.68,2.796,132.6616129,8.445,2010,8,August,Q3,33,2010-08,Non-Holiday,1.00738536
26,2010-08-27,977322.52,0,57.23,2.77,132.6932258,8.445,2010,8,August,Q3,34,2010-08,Non-Holiday,0.97732252
26,2010-09-03,1037549.71,0,66.93,2.735,132.7248387,8.445,2010,9,September,Q3,35,2010-09,Non-Holiday,1.03754971
26,2010-09-10,1042226.3,1,54.82,2.717,132.7564516,8.445,2010,9,September,Q3,36,2010-09,Holiday,1.0422263
26,2010-09-17,923473.7,0,50.08,2.716,132.7670667,8.445,2010,9,September,Q3,37,2010-09,Non-Holiday,0.9234737
26,2010-09-24,868636.3,0,52.47,2.718,132.7619333,8.445,2010,9,September,Q3,38,2010-09,Non-Holiday,0.8686363
26,2010-10-01,923221.52,0,57.8,2.717,132.7568,8.149,2010,10,October,Q4,39,2010-10,Non-Holiday,0.92322152
26,2010-10-08,1001069.52,0,46.81,2.776,132.7516667,8.149,2010,10,October,Q4,40,2010-10,Non-Holiday,1.00106952
26,2010-10-15,937956.89,0,39.93,2.878,132.7633548,8.149,2010,10,October,Q4,41,2010-10,Non-Holiday,0.93795689
26,2010-10-22,916522.66,0,36.13,2.919,132.8170968,8.149,2010,10,October,Q4,42,2010-10,Non-Holiday,0.91652266
26,2010-10-29,895069.88,0,40.3,2.938,132.8708387,8.149,2010,10,October,Q4,43,2010-10,Non-Holiday,0.89506988
26,2010-11-05,970224.51,0,30.51,2.938,132.9245806,8.149,2010,11,November,Q4,44,2010-11,Non-Holiday,0.97022451
26,2010-11-12,971193.01,0,37.51,2.961,132.9783226,8.149,2010,11,November,Q4,45,2010-11,Non-Holiday,0.97119301
26,2010-11-19,901972.7,0,36.73,3.03,132.9172,8.149,2010,11,November,Q4,46,2010-11,Non-Holiday,0.9019727
26,2010-11-26,1286833.62,1,28.11,3.07,132.8369333,8.149,2010,11,November,Q4,47,2010-11,Holiday,1.2868336200000001
26,2010-12-03,1016143.64,0,27.73,3.065,132.7566667,8.149,2010,12,December,Q4,48,2010-12,Non-Holiday,1.01614364
26,2010-12-10,1149612.04,0,16.6,3.132,132.6764,8.149,2010,12,December,Q4,49,2010-12,Non-Holiday,1.14961204
26,2010-12-17,1196813.33,0,20.61,3.139,132.6804516,8.149,2010,12,December,Q4,50,2010-12,Non-Holiday,1.1968133300000001
26,2010-12-24,1573982.47,0,21.81,3.15,132.7477419,8.149,2010,12,December,Q4,51,2010-12,Non-Holiday,1.57398247
26,2010-12-31,877268.29,1,18.73,3.177,132.8150323,8.149,2010,12,December,Q4,52,2010-12,Holiday,0.8772682900000001
26,2011-01-07,938149.21,0,21.13,3.193,132.8823226,7.907,2011,1,January,Q1,1,2011-01,Non-Holiday,0.93814921
26,2011-01-14,812323.29,0,16.7,3.215,132.9510645,7.907,2011,1,January,Q1,2,2011-01,Non-Holiday,0.81232329
26,2011-01-21,809833.21,0,12.98,3.232,133.0285161,7.907,2011,1,January,Q1,3,2011-01,Non-Holiday,0.80983321
26,2011-01-28,817485.14,0,5.54,3.243,133.1059677,7.907,2011,1,January,Q1,4,2011-01,Non-Holiday,0.81748514
26,2011-02-04,911807.02,0,11.17,3.24,133.1834194,7.907,2011,2,February,Q1,5,2011-02,Non-Holiday,0.91180702
26,2011-02-11,1010711.08,1,15.12,3.255,133.260871,7.907,2011,2,February,Q1,6,2011-02,Holiday,1.0107110799999999
26,2011-02-18,981978.02,0,19.63,3.263,133.3701429,7.907,2011,2,February,Q1,7,2011-02,Non-Holiday,0.98197802
26,2011-02-25,910298.44,0,16.3,3.281,133.4921429,7.907,2011,2,February,Q1,8,2011-02,Non-Holiday,0.9102984399999999
26,2011-03-04,945643.17,0,14.31,3.437,133.6141429,7.907,2011,3,March,Q1,9,2011-03,Non-Holiday,0.9456431700000001
26,2011-03-11,946614.55,0,28.13,3.6,133.7361429,7.907,2011,3,March,Q1,10,2011-03,Non-Holiday,0.94661455
26,2011-03-18,887426.12,0,31.76,3.634,133.8492258,7.907,2011,3,March,Q1,11,2011-03,Non-Holiday,0.88742612
26,2011-03-25,866566.54,0,22.99,3.624,133.9587419,7.907,2011,3,March,Q1,12,2011-03,Non-Holiday,0.86656654
26,2011-04-01,849231.61,0,22.99,3.638,134.0682581,7.818,2011,4,April,Q2,13,2011-04,Non-Holiday,0.84923161
26,2011-04-08,985229.81,0,29.09,3.72,134.1777742,7.818,2011,4,April,Q2,14,2011-04,Non-Holiday,0.9852298100000001
26,2011-04-15,863266.12,0,39.46,3.823,134.2784667,7.818,2011,4,April,Q2,15,2011-04,Non-Holiday,0.86326612
26,2011-04-22,921700.61,0,33.81,3.919,134.3571,7.818,2011,4,April,Q2,16,2011-04,Non-Holiday,0.92170061
26,2011-04-29,873450.29,0,47.17,3.988,134.4357333,7.818,2011,4,April,Q2,17,2011-04,Non-Holiday,0.8734502900000001
26,2011-05-06,1024778.23,0,45.0,4.078,134.5143667,7.818,2011,5,May,Q2,18,2011-05,Non-Holiday,1.02477823
26,2011-05-13,941008.85,0,48.2,4.095,134.593,7.818,2011,5,May,Q2,19,2011-05,Non-Holiday,0.94100885
26,2011-05-20,938334.62,0,48.86,4.101,134.6803871,7.818,2011,5,May,Q2,20,2011-05,Non-Holiday,0.93833462
26,2011-05-27,996723.58,0,56.74,4.034,134.7677742,7.818,2011,5,May,Q2,21,2011-05,Non-Holiday,0.9967235799999999
26,2011-06-03,1054454.4,0,60.49,3.973,134.8551613,7.818,2011,6,June,Q2,22,2011-06,Non-Holiday,1.0544544
26,2011-06-10,1094058.68,0,59.85,3.924,134.9425484,7.818,2011,6,June,Q2,23,2011-06,Non-Holiday,1.0940586799999998
26,2011-06-17,981646.46,0,54.5,3.873,135.0837333,7.818,2011,6,June,Q2,24,2011-06,Non-Holiday,0.98164646
26,2011-06-24,997474.93,0,56.94,3.851,135.2652667,7.818,2011,6,June,Q2,25,2011-06,Non-Holiday,0.9974749300000001
26,2011-07-01,1070119.09,0,59.89,3.815,135.4468,7.767,2011,7,July,Q3,26,2011-07,Non-Holiday,1.0701190900000002
26,2011-07-08,1133807.03,0,63.34,3.784,135.6283333,7.767,2011,7,July,Q3,27,2011-07,Non-Holiday,1.13380703
26,2011-07-15,1021534.7,0,64.43,3.827,135.7837419,7.767,2011,7,July,Q3,28,2011-07,Non-Holiday,1.0215347
26,2011-07-22,1017867.8,0,69.52,3.882,135.8738387,7.767,2011,7,July,Q3,29,2011-07,Non-Holiday,1.0178678
26,2011-07-29,1005360.5,0,63.32,3.898,135.9639355,7.767,2011,7,July,Q3,30,2011-07,Non-Holiday,1.0053605
26,2011-08-05,1107552.43,0,63.16,3.903,136.0540323,7.767,2011,8,August,Q3,31,2011-08,Non-Holiday,1.10755243
26,2011-08-12,1087644.5,0,62.99,3.88,136.144129,7.767,2011,8,August,Q3,32,2011-08,Non-Holiday,1.0876445
26,2011-08-19,1021766.75,0,60.58,3.82,136.183129,7.767,2011,8,August,Q3,33,2011-08,Non-Holiday,1.02176675
26,2011-08-26,1064617.62,0,61.1,3.796,136.2136129,7.767,2011,8,August,Q3,34,2011-08,Non-Holiday,1.0646176200000002
26,2011-09-02,1040143.14,0,59.67,3.784,136.2440968,7.767,2011,9,September,Q3,35,2011-09,Non-Holiday,1.04014314
26,2011-09-09,1069710.97,1,60.98,3.809,136.2745806,7.767,2011,9,September,Q3,36,2011-09,Holiday,1.06971097
26,2011-09-16,951569.84,0,55.19,3.809,136.3145,7.767,2011,9,September,Q3,37,2011-09,Non-Holiday,0.95156984
26,2011-09-23,923644.6,0,50.72,3.758,136.367,7.767,2011,9,September,Q3,38,2011-09,Non-Holiday,0.9236445999999999
26,2011-09-30,959339.51,0,59.42,3.684,136.4195,7.767,2011,9,September,Q3,39,2011-09,Non-Holiday,0.9593395100000001
26,2011-10-07,1130022.99,0,46.84,3.633,136.472,7.598,2011,10,October,Q4,40,2011-10,Non-Holiday,1.13002299
26,2011-10-14,987886.08,0,53.91,3.583,136.5150968,7.598,2011,10,October,Q4,41,2011-10,Non-Holiday,0.98788608
26,2011-10-21,974907.28,0,45.23,3.618,136.5017742,7.598,2011,10,October,Q4,42,2011-10,Non-Holiday,0.97490728
26,2011-10-28,972256.98,0,35.06,3.604,136.4884516,7.598,2011,10,October,Q4,43,2011-10,Non-Holiday,0.9722569799999999
26,2011-11-04,988950.75,0,31.7,3.586,136.475129,7.598,2011,11,November,Q4,44,2011-11,Non-Holiday,0.98895075
26,2011-11-11,1077640.13,0,40.08,3.57,136.4618065,7.598,2011,11,November,Q4,45,2011-11,Non-Holiday,1.0776401299999998
26,2011-11-18,946091.79,0,37.78,3.571,136.4666667,7.598,2011,11,November,Q4,46,2011-11,Non-Holiday,0.94609179
26,2011-11-25,1282320.05,1,31.07,3.536,136.4788,7.598,2011,11,November,Q4,47,2011-11,Holiday,1.28232005
26,2011-12-02,1012498.49,0,36.74,3.501,136.4909333,7.598,2011,12,December,Q4,48,2011-12,Non-Holiday,1.01249849
26,2011-12-09,1148987.46,0,34.24,3.47,136.5030667,7.598,2011,12,December,Q4,49,2011-12,Non-Holiday,1.14898746
26,2011-12-16,1204807.83,0,28.24,3.445,136.5335161,7.598,2011,12,December,Q4,50,2011-12,Non-Holiday,1.20480783
26,2011-12-23,1515175.01,0,22.53,3.413,136.5883871,7.598,2011,12,December,Q4,51,2011-12,Non-Holiday,1.51517501
26,2011-12-30,972834.42,1,18.8,3.402,136.6432581,7.598,2011,12,December,Q4,52,2011-12,Holiday,0.9728344200000001
26,2012-01-06,971557.62,0,22.94,3.439,136.698129,7.467,2012,1,January,Q1,1,2012-01,Non-Holiday,0.97155762
26,2012-01-13,836305.65,0,25.55,3.523,136.753,7.467,2012,1,January,Q1,2,2012-01,Non-Holiday,0.83630565
26,2012-01-20,838751.5,0,15.22,3.542,136.8564194,7.467,2012,1,January,Q1,3,2012-01,Non-Holiday,0.8387515
26,2012-01-27,820059.89,0,24.16,3.568,136.9598387,7.467,2012,1,January,Q1,4,2012-01,Non-Holiday,0.82005989
26,2012-02-03,939158.25,0,25.24,3.633,137.0632581,7.467,2012,2,February,Q1,5,2012-02,Non-Holiday,0.93915825
26,2012-02-10,1081005.64,1,23.89,3.655,137.1666774,7.467,2012,2,February,Q1,6,2012-02,Holiday,1.0810056399999999
26,2012-02-17,965788.76,0,23.9,3.703,137.2583103,7.467,2012,2,February,Q1,7,2012-02,Non-Holiday,0.96578876
26,2012-02-24,917924.47,0,28.06,3.751,137.3411034,7.467,2012,2,February,Q1,8,2012-02,Non-Holiday,0.91792447
26,2012-03-02,955641.74,0,22.49,3.827,137.4238966,7.467,2012,3,March,Q1,9,2012-03,Non-Holiday,0.95564174
26,2012-03-09,1028569.01,0,29.03,3.876,137.5066897,7.467,2012,3,March,Q1,10,2012-03,Non-Holiday,1.02856901
26,2012-03-16,919503.4,0,35.06,3.867,137.5843871,7.467,2012,3,March,Q1,11,2012-03,Non-Holiday,0.9195034
26,2012-03-23,874790.68,0,49.97,3.889,137.6552903,7.467,2012,3,March,Q1,12,2012-03,Non-Holiday,0.87479068
26,2012-03-30,922018.43,0,33.33,3.921,137.7261935,7.467,2012,3,March,Q1,13,2012-03,Non-Holiday,0.92201843
26,2012-04-06,1116829.23,0,33.35,3.957,137.7970968,7.489,2012,4,April,Q2,14,2012-04,Non-Holiday,1.11682923
26,2012-04-13,889670.29,0,36.9,4.025,137.868,7.489,2012,4,April,Q2,15,2012-04,Non-Holiday,0.8896702900000001
26,2012-04-20,923600.02,0,50.81,4.046,137.9230667,7.489,2012,4,April,Q2,16,2012-04,Non-Holiday,0.92360002
26,2012-04-27,911969.0,0,43.6,4.023,137.9781333,7.489,2012,4,April,Q2,17,2012-04,Non-Holiday,0.911969
26,2012-05-04,946573.29,0,40.29,3.991,138.0332,7.489,2012,5,May,Q2,18,2012-05,Non-Holiday,0.94657329
26,2012-05-11,1062548.73,0,47.11,3.947,138.0882667,7.489,2012,5,May,Q2,19,2012-05,Non-Holiday,1.06254873
26,2012-05-18,978082.84,0,52.55,3.899,138.1065806,7.489,2012,5,May,Q2,20,2012-05,Non-Holiday,0.97808284
26,2012-05-25,1067310.74,0,58.2,3.85,138.1101935,7.489,2012,5,May,Q2,21,2012-05,Non-Holiday,1.06731074
26,2012-06-01,1015853.03,0,58.51,3.798,138.1138065,7.489,2012,6,June,Q2,22,2012-06,Non-Holiday,1.01585303
26,2012-06-08,1106176.83,0,49.43,3.746,138.1174194,7.489,2012,6,June,Q2,23,2012-06,Non-Holiday,1.10617683
26,2012-06-15,1029248.22,0,57.84,3.683,138.1295333,7.489,2012,6,June,Q2,24,2012-06,Non-Holiday,1.02924822
26,2012-06-22,1056282.91,0,63.04,3.629,138.1629,7.489,2012,6,June,Q2,25,2012-06,Non-Holiday,1.05628291
26,2012-06-29,1051190.44,0,60.71,3.577,138.1962667,7.489,2012,6,June,Q2,26,2012-06,Non-Holiday,1.0511904399999998
26,2012-07-06,1180470.8,0,64.94,3.538,138.2296333,7.405,2012,7,July,Q3,27,2012-07,Non-Holiday,1.1804708000000002
26,2012-07-13,1063149.78,0,64.47,3.561,138.263,7.405,2012,7,July,Q3,28,2012-07,Non-Holiday,1.06314978
26,2012-07-20,1049625.9,0,66.75,3.61,138.2331935,7.405,2012,7,July,Q3,29,2012-07,Non-Holiday,1.0496259
26,2012-07-27,1031745.14,0,64.12,3.701,138.2033871,7.405,2012,7,July,Q3,30,2012-07,Non-Holiday,1.03174514
26,2012-08-03,1090915.09,0,65.6,3.698,138.1735806,7.405,2012,8,August,Q3,31,2012-08,Non-Holiday,1.09091509
26,2012-08-10,1121476.51,0,67.01,3.772,138.1437742,7.405,2012,8,August,Q3,32,2012-08,Non-Holiday,1.12147651
26,2012-08-17,1068292.56,0,65.54,3.84,138.1857097,7.405,2012,8,August,Q3,33,2012-08,Non-Holiday,1.06829256
26,2012-08-24,1022704.2,0,62.08,3.874,138.2814516,7.405,2012,8,August,Q3,34,2012-08,Non-Holiday,1.0227042
26,2012-08-31,1053495.51,0,63.69,3.884,138.3771935,7.405,2012,8,August,Q3,35,2012-08,Non-Holiday,1.05349551
26,2012-09-07,1081874.03,1,61.58,3.921,138.4729355,7.405,2012,9,September,Q3,36,2012-09,Holiday,1.08187403
26,2012-09-14,986131.94,0,57.69,3.988,138.5673,7.405,2012,9,September,Q3,37,2012-09,Non-Holiday,0.9861319399999999
26,2012-09-21,961084.08,0,52.68,4.056,138.6534,7.405,2012,9,September,Q3,38,2012-09,Non-Holiday,0.96108408
26,2012-09-28,964726.37,0,50.66,4.018,138.7395,7.405,2012,9,September,Q3,39,2012-09,Non-Holiday,0.9647263699999999
26,2012-10-05,1095504.26,0,54.07,4.027,138.8256,7.138,2012,10,October,Q4,40,2012-10,Non-Holiday,1.09550426
26,2012-10-12,1044639.69,0,45.19,4.029,138.9117,7.138,2012,10,October,Q4,41,2012-10,Non-Holiday,1.04463969
26,2012-10-19,975578.02,0,43.51,4.0,138.8336129,7.138,2012,10,October,Q4,42,2012-10,Non-Holiday,0.97557802
26,2012-10-26,958619.8,0,46.95,3.917,138.7281613,7.138,2012,10,October,Q4,43,2012-10,Non-Holiday,0.9586198
27,2010-02-05,1874289.79,0,27.19,2.954,135.3524608,8.237,2010,2,February,Q1,5,2010-02,Non-Holiday,1.87428979
27,2010-02-12,1745362.72,1,29.81,2.94,135.4113076,8.237,2010,2,February,Q1,6,2010-02,Holiday,1.74536272
27,2010-02-19,1945070.33,0,32.44,2.909,135.4657781,8.237,2010,2,February,Q1,7,2010-02,Non-Holiday,1.94507033
27,2010-02-26,1390934.27,0,36.0,2.91,135.5195191,8.237,2010,2,February,Q1,8,2010-02,Non-Holiday,1.39093427
27,2010-03-05,1313729.72,0,38.07,2.919,135.5732602,8.237,2010,3,March,Q1,9,2010-03,Non-Holiday,1.31372972
27,2010-03-12,1925113.12,0,45.98,2.938,135.6270013,8.237,2010,3,March,Q1,10,2010-03,Non-Holiday,1.92511312
27,2010-03-19,1700627.97,0,49.04,2.96,135.6682247,8.237,2010,3,March,Q1,11,2010-03,Non-Holiday,1.70062797
27,2010-03-26,1836714.84,0,52.34,2.963,135.7073618,8.237,2010,3,March,Q1,12,2010-03,Non-Holiday,1.8367148400000002
27,2010-04-02,2053952.97,0,46.9,2.957,135.7464988,8.058,2010,4,April,Q2,13,2010-04,Non-Holiday,2.05395297
27,2010-04-09,1955814.13,0,62.62,2.992,135.7856359,8.058,2010,4,April,Q2,14,2010-04,Non-Holiday,1.9558141299999998
27,2010-04-16,1857500.96,0,54.95,3.01,135.82725,8.058,2010,4,April,Q2,15,2010-04,Non-Holiday,1.8575009599999999
27,2010-04-23,1850205.47,0,53.91,3.021,135.8721667,8.058,2010,4,April,Q2,16,2010-04,Non-Holiday,1.85020547
27,2010-04-30,1805885.04,0,53.55,3.042,135.9170833,8.058,2010,4,April,Q2,17,2010-04,Non-Holiday,1.80588504
27,2010-05-07,1939458.84,0,69.02,3.095,135.962,8.058,2010,5,May,Q2,18,2010-05,Non-Holiday,1.9394588400000001
27,2010-05-14,1842465.78,0,53.82,3.112,136.010394,8.058,2010,5,May,Q2,19,2010-05,Non-Holiday,1.84246578
27,2010-05-21,1836595.58,0,63.31,3.096,136.0796521,8.058,2010,5,May,Q2,20,2010-05,Non-Holiday,1.83659558
27,2010-05-28,1962468.67,0,67.88,3.046,136.1489101,8.058,2010,5,May,Q2,21,2010-05,Non-Holiday,1.96246867
27,2010-06-04,2073102.59,0,74.29,3.006,136.2181682,8.058,2010,6,June,Q2,22,2010-06,Non-Holiday,2.07310259
27,2010-06-11,1873812.93,0,68.9,2.972,136.2874263,8.058,2010,6,June,Q2,23,2010-06,Non-Holiday,1.87381293
27,2010-06-18,1887182.27,0,70.0,2.942,136.3243393,8.058,2010,6,June,Q2,24,2010-06,Non-Holiday,1.88718227
27,2010-06-25,1962625.01,0,78.02,2.958,136.3483143,8.058,2010,6,June,Q2,25,2010-06,Non-Holiday,1.96262501
27,2010-07-02,2024554.1,0,76.25,2.958,136.3722893,7.982,2010,7,July,Q3,26,2010-07,Non-Holiday,2.0245541
27,2010-07-09,2119163.01,0,82.69,2.94,136.3962643,7.982,2010,7,July,Q3,27,2010-07,Non-Holiday,2.11916301
27,2010-07-16,1880691.64,0,78.26,2.933,136.4179827,7.982,2010,7,July,Q3,28,2010-07,Non-Holiday,1.88069164
27,2010-07-23,1808250.71,0,81.56,2.924,136.4366924,7.982,2010,7,July,Q3,29,2010-07,Non-Holiday,1.80825071
27,2010-07-30,1816489.53,0,79.78,2.932,136.4554021,7.982,2010,7,July,Q3,30,2010-07,Non-Holiday,1.8164895300000001
27,2010-08-06,1908036.68,0,77.45,2.942,136.4741118,7.982,2010,8,August,Q3,31,2010-08,Non-Holiday,1.90803668
27,2010-08-13,1864436.12,0,77.36,2.923,136.4928214,7.982,2010,8,August,Q3,32,2010-08,Non-Holiday,1.8644361200000001
27,2010-08-20,1936878.46,0,75.16,2.913,136.5249182,7.982,2010,8,August,Q3,33,2010-08,Non-Holiday,1.93687846
27,2010-08-27,1870684.21,0,70.31,2.885,136.557015,7.982,2010,8,August,Q3,34,2010-08,Non-Holiday,1.87068421
27,2010-09-03,1908110.9,0,78.52,2.86,136.5891118,7.982,2010,9,September,Q3,35,2010-09,Non-Holiday,1.9081108999999998
27,2010-09-10,1913494.81,1,70.38,2.837,136.6212085,7.982,2010,9,September,Q3,36,2010-09,Holiday,1.91349481
27,2010-09-17,1629978.46,0,64.5,2.846,136.6338071,7.982,2010,9,September,Q3,37,2010-09,Non-Holiday,1.62997846
27,2010-09-24,1597002.71,0,67.08,2.837,136.6317821,7.982,2010,9,September,Q3,38,2010-09,Non-Holiday,1.59700271
27,2010-10-01,1543532.83,0,70.19,2.84,136.6297571,8.021,2010,10,October,Q4,39,2010-10,Non-Holiday,1.54353283
27,2010-10-08,1707662.87,0,57.78,2.903,136.6277321,8.021,2010,10,October,Q4,40,2010-10,Non-Holiday,1.70766287
27,2010-10-15,1728388.2,0,58.38,2.999,136.6401935,8.021,2010,10,October,Q4,41,2010-10,Non-Holiday,1.7283882
27,2010-10-22,1693935.29,0,52.82,3.049,136.688871,8.021,2010,10,October,Q4,42,2010-10,Non-Holiday,1.69393529
27,2010-10-29,1688955.49,0,61.02,3.055,136.7375484,8.021,2010,10,October,Q4,43,2010-10,Non-Holiday,1.68895549
27,2010-11-05,1686010.02,0,45.91,3.049,136.7862258,8.021,2010,11,November,Q4,44,2010-11,Non-Holiday,1.68601002
27,2010-11-12,1828010.25,0,45.9,3.065,136.8349032,8.021,2010,11,November,Q4,45,2010-11,Non-Holiday,1.82801025
27,2010-11-19,1704785.74,0,50.81,3.138,136.7715714,8.021,2010,11,November,Q4,46,2010-11,Non-Holiday,1.70478574
27,2010-11-26,2627910.75,1,46.67,3.186,136.6895714,8.021,2010,11,November,Q4,47,2010-11,Holiday,2.62791075
27,2010-12-03,1884343.67,0,41.81,3.2,136.6075714,8.021,2010,12,December,Q4,48,2010-12,Non-Holiday,1.88434367
27,2010-12-10,2139733.68,0,30.83,3.255,136.5255714,8.021,2010,12,December,Q4,49,2010-12,Non-Holiday,2.13973368
27,2010-12-17,2350098.36,0,31.62,3.301,136.5292811,8.021,2010,12,December,Q4,50,2010-12,Non-Holiday,2.35009836
27,2010-12-24,3078162.08,0,31.34,3.309,136.597273,8.021,2010,12,December,Q4,51,2010-12,Non-Holiday,3.0781620800000002
27,2010-12-31,1440963.0,1,29.59,3.336,136.665265,8.021,2010,12,December,Q4,52,2010-12,Holiday,1.440963
27,2011-01-07,1568159.48,0,34.42,3.351,136.7332569,7.827,2011,1,January,Q1,1,2011-01,Non-Holiday,1.56815948
27,2011-01-14,1532308.62,0,25.7,3.367,136.803477,7.827,2011,1,January,Q1,2,2011-01,Non-Holiday,1.53230862
27,2011-01-21,1517029.9,0,30.13,3.391,136.8870657,7.827,2011,1,January,Q1,3,2011-01,Non-Holiday,1.5170298999999998
27,2011-01-28,1421111.55,0,23.64,3.402,136.9706544,7.827,2011,1,January,Q1,4,2011-01,Non-Holiday,1.42111155
27,2011-02-04,1628100.79,0,28.7,3.4,137.0542431,7.827,2011,2,February,Q1,5,2011-02,Non-Holiday,1.62810079
27,2011-02-11,1636224.77,1,30.45,3.416,137.1378318,7.827,2011,2,February,Q1,6,2011-02,Holiday,1.63622477
27,2011-02-18,1709365.19,0,39.32,3.42,137.2511849,7.827,2011,2,February,Q1,7,2011-02,Non-Holiday,1.70936519
27,2011-02-25,1688935.71,0,33.05,3.452,137.3764439,7.827,2011,2,February,Q1,8,2011-02,Non-Holiday,1.68893571
27,2011-03-04,1656130.67,0,36.99,3.605,137.5017028,7.827,2011,3,March,Q1,9,2011-03,Non-Holiday,1.65613067
27,2011-03-11,1613259.77,0,43.64,3.752,137.6269617,7.827,2011,3,March,Q1,10,2011-03,Non-Holiday,1.61325977
27,2011-03-18,1624539.21,0,46.65,3.796,137.7398929,7.827,2011,3,March,Q1,11,2011-03,Non-Holiday,1.62453921
27,2011-03-25,1554651.08,0,40.11,3.789,137.8478929,7.827,2011,3,March,Q1,12,2011-03,Non-Holiday,1.5546510800000002
27,2011-04-01,1628868.28,0,37.27,3.811,137.9558929,7.725,2011,4,April,Q2,13,2011-04,Non-Holiday,1.62886828
27,2011-04-08,1689844.18,0,46.87,3.895,138.0638929,7.725,2011,4,April,Q2,14,2011-04,Non-Holiday,1.68984418
27,2011-04-15,1727175.61,0,52.24,3.981,138.1646952,7.725,2011,4,April,Q2,15,2011-04,Non-Holiday,1.7271756100000002
27,2011-04-22,1921655.48,0,50.02,4.061,138.2475036,7.725,2011,4,April,Q2,16,2011-04,Non-Holiday,1.92165548
27,2011-04-29,1642074.64,0,61.71,4.117,138.3303119,7.725,2011,4,April,Q2,17,2011-04,Non-Holiday,1.64207464
27,2011-05-06,1757041.96,0,56.48,4.192,138.4131202,7.725,2011,5,May,Q2,18,2011-05,Non-Holiday,1.75704196
27,2011-05-13,1763545.32,0,60.07,4.211,138.4959286,7.725,2011,5,May,Q2,19,2011-05,Non-Holiday,1.76354532
27,2011-05-20,1725268.56,0,60.22,4.202,138.587106,7.725,2011,5,May,Q2,20,2011-05,Non-Holiday,1.72526856
27,2011-05-27,1820723.17,0,66.43,4.134,138.6782834,7.725,2011,5,May,Q2,21,2011-05,Non-Holiday,1.82072317
27,2011-06-03,2053708.01,0,74.17,4.069,138.7694608,7.725,2011,6,June,Q2,22,2011-06,Non-Holiday,2.05370801
27,2011-06-10,1817914.71,0,73.26,4.025,138.8606382,7.725,2011,6,June,Q2,23,2011-06,Non-Holiday,1.81791471
27,2011-06-17,1814740.09,0,67.03,3.989,139.0028333,7.725,2011,6,June,Q2,24,2011-06,Non-Holiday,1.8147400900000001
27,2011-06-24,1811455.15,0,72.02,3.964,139.1832917,7.725,2011,6,June,Q2,25,2011-06,Non-Holiday,1.81145515
27,2011-07-01,1949983.93,0,73.76,3.916,139.36375,7.85,2011,7,July,Q3,26,2011-07,Non-Holiday,1.94998393
27,2011-07-08,2000055.27,0,76.87,3.886,139.5442083,7.85,2011,7,July,Q3,27,2011-07,Non-Holiday,2.00005527
27,2011-07-15,1762155.79,0,77.83,3.915,139.7006325,7.85,2011,7,July,Q3,28,2011-07,Non-Holiday,1.76215579
27,2011-07-22,1754879.45,0,82.28,3.972,139.7969712,7.85,2011,7,July,Q3,29,2011-07,Non-Holiday,1.75487945
27,2011-07-29,1744879.06,0,79.41,4.004,139.8933099,7.85,2011,7,July,Q3,30,2011-07,Non-Holiday,1.7448790600000001
27,2011-08-05,1747289.53,0,78.14,4.02,139.9896486,7.85,2011,8,August,Q3,31,2011-08,Non-Holiday,1.74728953
27,2011-08-12,1758437.96,0,76.67,3.995,140.0859873,7.85,2011,8,August,Q3,32,2011-08,Non-Holiday,1.75843796
27,2011-08-19,1781905.24,0,72.97,3.942,140.1289205,7.85,2011,8,August,Q3,33,2011-08,Non-Holiday,1.78190524
27,2011-08-26,2034400.78,0,72.88,3.906,140.1629528,7.85,2011,8,August,Q3,34,2011-08,Non-Holiday,2.03440078
27,2011-09-02,1511717.53,0,71.44,3.879,140.196985,7.85,2011,9,September,Q3,35,2011-09,Non-Holiday,1.51171753
27,2011-09-09,1911470.84,1,70.93,3.93,140.2310173,7.85,2011,9,September,Q3,36,2011-09,Holiday,1.91147084
27,2011-09-16,1613773.9,0,69.65,3.937,140.2735,7.85,2011,9,September,Q3,37,2011-09,Non-Holiday,1.6137739
27,2011-09-23,1606208.68,0,63.61,3.899,140.32725,7.85,2011,9,September,Q3,38,2011-09,Non-Holiday,1.60620868
27,2011-09-30,1599626.26,0,70.92,3.858,140.381,7.85,2011,9,September,Q3,39,2011-09,Non-Holiday,1.59962626
27,2011-10-07,1672339.27,0,56.91,3.775,140.43475,7.906,2011,10,October,Q4,40,2011-10,Non-Holiday,1.67233927
27,2011-10-14,1682652.51,0,64.78,3.744,140.4784194,7.906,2011,10,October,Q4,41,2011-10,Non-Holiday,1.68265251
27,2011-10-21,1689591.44,0,59.62,3.757,140.4616048,7.906,2011,10,October,Q4,42,2011-10,Non-Holiday,1.6895914399999998
27,2011-10-28,1710372.4,0,51.81,3.757,140.4447903,7.906,2011,10,October,Q4,43,2011-10,Non-Holiday,1.7103724
27,2011-11-04,1621109.3,0,44.46,3.738,140.4279758,7.906,2011,11,November,Q4,44,2011-11,Non-Holiday,1.6211093
27,2011-11-11,1800728.07,0,49.69,3.719,140.4111613,7.906,2011,11,November,Q4,45,2011-11,Non-Holiday,1.8007280700000001
27,2011-11-18,1723739.44,0,51.42,3.717,140.4127857,7.906,2011,11,November,Q4,46,2011-11,Non-Holiday,1.72373944
27,2011-11-25,2504400.71,1,47.88,3.689,140.4217857,7.906,2011,11,November,Q4,47,2011-11,Holiday,2.50440071
27,2011-12-02,1806924.74,0,50.55,3.666,140.4307857,7.906,2011,12,December,Q4,48,2011-12,Non-Holiday,1.80692474
27,2011-12-09,2014665.98,0,46.28,3.627,140.4397857,7.906,2011,12,December,Q4,49,2011-12,Non-Holiday,2.01466598
27,2011-12-16,2205919.86,0,40.68,3.611,140.4700795,7.906,2011,12,December,Q4,50,2011-12,Non-Holiday,2.20591986
27,2011-12-23,2739019.75,0,41.59,3.587,140.528765,7.906,2011,12,December,Q4,51,2011-12,Non-Holiday,2.73901975
27,2011-12-30,1650604.6,1,37.85,3.566,140.5874505,7.906,2011,12,December,Q4,52,2011-12,Holiday,1.6506046
27,2012-01-06,1535287.4,0,35.8,3.585,140.6461359,8.009,2012,1,January,Q1,1,2012-01,Non-Holiday,1.5352873999999999
27,2012-01-13,1492399.13,0,41.3,3.666,140.7048214,8.009,2012,1,January,Q1,2,2012-01,Non-Holiday,1.49239913
27,2012-01-20,1542131.05,0,30.35,3.705,140.8086118,8.009,2012,1,January,Q1,3,2012-01,Non-Holiday,1.54213105
27,2012-01-27,1263534.86,0,36.96,3.737,140.9124021,8.009,2012,1,January,Q1,4,2012-01,Non-Holiday,1.26353486
27,2012-02-03,1564246.02,0,42.52,3.796,141.0161924,8.009,2012,2,February,Q1,5,2012-02,Non-Holiday,1.5642460200000001
27,2012-02-10,1651605.35,1,37.86,3.826,141.1199827,8.009,2012,2,February,Q1,6,2012-02,Holiday,1.65160535
27,2012-02-17,1606221.56,0,37.24,3.874,141.2140357,8.009,2012,2,February,Q1,7,2012-02,Non-Holiday,1.60622156
27,2012-02-24,1648602.39,0,41.74,3.917,141.3007857,8.009,2012,2,February,Q1,8,2012-02,Non-Holiday,1.64860239
27,2012-03-02,1509323.09,0,40.07,3.983,141.3875357,8.009,2012,3,March,Q1,9,2012-03,Non-Holiday,1.50932309
27,2012-03-09,1607343.41,0,44.32,4.021,141.4742857,8.009,2012,3,March,Q1,10,2012-03,Non-Holiday,1.60734341
27,2012-03-16,1635984.07,0,49.6,4.021,141.55478,8.009,2012,3,March,Q1,11,2012-03,Non-Holiday,1.6359840700000001
27,2012-03-23,1620839.34,0,57.3,4.054,141.6269332,8.009,2012,3,March,Q1,12,2012-03,Non-Holiday,1.62083934
27,2012-03-30,1615494.14,0,49.4,4.098,141.6990864,8.009,2012,3,March,Q1,13,2012-03,Non-Holiday,1.6154941399999998
27,2012-04-06,1899013.34,0,48.73,4.143,141.7712396,8.253,2012,4,April,Q2,14,2012-04,Non-Holiday,1.89901334
27,2012-04-13,1650405.21,0,52.22,4.187,141.8433929,8.253,2012,4,April,Q2,15,2012-04,Non-Holiday,1.65040521
27,2012-04-20,1639999.47,0,62.62,4.17,141.9015262,8.253,2012,4,April,Q2,16,2012-04,Non-Holiday,1.63999947
27,2012-04-27,1565498.84,0,52.33,4.163,141.9596595,8.253,2012,4,April,Q2,17,2012-04,Non-Holiday,1.56549884
27,2012-05-04,1669388.45,0,53.68,4.124,142.0177929,8.253,2012,5,May,Q2,18,2012-05,Non-Holiday,1.66938845
27,2012-05-11,1674306.31,0,58.97,4.055,142.0759262,8.253,2012,5,May,Q2,19,2012-05,Non-Holiday,1.67430631
27,2012-05-18,1707158.82,0,65.15,4.029,142.0970115,8.253,2012,5,May,Q2,20,2012-05,Non-Holiday,1.70715882
27,2012-05-25,1818906.73,0,64.77,3.979,142.1032776,8.253,2012,5,May,Q2,21,2012-05,Non-Holiday,1.81890673
27,2012-06-01,1900638.6,0,73.4,3.915,142.1095438,8.253,2012,6,June,Q2,22,2012-06,Non-Holiday,1.9006386000000002
27,2012-06-08,1764756.31,0,64.05,3.871,142.1158099,8.253,2012,6,June,Q2,23,2012-06,Non-Holiday,1.76475631
27,2012-06-15,1773500.56,0,69.52,3.786,142.1292548,8.253,2012,6,June,Q2,24,2012-06,Non-Holiday,1.77350056
27,2012-06-22,1837884.79,0,73.23,3.722,142.1606464,8.253,2012,6,June,Q2,25,2012-06,Non-Holiday,1.83788479
27,2012-06-29,1842555.32,0,73.94,3.667,142.1920381,8.253,2012,6,June,Q2,26,2012-06,Non-Holiday,1.84255532
27,2012-07-06,2062224.92,0,82.08,3.646,142.2234298,8.239,2012,7,July,Q3,27,2012-07,Non-Holiday,2.06222492
27,2012-07-13,1755889.53,0,78.95,3.689,142.2548214,8.239,2012,7,July,Q3,28,2012-07,Non-Holiday,1.75588953
27,2012-07-20,1730913.66,0,78.64,3.732,142.2337569,8.239,2012,7,July,Q3,29,2012-07,Non-Holiday,1.73091366
27,2012-07-27,1625883.71,0,76.01,3.82,142.2126924,8.239,2012,7,July,Q3,30,2012-07,Non-Holiday,1.6258837099999999
27,2012-08-03,1705810.84,0,75.22,3.819,142.1916279,8.239,2012,8,August,Q3,31,2012-08,Non-Holiday,1.70581084
27,2012-08-10,1720537.26,0,78.44,3.863,142.1705634,8.239,2012,8,August,Q3,32,2012-08,Non-Holiday,1.72053726
27,2012-08-17,1735339.59,0,76.51,3.963,142.2157385,8.239,2012,8,August,Q3,33,2012-08,Non-Holiday,1.7353395900000002
27,2012-08-24,1780443.36,0,72.93,3.997,142.3105933,8.239,2012,8,August,Q3,34,2012-08,Non-Holiday,1.78044336
27,2012-08-31,1731935.43,0,75.0,4.026,142.4054482,8.239,2012,8,August,Q3,35,2012-08,Non-Holiday,1.7319354299999998
27,2012-09-07,1840955.23,1,76.0,4.076,142.500303,8.239,2012,9,September,Q3,36,2012-09,Holiday,1.84095523
27,2012-09-14,1519604.5,0,68.72,4.088,142.5938833,8.239,2012,9,September,Q3,37,2012-09,Non-Holiday,1.5196045
27,2012-09-21,1557485.75,0,66.1,4.203,142.6798167,8.239,2012,9,September,Q3,38,2012-09,Non-Holiday,1.55748575
27,2012-09-28,1540687.63,0,64.92,4.158,142.76575,8.239,2012,9,September,Q3,39,2012-09,Non-Holiday,1.5406876299999999
27,2012-10-05,1591816.88,0,64.5,4.151,142.8516833,8.0,2012,10,October,Q4,40,2012-10,Non-Holiday,1.5918168799999999
27,2012-10-12,1660081.29,0,55.4,4.186,142.9376167,8.0,2012,10,October,Q4,41,2012-10,Non-Holiday,1.66008129
27,2012-10-19,1620374.24,0,56.53,4.153,142.8633629,8.0,2012,10,October,Q4,42,2012-10,Non-Holiday,1.62037424
27,2012-10-26,1703047.74,0,58.99,4.071,142.7624113,8.0,2012,10,October,Q4,43,2012-10,Non-Holiday,1.70304774
28,2010-02-05,1672352.29,0,49.47,2.962,126.4420645,13.975,2010,2,February,Q1,5,2010-02,Non-Holiday,1.67235229
28,2010-02-12,1558968.49,1,47.87,2.946,126.4962581,13.975,2010,2,February,Q1,6,2010-02,Holiday,1.55896849
28,2010-02-19,1491300.42,0,54.83,2.915,126.5262857,13.975,2010,2,February,Q1,7,2010-02,Non-Holiday,1.49130042
28,2010-02-26,1542173.33,0,50.23,2.825,126.5522857,13.975,2010,2,February,Q1,8,2010-02,Non-Holiday,1.54217333
28,2010-03-05,1608435.45,0,53.77,2.987,126.5782857,13.975,2010,3,March,Q1,9,2010-03,Non-Holiday,1.60843545
28,2010-03-12,1326877.11,0,50.11,2.925,126.6042857,13.975,2010,3,March,Q1,10,2010-03,Non-Holiday,1.32687711
28,2010-03-19,1279819.43,0,59.57,3.054,126.6066452,13.975,2010,3,March,Q1,11,2010-03,Non-Holiday,1.2798194299999999
28,2010-03-26,1245268.77,0,60.06,3.083,126.6050645,13.975,2010,3,March,Q1,12,2010-03,Non-Holiday,1.24526877
28,2010-04-02,1441559.4,0,59.84,3.086,126.6034839,14.099,2010,4,April,Q2,13,2010-04,Non-Holiday,1.4415593999999998
28,2010-04-09,1382359.21,0,59.25,3.09,126.6019032,14.099,2010,4,April,Q2,14,2010-04,Non-Holiday,1.38235921
28,2010-04-16,1268240.66,0,64.95,3.109,126.5621,14.099,2010,4,April,Q2,15,2010-04,Non-Holiday,1.26824066
28,2010-04-23,1244177.21,0,64.55,3.05,126.4713333,14.099,2010,4,April,Q2,16,2010-04,Non-Holiday,1.24417721
28,2010-04-30,1186971.02,0,67.38,3.105,126.3805667,14.099,2010,4,April,Q2,17,2010-04,Non-Holiday,1.18697102
28,2010-05-07,1532893.22,0,70.15,3.127,126.2898,14.099,2010,5,May,Q2,18,2010-05,Non-Holiday,1.53289322
28,2010-05-14,1245898.73,0,68.44,3.145,126.2085484,14.099,2010,5,May,Q2,19,2010-05,Non-Holiday,1.24589873
28,2010-05-21,1217923.71,0,76.2,3.12,126.1843871,14.099,2010,5,May,Q2,20,2010-05,Non-Holiday,1.21792371
28,2010-05-28,1176588.25,0,67.84,3.058,126.1602258,14.099,2010,5,May,Q2,21,2010-05,Non-Holiday,1.17658825
28,2010-06-04,1543678.02,0,81.39,2.941,126.1360645,14.099,2010,6,June,Q2,22,2010-06,Non-Holiday,1.54367802
28,2010-06-11,1348995.17,0,90.84,2.949,126.1119032,14.099,2010,6,June,Q2,23,2010-06,Non-Holiday,1.34899517
28,2010-06-18,1267619.06,0,81.06,3.043,126.114,14.099,2010,6,June,Q2,24,2010-06,Non-Holiday,1.2676190600000001
28,2010-06-25,1231025.07,0,87.27,3.084,126.1266,14.099,2010,6,June,Q2,25,2010-06,Non-Holiday,1.23102507
28,2010-07-02,1399960.15,0,91.98,3.105,126.1392,14.18,2010,7,July,Q3,26,2010-07,Non-Holiday,1.3999601499999998
28,2010-07-09,1340293.87,0,90.37,3.1,126.1518,14.18,2010,7,July,Q3,27,2010-07,Non-Holiday,1.3402938700000002
28,2010-07-16,1225336.41,0,97.18,3.094,126.1498065,14.18,2010,7,July,Q3,28,2010-07,Non-Holiday,1.22533641
28,2010-07-23,1205884.98,0,99.22,3.112,126.1283548,14.18,2010,7,July,Q3,29,2010-07,Non-Holiday,1.20588498
28,2010-07-30,1150204.71,0,96.31,3.017,126.1069032,14.18,2010,7,July,Q3,30,2010-07,Non-Holiday,1.15020471
28,2010-08-06,1523101.38,0,92.95,3.123,126.0854516,14.18,2010,8,August,Q3,31,2010-08,Non-Holiday,1.52310138
28,2010-08-13,1218688.09,0,87.01,3.159,126.064,14.18,2010,8,August,Q3,32,2010-08,Non-Holiday,1.2186880900000001
28,2010-08-20,1195897.6,0,92.81,3.041,126.0766452,14.18,2010,8,August,Q3,33,2010-08,Non-Holiday,1.1958976000000001
28,2010-08-27,1191585.92,0,93.19,3.129,126.0892903,14.18,2010,8,August,Q3,34,2010-08,Non-Holiday,1.1915859199999999
28,2010-09-03,1523410.71,0,83.12,3.087,126.1019355,14.18,2010,9,September,Q3,35,2010-09,Non-Holiday,1.52341071
28,2010-09-10,1246062.17,1,83.63,3.044,126.1145806,14.18,2010,9,September,Q3,36,2010-09,Holiday,1.2460621699999999
28,2010-09-17,1159812.35,0,82.45,3.028,126.1454667,14.18,2010,9,September,Q3,37,2010-09,Non-Holiday,1.1598123500000002
28,2010-09-24,1111797.21,0,81.77,2.939,126.1900333,14.18,2010,9,September,Q3,38,2010-09,Non-Holiday,1.11179721
28,2010-10-01,1203080.41,0,85.2,3.001,126.2346,14.313,2010,10,October,Q4,39,2010-10,Non-Holiday,1.2030804099999999
28,2010-10-08,1334571.87,0,71.82,3.013,126.2791667,14.313,2010,10,October,Q4,40,2010-10,Non-Holiday,1.3345718700000002
28,2010-10-15,1158062.99,0,75.0,2.976,126.3266774,14.313,2010,10,October,Q4,41,2010-10,Non-Holiday,1.15806299
28,2010-10-22,1120619.32,0,68.85,3.014,126.3815484,14.313,2010,10,October,Q4,42,2010-10,Non-Holiday,1.12061932
28,2010-10-29,1231688.48,0,61.09,3.016,126.4364194,14.313,2010,10,October,Q4,43,2010-10,Non-Holiday,1.23168848
28,2010-11-05,1501663.26,0,65.49,3.129,126.4912903,14.313,2010,11,November,Q4,44,2010-11,Non-Holiday,1.50166326
28,2010-11-12,1266460.45,0,57.79,3.13,126.5461613,14.313,2010,11,November,Q4,45,2010-11,Non-Holiday,1.2664604499999998
28,2010-11-19,1179315.72,0,58.18,3.161,126.6072,14.313,2010,11,November,Q4,46,2010-11,Non-Holiday,1.17931572
28,2010-11-26,1937033.5,1,47.66,3.162,126.6692667,14.313,2010,11,November,Q4,47,2010-11,Holiday,1.9370335
28,2010-12-03,1447916.29,0,43.33,3.041,126.7313333,14.313,2010,12,December,Q4,48,2010-12,Non-Holiday,1.44791629
28,2010-12-10,1466164.49,0,50.01,3.203,126.7934,14.313,2010,12,December,Q4,49,2010-12,Non-Holiday,1.46616449
28,2010-12-17,1510443.62,0,52.77,3.236,126.8794839,14.313,2010,12,December,Q4,50,2010-12,Non-Holiday,1.5104436200000002
28,2010-12-24,2026026.39,0,52.02,3.236,126.9835806,14.313,2010,12,December,Q4,51,2010-12,Non-Holiday,2.0260263899999997
28,2010-12-31,1090558.57,1,45.64,3.148,127.0876774,14.313,2010,12,December,Q4,52,2010-12,Holiday,1.09055857
28,2011-01-07,1402902.47,0,37.64,3.287,127.1917742,14.021,2011,1,January,Q1,1,2011-01,Non-Holiday,1.40290247
28,2011-01-14,1098286.61,0,43.15,3.312,127.3009355,14.021,2011,1,January,Q1,2,2011-01,Non-Holiday,1.0982866100000002
28,2011-01-21,1079669.11,0,53.53,3.223,127.4404839,14.021,2011,1,January,Q1,3,2011-01,Non-Holiday,1.0796691100000002
28,2011-01-28,1127859.69,0,50.74,3.342,127.5800323,14.021,2011,1,January,Q1,4,2011-01,Non-Holiday,1.12785969
28,2011-02-04,1564897.32,0,45.14,3.348,127.7195806,14.021,2011,2,February,Q1,5,2011-02,Non-Holiday,1.56489732
28,2011-02-11,1397301.38,1,51.3,3.381,127.859129,14.021,2011,2,February,Q1,6,2011-02,Holiday,1.3973013799999998
28,2011-02-18,1514828.82,0,53.35,3.43,127.99525,14.021,2011,2,February,Q1,7,2011-02,Non-Holiday,1.51482882
28,2011-02-25,1311796.91,0,48.45,3.53,128.13,14.021,2011,2,February,Q1,8,2011-02,Non-Holiday,1.31179691
28,2011-03-04,1723736.91,0,51.72,3.674,128.26475,14.021,2011,3,March,Q1,9,2011-03,Non-Holiday,1.72373691
28,2011-03-11,1380836.35,0,57.75,3.818,128.3995,14.021,2011,3,March,Q1,10,2011-03,Non-Holiday,1.38083635
28,2011-03-18,1286413.71,0,64.21,3.692,128.5121935,14.021,2011,3,March,Q1,11,2011-03,Non-Holiday,1.28641371
28,2011-03-25,1201059.72,0,54.4,3.909,128.6160645,14.021,2011,3,March,Q1,12,2011-03,Non-Holiday,1.20105972
28,2011-04-01,1336838.41,0,63.63,3.772,128.7199355,13.736,2011,4,April,Q2,13,2011-04,Non-Holiday,1.33683841
28,2011-04-08,1414713.5,0,64.47,4.003,128.8238065,13.736,2011,4,April,Q2,14,2011-04,Non-Holiday,1.4147135
28,2011-04-15,1240126.07,0,57.63,3.868,128.9107333,13.736,2011,4,April,Q2,15,2011-04,Non-Holiday,1.24012607
28,2011-04-22,1297452.0,0,72.12,4.134,128.9553,13.736,2011,4,April,Q2,16,2011-04,Non-Holiday,1.297452
28,2011-04-29,1222367.9,0,68.27,4.151,128.9998667,13.736,2011,4,April,Q2,17,2011-04,Non-Holiday,1.2223678999999998
28,2011-05-06,1515890.38,0,68.4,4.193,129.0444333,13.736,2011,5,May,Q2,18,2011-05,Non-Holiday,1.5158903799999999
28,2011-05-13,1253316.3,0,70.93,4.202,129.089,13.736,2011,5,May,Q2,19,2011-05,Non-Holiday,1.2533163
28,2011-05-20,1151282.31,0,66.59,4.169,129.0756774,13.736,2011,5,May,Q2,20,2011-05,Non-Holiday,1.15128231
28,2011-05-27,1160043.98,0,76.67,4.087,129.0623548,13.736,2011,5,May,Q2,21,2011-05,Non-Holiday,1.16004398
28,2011-06-03,1403779.25,0,71.81,4.031,129.0490323,13.736,2011,6,June,Q2,22,2011-06,Non-Holiday,1.40377925
28,2011-06-10,1339972.83,0,78.72,3.981,129.0357097,13.736,2011,6,June,Q2,23,2011-06,Non-Holiday,1.33997283
28,2011-06-17,1268503.49,0,86.84,3.935,129.0432,13.736,2011,6,June,Q2,24,2011-06,Non-Holiday,1.26850349
28,2011-06-24,1208809.34,0,88.95,3.898,129.0663,13.736,2011,6,June,Q2,25,2011-06,Non-Holiday,1.2088093400000002
28,2011-07-01,1319054.57,0,89.85,3.842,129.0894,13.503,2011,7,July,Q3,26,2011-07,Non-Holiday,1.31905457
28,2011-07-08,1459655.85,0,89.9,3.705,129.1125,13.503,2011,7,July,Q3,27,2011-07,Non-Holiday,1.45965585
28,2011-07-15,1197373.13,0,88.1,3.692,129.1338387,13.503,2011,7,July,Q3,28,2011-07,Non-Holiday,1.19737313
28,2011-07-22,1165870.54,0,91.17,3.794,129.1507742,13.503,2011,7,July,Q3,29,2011-07,Non-Holiday,1.16587054
28,2011-07-29,1114530.29,0,93.29,3.805,129.1677097,13.503,2011,7,July,Q3,30,2011-07,Non-Holiday,1.11453029
28,2011-08-05,1523870.89,0,90.61,3.803,129.1846452,13.503,2011,8,August,Q3,31,2011-08,Non-Holiday,1.52387089
28,2011-08-12,1218764.94,0,91.04,3.701,129.2015806,13.503,2011,8,August,Q3,32,2011-08,Non-Holiday,1.21876494
28,2011-08-19,1200019.74,0,91.74,3.743,129.2405806,13.503,2011,8,August,Q3,33,2011-08,Non-Holiday,1.20001974
28,2011-08-26,1166479.51,0,94.61,3.74,129.2832581,13.503,2011,8,August,Q3,34,2011-08,Non-Holiday,1.16647951
28,2011-09-02,1468871.49,0,93.66,3.798,129.3259355,13.503,2011,9,September,Q3,35,2011-09,Non-Holiday,1.46887149
28,2011-09-09,1310087.0,1,88.0,3.913,129.3686129,13.503,2011,9,September,Q3,36,2011-09,Holiday,1.310087
28,2011-09-16,1159212.1,0,76.36,3.918,129.4306,13.503,2011,9,September,Q3,37,2011-09,Non-Holiday,1.1592121000000002
28,2011-09-23,1109105.92,0,82.95,3.789,129.5183333,13.503,2011,9,September,Q3,38,2011-09,Non-Holiday,1.10910592
28,2011-09-30,1120731.76,0,83.26,3.877,129.6060667,13.503,2011,9,September,Q3,39,2011-09,Non-Holiday,1.12073176
28,2011-10-07,1557314.58,0,70.44,3.827,129.6938,12.89,2011,10,October,Q4,40,2011-10,Non-Holiday,1.5573145800000001
28,2011-10-14,1220984.94,0,67.31,3.805,129.7706452,12.89,2011,10,October,Q4,41,2011-10,Non-Holiday,1.22098494
28,2011-10-21,1203172.05,0,73.05,3.842,129.7821613,12.89,2011,10,October,Q4,42,2011-10,Non-Holiday,1.20317205
28,2011-10-28,1242746.06,0,67.41,3.727,129.7936774,12.89,2011,10,October,Q4,43,2011-10,Non-Holiday,1.24274606
28,2011-11-04,1576654.67,0,59.77,3.828,129.8051935,12.89,2011,11,November,Q4,44,2011-11,Non-Holiday,1.57665467
28,2011-11-11,1402654.95,0,48.76,3.824,129.8167097,12.89,2011,11,November,Q4,45,2011-11,Non-Holiday,1.4026549499999998
28,2011-11-18,1255081.22,0,54.2,3.813,129.8268333,12.89,2011,11,November,Q4,46,2011-11,Non-Holiday,1.2550812199999999
28,2011-11-25,1929738.27,1,53.25,3.622,129.8364,12.89,2011,11,November,Q4,47,2011-11,Holiday,1.92973827
28,2011-12-02,1368130.35,0,52.5,3.701,129.8459667,12.89,2011,12,December,Q4,48,2011-12,Non-Holiday,1.3681303500000002
28,2011-12-09,1467024.3,0,42.17,3.644,129.8555333,12.89,2011,12,December,Q4,49,2011-12,Non-Holiday,1.4670243
28,2011-12-16,1429954.66,0,43.29,3.6,129.8980645,12.89,2011,12,December,Q4,50,2011-12,Non-Holiday,1.42995466
28,2011-12-23,1796203.51,0,45.4,3.541,129.9845484,12.89,2011,12,December,Q4,51,2011-12,Non-Holiday,1.79620351
28,2011-12-30,1270036.53,1,44.64,3.428,130.0710323,12.89,2011,12,December,Q4,52,2011-12,Holiday,1.27003653
28,2012-01-06,1466046.07,0,50.43,3.599,130.1575161,12.187,2012,1,January,Q1,1,2012-01,Non-Holiday,1.46604607
28,2012-01-13,1161190.29,0,48.07,3.657,130.244,12.187,2012,1,January,Q1,2,2012-01,Non-Holiday,1.16119029
28,2012-01-20,1129540.48,0,46.2,3.66,130.2792258,12.187,2012,1,January,Q1,3,2012-01,Non-Holiday,1.12954048
28,2012-01-27,1132948.48,0,50.43,3.675,130.3144516,12.187,2012,1,January,Q1,4,2012-01,Non-Holiday,1.13294848
28,2012-02-03,1531599.44,0,50.58,3.702,130.3496774,12.187,2012,2,February,Q1,5,2012-02,Non-Holiday,1.53159944
28,2012-02-10,1572966.15,1,52.27,3.722,130.3849032,12.187,2012,2,February,Q1,6,2012-02,Holiday,1.5729661499999998
28,2012-02-17,1501503.68,0,51.8,3.781,130.4546207,12.187,2012,2,February,Q1,7,2012-02,Non-Holiday,1.50150368
28,2012-02-24,1323487.91,0,53.13,3.95,130.5502069,12.187,2012,2,February,Q1,8,2012-02,Non-Holiday,1.3234879099999999
28,2012-03-02,1451740.57,0,52.27,4.178,130.6457931,12.187,2012,3,March,Q1,9,2012-03,Non-Holiday,1.4517405700000001
28,2012-03-09,1680764.06,0,54.54,4.25,130.7413793,12.187,2012,3,March,Q1,10,2012-03,Non-Holiday,1.68076406
28,2012-03-16,1337875.49,0,64.44,4.273,130.8261935,12.187,2012,3,March,Q1,11,2012-03,Non-Holiday,1.33787549
28,2012-03-23,1216059.41,0,56.26,4.038,130.8966452,12.187,2012,3,March,Q1,12,2012-03,Non-Holiday,1.21605941
28,2012-03-30,1209524.11,0,64.36,4.294,130.9670968,12.187,2012,3,March,Q1,13,2012-03,Non-Holiday,1.20952411
28,2012-04-06,1559592.79,0,64.05,4.121,131.0375484,11.627,2012,4,April,Q2,14,2012-04,Non-Holiday,1.55959279
28,2012-04-13,1290684.95,0,64.28,4.254,131.108,11.627,2012,4,April,Q2,15,2012-04,Non-Holiday,1.29068495
28,2012-04-20,1180797.2,0,66.73,4.222,131.1173333,11.627,2012,4,April,Q2,16,2012-04,Non-Holiday,1.1807972
28,2012-04-27,1170456.16,0,77.99,4.193,131.1266667,11.627,2012,4,April,Q2,17,2012-04,Non-Holiday,1.1704561599999999
28,2012-05-04,1450628.85,0,76.03,4.171,131.136,11.627,2012,5,May,Q2,18,2012-05,Non-Holiday,1.4506288500000002
28,2012-05-11,1264575.18,0,77.27,4.186,131.1453333,11.627,2012,5,May,Q2,19,2012-05,Non-Holiday,1.26457518
28,2012-05-18,1213310.45,0,84.51,4.11,131.0983226,11.627,2012,5,May,Q2,20,2012-05,Non-Holiday,1.21331045
28,2012-05-25,1151214.41,0,83.84,4.293,131.0287742,11.627,2012,5,May,Q2,21,2012-05,Non-Holiday,1.15121441
28,2012-06-01,1245480.95,0,78.11,4.277,130.9592258,11.627,2012,6,June,Q2,22,2012-06,Non-Holiday,1.24548095
28,2012-06-08,1440687.69,0,84.83,4.103,130.8896774,11.627,2012,6,June,Q2,23,2012-06,Non-Holiday,1.4406876899999999
28,2012-06-15,1229760.97,0,85.94,4.144,130.8295333,11.627,2012,6,June,Q2,24,2012-06,Non-Holiday,1.22976097
28,2012-06-22,1180671.55,0,91.61,4.014,130.7929,11.627,2012,6,June,Q2,25,2012-06,Non-Holiday,1.18067155
28,2012-06-29,1129031.98,0,90.47,3.875,130.7562667,11.627,2012,6,June,Q2,26,2012-06,Non-Holiday,1.12903198
28,2012-07-06,1500863.54,0,89.13,3.765,130.7196333,10.926,2012,7,July,Q3,27,2012-07,Non-Holiday,1.50086354
28,2012-07-13,1179915.04,0,95.61,3.723,130.683,10.926,2012,7,July,Q3,28,2012-07,Non-Holiday,1.17991504
28,2012-07-20,1149427.48,0,85.53,3.726,130.7012903,10.926,2012,7,July,Q3,29,2012-07,Non-Holiday,1.14942748
28,2012-07-27,1135035.09,0,93.47,3.769,130.7195806,10.926,2012,7,July,Q3,30,2012-07,Non-Holiday,1.1350350900000001
28,2012-08-03,1376520.1,0,88.16,3.76,130.737871,10.926,2012,8,August,Q3,31,2012-08,Non-Holiday,1.3765201
28,2012-08-10,1269113.41,0,95.91,3.811,130.7561613,10.926,2012,8,August,Q3,32,2012-08,Non-Holiday,1.2691134099999999
28,2012-08-17,1184198.41,0,94.87,4.002,130.7909677,10.926,2012,8,August,Q3,33,2012-08,Non-Holiday,1.1841984099999998
28,2012-08-24,1199309.59,0,85.32,4.055,130.8381613,10.926,2012,8,August,Q3,34,2012-08,Non-Holiday,1.1993095900000001
28,2012-08-31,1227118.75,0,89.78,4.093,130.8853548,10.926,2012,8,August,Q3,35,2012-08,Non-Holiday,1.22711875
28,2012-09-07,1469693.99,1,88.52,4.124,130.9325484,10.926,2012,9,September,Q3,36,2012-09,Holiday,1.46969399
28,2012-09-14,1124660.77,0,83.64,4.133,130.9776667,10.926,2012,9,September,Q3,37,2012-09,Non-Holiday,1.12466077
28,2012-09-21,1135340.19,0,82.97,4.125,131.0103333,10.926,2012,9,September,Q3,38,2012-09,Non-Holiday,1.13534019
28,2012-09-28,1129508.61,0,81.22,3.966,131.043,10.926,2012,9,September,Q3,39,2012-09,Non-Holiday,1.12950861
28,2012-10-05,1462941.03,0,81.61,3.966,131.0756667,10.199,2012,10,October,Q4,40,2012-10,Non-Holiday,1.46294103
28,2012-10-12,1205536.71,0,71.74,4.468,131.1083333,10.199,2012,10,October,Q4,41,2012-10,Non-Holiday,1.20553671
28,2012-10-19,1143724.48,0,68.66,4.449,131.1499677,10.199,2012,10,October,Q4,42,2012-10,Non-Holiday,1.14372448
28,2012-10-26,1213860.61,0,65.95,4.301,131.1930968,10.199,2012,10,October,Q4,43,2012-10,Non-Holiday,1.21386061
29,2010-02-05,538634.46,0,24.36,2.788,131.5279032,10.064,2010,2,February,Q1,5,2010-02,Non-Holiday,0.5386344599999999
29,2010-02-12,529672.95,1,28.14,2.771,131.5866129,10.064,2010,2,February,Q1,6,2010-02,Holiday,0.5296729499999999
29,2010-02-19,542399.07,0,31.96,2.747,131.637,10.064,2010,2,February,Q1,7,2010-02,Non-Holiday,0.54239907
29,2010-02-26,488417.61,0,35.98,2.753,131.686,10.064,2010,2,February,Q1,8,2010-02,Non-Holiday,0.48841761
29,2010-03-05,535087.91,0,36.82,2.766,131.735,10.064,2010,3,March,Q1,9,2010-03,Non-Holiday,0.53508791
29,2010-03-12,519042.49,0,43.43,2.805,131.784,10.064,2010,3,March,Q1,10,2010-03,Non-Holiday,0.51904249
29,2010-03-19,496851.6,0,46.03,2.834,131.8242903,10.064,2010,3,March,Q1,11,2010-03,Non-Holiday,0.4968516
29,2010-03-26,552985.34,0,48.56,2.831,131.863129,10.064,2010,3,March,Q1,12,2010-03,Non-Holiday,0.55298534
29,2010-04-02,599629.25,0,44.96,2.826,131.9019677,10.16,2010,4,April,Q2,13,2010-04,Non-Holiday,0.59962925
29,2010-04-09,569937.23,0,57.06,2.849,131.9408065,10.16,2010,4,April,Q2,14,2010-04,Non-Holiday,0.56993723
29,2010-04-16,509100.84,0,51.14,2.885,131.9809,10.16,2010,4,April,Q2,15,2010-04,Non-Holiday,0.50910084
29,2010-04-23,505329.66,0,51.04,2.895,132.0226667,10.16,2010,4,April,Q2,16,2010-04,Non-Holiday,0.50532966
29,2010-04-30,501013.47,0,50.96,2.935,132.0644333,10.16,2010,4,April,Q2,17,2010-04,Non-Holiday,0.50101347
29,2010-05-07,568497.35,0,63.81,2.981,132.1062,10.16,2010,5,May,Q2,18,2010-05,Non-Holiday,0.56849735
29,2010-05-14,518940.88,0,50.99,2.983,132.152129,10.16,2010,5,May,Q2,19,2010-05,Non-Holiday,0.51894088
29,2010-05-21,502021.82,0,59.99,2.961,132.2230323,10.16,2010,5,May,Q2,20,2010-05,Non-Holiday,0.50202182
29,2010-05-28,577627.66,0,65.64,2.906,132.2939355,10.16,2010,5,May,Q2,21,2010-05,Non-Holiday,0.57762766
29,2010-06-04,588017.66,0,69.49,2.857,132.3648387,10.16,2010,6,June,Q2,22,2010-06,Non-Holiday,0.58801766
29,2010-06-11,540716.58,0,65.01,2.83,132.4357419,10.16,2010,6,June,Q2,23,2010-06,Non-Holiday,0.54071658
29,2010-06-18,558731.74,0,67.13,2.805,132.4733333,10.16,2010,6,June,Q2,24,2010-06,Non-Holiday,0.55873174
29,2010-06-25,585548.79,0,74.37,2.81,132.4976,10.16,2010,6,June,Q2,25,2010-06,Non-Holiday,0.58554879
29,2010-07-02,581473.55,0,72.88,2.815,132.5218667,10.409,2010,7,July,Q3,26,2010-07,Non-Holiday,0.58147355
29,2010-07-09,563449.43,0,79.22,2.806,132.5461333,10.409,2010,7,July,Q3,27,2010-07,Non-Holiday,0.56344943
29,2010-07-16,512292.01,0,76.3,2.796,132.5667742,10.409,2010,7,July,Q3,28,2010-07,Non-Holiday,0.51229201
29,2010-07-23,506502.09,0,76.91,2.784,132.5825806,10.409,2010,7,July,Q3,29,2010-07,Non-Holiday,0.50650209
29,2010-07-30,509872.77,0,76.35,2.792,132.5983871,10.409,2010,7,July,Q3,30,2010-07,Non-Holiday,0.50987277
29,2010-08-06,519787.93,0,74.37,2.792,132.6141935,10.409,2010,8,August,Q3,31,2010-08,Non-Holiday,0.51978793
29,2010-08-13,495269.0,0,74.75,2.81,132.63,10.409,2010,8,August,Q3,32,2010-08,Non-Holiday,0.495269
29,2010-08-20,531640.19,0,73.21,2.796,132.6616129,10.409,2010,8,August,Q3,33,2010-08,Non-Holiday,0.53164019
29,2010-08-27,545766.13,0,68.99,2.77,132.6932258,10.409,2010,8,August,Q3,34,2010-08,Non-Holiday,0.54576613
29,2010-09-03,579272.38,0,75.85,2.735,132.7248387,10.409,2010,9,September,Q3,35,2010-09,Non-Holiday,0.57927238
29,2010-09-10,491290.37,1,68.6,2.717,132.7564516,10.409,2010,9,September,Q3,36,2010-09,Holiday,0.49129037
29,2010-09-17,463752.89,0,62.49,2.716,132.7670667,10.409,2010,9,September,Q3,37,2010-09,Non-Holiday,0.46375289000000003
29,2010-09-24,465338.41,0,65.14,2.718,132.7619333,10.409,2010,9,September,Q3,38,2010-09,Non-Holiday,0.46533841
29,2010-10-01,474698.01,0,69.31,2.717,132.7568,10.524,2010,10,October,Q4,39,2010-10,Non-Holiday,0.47469801
29,2010-10-08,530059.06,0,56.32,2.776,132.7516667,10.524,2010,10,October,Q4,40,2010-10,Non-Holiday,0.53005906
29,2010-10-15,483011.69,0,55.23,2.878,132.7633548,10.524,2010,10,October,Q4,41,2010-10,Non-Holiday,0.48301169
29,2010-10-22,505221.17,0,50.24,2.919,132.8170968,10.524,2010,10,October,Q4,42,2010-10,Non-Holiday,0.50522117
29,2010-10-29,527058.59,0,57.73,2.938,132.8708387,10.524,2010,10,October,Q4,43,2010-10,Non-Holiday,0.52705859
29,2010-11-05,521002.97,0,44.34,2.938,132.9245806,10.524,2010,11,November,Q4,44,2010-11,Non-Holiday,0.52100297
29,2010-11-12,524450.7,0,44.42,2.961,132.9783226,10.524,2010,11,November,Q4,45,2010-11,Non-Holiday,0.5244506999999999
29,2010-11-19,508174.55,0,48.62,3.03,132.9172,10.524,2010,11,November,Q4,46,2010-11,Non-Holiday,0.50817455
29,2010-11-26,975268.91,1,44.61,3.07,132.8369333,10.524,2010,11,November,Q4,47,2010-11,Holiday,0.97526891
29,2010-12-03,642678.53,0,39.42,3.065,132.7566667,10.524,2010,12,December,Q4,48,2010-12,Non-Holiday,0.6426785300000001
29,2010-12-10,713834.74,0,28.43,3.132,132.6764,10.524,2010,12,December,Q4,49,2010-12,Non-Holiday,0.71383474
29,2010-12-17,850538.25,0,30.46,3.139,132.6804516,10.524,2010,12,December,Q4,50,2010-12,Non-Holiday,0.85053825
29,2010-12-24,1130926.79,0,29.76,3.15,132.7477419,10.524,2010,12,December,Q4,51,2010-12,Non-Holiday,1.13092679
29,2010-12-31,465992.02,1,28.49,3.177,132.8150323,10.524,2010,12,December,Q4,52,2010-12,Holiday,0.46599202
29,2011-01-07,455952.18,0,32.56,3.193,132.8823226,10.256,2011,1,January,Q1,1,2011-01,Non-Holiday,0.45595218
29,2011-01-14,426905.26,0,24.76,3.215,132.9510645,10.256,2011,1,January,Q1,2,2011-01,Non-Holiday,0.42690526
29,2011-01-21,445134.15,0,26.8,3.232,133.0285161,10.256,2011,1,January,Q1,3,2011-01,Non-Holiday,0.44513415
29,2011-01-28,410426.97,0,20.61,3.243,133.1059677,10.256,2011,1,January,Q1,4,2011-01,Non-Holiday,0.41042696999999995
29,2011-02-04,504126.89,0,26.39,3.24,133.1834194,10.256,2011,2,February,Q1,5,2011-02,Non-Holiday,0.50412689
29,2011-02-11,550387.78,1,28.89,3.255,133.260871,10.256,2011,2,February,Q1,6,2011-02,Holiday,0.55038778
29,2011-02-18,542529.21,0,35.34,3.263,133.3701429,10.256,2011,2,February,Q1,7,2011-02,Non-Holiday,0.54252921
29,2011-02-25,483660.15,0,30.23,3.281,133.4921429,10.256,2011,2,February,Q1,8,2011-02,Non-Holiday,0.48366015
29,2011-03-04,536031.67,0,33.52,3.437,133.6141429,10.256,2011,3,March,Q1,9,2011-03,Non-Holiday,0.5360316700000001
29,2011-03-11,493430.45,0,41.42,3.6,133.7361429,10.256,2011,3,March,Q1,10,2011-03,Non-Holiday,0.49343045
29,2011-03-18,493653.43,0,43.38,3.634,133.8492258,10.256,2011,3,March,Q1,11,2011-03,Non-Holiday,0.49365343
29,2011-03-25,478773.05,0,38.77,3.624,133.9587419,10.256,2011,3,March,Q1,12,2011-03,Non-Holiday,0.47877305
29,2011-04-01,475615.26,0,36.04,3.638,134.0682581,9.966,2011,4,April,Q2,13,2011-04,Non-Holiday,0.47561526
29,2011-04-08,505304.33,0,44.42,3.72,134.1777742,9.966,2011,4,April,Q2,14,2011-04,Non-Holiday,0.50530433
29,2011-04-15,518245.97,0,48.88,3.823,134.2784667,9.966,2011,4,April,Q2,15,2011-04,Non-Holiday,0.51824597
29,2011-04-22,589252.69,0,47.76,3.919,134.3571,9.966,2011,4,April,Q2,16,2011-04,Non-Holiday,0.5892526899999999
29,2011-04-29,493078.64,0,57.2,3.988,134.4357333,9.966,2011,4,April,Q2,17,2011-04,Non-Holiday,0.49307864
29,2011-05-06,534372.53,0,53.63,4.078,134.5143667,9.966,2011,5,May,Q2,18,2011-05,Non-Holiday,0.5343725300000001
29,2011-05-13,549551.02,0,57.71,4.095,134.593,9.966,2011,5,May,Q2,19,2011-05,Non-Holiday,0.54955102
29,2011-05-20,492932.51,0,58.56,4.101,134.6803871,9.966,2011,5,May,Q2,20,2011-05,Non-Holiday,0.49293251
29,2011-05-27,550735.64,0,62.59,4.034,134.7677742,9.966,2011,5,May,Q2,21,2011-05,Non-Holiday,0.55073564
29,2011-06-03,598251.57,0,70.09,3.973,134.8551613,9.966,2011,6,June,Q2,22,2011-06,Non-Holiday,0.59825157
29,2011-06-10,558431.44,0,69.53,3.924,134.9425484,9.966,2011,6,June,Q2,23,2011-06,Non-Holiday,0.5584314399999999
29,2011-06-17,536914.17,0,63.97,3.873,135.0837333,9.966,2011,6,June,Q2,24,2011-06,Non-Holiday,0.5369141700000001
29,2011-06-24,545368.17,0,68.53,3.851,135.2652667,9.966,2011,6,June,Q2,25,2011-06,Non-Holiday,0.54536817
29,2011-07-01,567114.6,0,70.8,3.815,135.4468,9.863,2011,7,July,Q3,26,2011-07,Non-Holiday,0.5671146
29,2011-07-08,547586.07,0,74.22,3.784,135.6283333,9.863,2011,7,July,Q3,27,2011-07,Non-Holiday,0.5475860699999999
29,2011-07-15,505246.15,0,75.2,3.827,135.7837419,9.863,2011,7,July,Q3,28,2011-07,Non-Holiday,0.5052461500000001
29,2011-07-22,507335.75,0,77.79,3.882,135.8738387,9.863,2011,7,July,Q3,29,2011-07,Non-Holiday,0.50733575
29,2011-07-29,474653.06,0,75.32,3.898,135.9639355,9.863,2011,7,July,Q3,30,2011-07,Non-Holiday,0.47465306
29,2011-08-05,503486.37,0,75.33,3.903,136.0540323,9.863,2011,8,August,Q3,31,2011-08,Non-Holiday,0.50348637
29,2011-08-12,471311.5,0,74.69,3.88,136.144129,9.863,2011,8,August,Q3,32,2011-08,Non-Holiday,0.4713115
29,2011-08-19,498056.0,0,71.3,3.82,136.183129,9.863,2011,8,August,Q3,33,2011-08,Non-Holiday,0.498056
29,2011-08-26,608294.98,0,72.22,3.796,136.2136129,9.863,2011,8,August,Q3,34,2011-08,Non-Holiday,0.6082949799999999
29,2011-09-02,497085.91,0,69.16,3.784,136.2440968,9.863,2011,9,September,Q3,35,2011-09,Non-Holiday,0.49708590999999996
29,2011-09-09,505406.72,1,69.14,3.809,136.2745806,9.863,2011,9,September,Q3,36,2011-09,Holiday,0.50540672
29,2011-09-16,474129.35,0,68.08,3.809,136.3145,9.863,2011,9,September,Q3,37,2011-09,Non-Holiday,0.47412934999999995
29,2011-09-23,475696.37,0,62.36,3.758,136.367,9.863,2011,9,September,Q3,38,2011-09,Non-Holiday,0.47569637
29,2011-09-30,446516.26,0,69.78,3.684,136.4195,9.863,2011,9,September,Q3,39,2011-09,Non-Holiday,0.44651626
29,2011-10-07,514993.0,0,56.44,3.633,136.472,9.357,2011,10,October,Q4,40,2011-10,Non-Holiday,0.514993
29,2011-10-14,475776.45,0,62.63,3.583,136.5150968,9.357,2011,10,October,Q4,41,2011-10,Non-Holiday,0.47577645
29,2011-10-21,505068.22,0,59.3,3.618,136.5017742,9.357,2011,10,October,Q4,42,2011-10,Non-Holiday,0.50506822
29,2011-10-28,515119.64,0,49.31,3.604,136.4884516,9.357,2011,10,October,Q4,43,2011-10,Non-Holiday,0.51511964
29,2011-11-04,620735.72,0,42.81,3.586,136.475129,9.357,2011,11,November,Q4,44,2011-11,Non-Holiday,0.62073572
29,2011-11-11,531600.62,0,47.8,3.57,136.4618065,9.357,2011,11,November,Q4,45,2011-11,Non-Holiday,0.53160062
29,2011-11-18,504601.29,0,50.62,3.571,136.4666667,9.357,2011,11,November,Q4,46,2011-11,Non-Holiday,0.50460129
29,2011-11-25,913165.19,1,46.28,3.536,136.4788,9.357,2011,11,November,Q4,47,2011-11,Holiday,0.91316519
29,2011-12-02,579874.22,0,49.11,3.501,136.4909333,9.357,2011,12,December,Q4,48,2011-12,Non-Holiday,0.57987422
29,2011-12-09,633240.53,0,45.35,3.47,136.5030667,9.357,2011,12,December,Q4,49,2011-12,Non-Holiday,0.63324053
29,2011-12-16,736805.66,0,39.11,3.445,136.5335161,9.357,2011,12,December,Q4,50,2011-12,Non-Holiday,0.73680566
29,2011-12-23,1016637.39,0,39.83,3.413,136.5883871,9.357,2011,12,December,Q4,51,2011-12,Non-Holiday,1.01663739
29,2011-12-30,551743.05,1,36.28,3.402,136.6432581,9.357,2011,12,December,Q4,52,2011-12,Holiday,0.55174305
29,2012-01-06,469773.85,0,34.61,3.439,136.698129,8.988,2012,1,January,Q1,1,2012-01,Non-Holiday,0.46977385
29,2012-01-13,444756.37,0,39.0,3.523,136.753,8.988,2012,1,January,Q1,2,2012-01,Non-Holiday,0.44475637
29,2012-01-20,446863.31,0,29.16,3.542,136.8564194,8.988,2012,1,January,Q1,3,2012-01,Non-Holiday,0.44686331
29,2012-01-27,395987.24,0,35.68,3.568,136.9598387,8.988,2012,1,January,Q1,4,2012-01,Non-Holiday,0.39598724
29,2012-02-03,493159.35,0,40.58,3.633,137.0632581,8.988,2012,2,February,Q1,5,2012-02,Non-Holiday,0.49315935
29,2012-02-10,545840.05,1,35.68,3.655,137.1666774,8.988,2012,2,February,Q1,6,2012-02,Holiday,0.54584005
29,2012-02-17,559606.91,0,36.25,3.703,137.2583103,8.988,2012,2,February,Q1,7,2012-02,Non-Holiday,0.5596069100000001
29,2012-02-24,488782.63,0,39.0,3.751,137.3411034,8.988,2012,2,February,Q1,8,2012-02,Non-Holiday,0.48878263
29,2012-03-02,500801.72,0,37.47,3.827,137.4238966,8.988,2012,3,March,Q1,9,2012-03,Non-Holiday,0.50080172
29,2012-03-09,504750.35,0,41.72,3.876,137.5066897,8.988,2012,3,March,Q1,10,2012-03,Non-Holiday,0.50475035
29,2012-03-16,489293.72,0,46.06,3.867,137.5843871,8.988,2012,3,March,Q1,11,2012-03,Non-Holiday,0.48929372
29,2012-03-23,517408.48,0,54.68,3.889,137.6552903,8.988,2012,3,March,Q1,12,2012-03,Non-Holiday,0.51740848
29,2012-03-30,504566.28,0,46.4,3.921,137.7261935,8.988,2012,3,March,Q1,13,2012-03,Non-Holiday,0.50456628
29,2012-04-06,633826.55,0,46.38,3.957,137.7970968,9.14,2012,4,April,Q2,14,2012-04,Non-Holiday,0.6338265500000001
29,2012-04-13,520493.83,0,49.89,4.025,137.868,9.14,2012,4,April,Q2,15,2012-04,Non-Holiday,0.52049383
29,2012-04-20,525200.59,0,58.81,4.046,137.9230667,9.14,2012,4,April,Q2,16,2012-04,Non-Holiday,0.52520059
29,2012-04-27,497250.22,0,51.42,4.023,137.9781333,9.14,2012,4,April,Q2,17,2012-04,Non-Holiday,0.49725021999999997
29,2012-05-04,504963.84,0,50.75,3.991,138.0332,9.14,2012,5,May,Q2,18,2012-05,Non-Holiday,0.50496384
29,2012-05-11,529707.87,0,56.72,3.947,138.0882667,9.14,2012,5,May,Q2,19,2012-05,Non-Holiday,0.52970787
29,2012-05-18,543706.04,0,61.9,3.899,138.1065806,9.14,2012,5,May,Q2,20,2012-05,Non-Holiday,0.54370604
29,2012-05-25,549665.67,0,62.39,3.85,138.1101935,9.14,2012,5,May,Q2,21,2012-05,Non-Holiday,0.54966567
29,2012-06-01,576252.35,0,70.01,3.798,138.1138065,9.14,2012,6,June,Q2,22,2012-06,Non-Holiday,0.57625235
29,2012-06-08,554093.15,0,61.71,3.746,138.1174194,9.14,2012,6,June,Q2,23,2012-06,Non-Holiday,0.55409315
29,2012-06-15,552338.76,0,66.56,3.683,138.1295333,9.14,2012,6,June,Q2,24,2012-06,Non-Holiday,0.55233876
29,2012-06-22,581854.5,0,70.61,3.629,138.1629,9.14,2012,6,June,Q2,25,2012-06,Non-Holiday,0.5818545
29,2012-06-29,555954.13,0,70.99,3.577,138.1962667,9.14,2012,6,June,Q2,26,2012-06,Non-Holiday,0.55595413
29,2012-07-06,578832.41,0,77.41,3.538,138.2296333,9.419,2012,7,July,Q3,27,2012-07,Non-Holiday,0.5788324100000001
29,2012-07-13,514709.76,0,75.81,3.561,138.263,9.419,2012,7,July,Q3,28,2012-07,Non-Holiday,0.51470976
29,2012-07-20,506705.36,0,76.57,3.61,138.2331935,9.419,2012,7,July,Q3,29,2012-07,Non-Holiday,0.50670536
29,2012-07-27,475158.24,0,73.52,3.701,138.2033871,9.419,2012,7,July,Q3,30,2012-07,Non-Holiday,0.47515824
29,2012-08-03,504754.74,0,72.99,3.698,138.1735806,9.419,2012,8,August,Q3,31,2012-08,Non-Holiday,0.50475474
29,2012-08-10,518628.42,0,76.74,3.772,138.1437742,9.419,2012,8,August,Q3,32,2012-08,Non-Holiday,0.51862842
29,2012-08-17,416881.66,0,74.92,3.84,138.1857097,9.419,2012,8,August,Q3,33,2012-08,Non-Holiday,0.41688166
29,2012-08-24,615026.15,0,70.42,3.874,138.2814516,9.419,2012,8,August,Q3,34,2012-08,Non-Holiday,0.61502615
29,2012-08-31,545844.91,0,71.93,3.884,138.3771935,9.419,2012,8,August,Q3,35,2012-08,Non-Holiday,0.54584491
29,2012-09-07,540811.85,1,73.3,3.921,138.4729355,9.419,2012,9,September,Q3,36,2012-09,Holiday,0.54081185
29,2012-09-14,475127.18,0,66.42,3.988,138.5673,9.419,2012,9,September,Q3,37,2012-09,Non-Holiday,0.47512718
29,2012-09-21,489079.23,0,63.38,4.056,138.6534,9.419,2012,9,September,Q3,38,2012-09,Non-Holiday,0.48907923
29,2012-09-28,489674.23,0,62.17,4.018,138.7395,9.419,2012,9,September,Q3,39,2012-09,Non-Holiday,0.48967423
29,2012-10-05,520632.8,0,62.09,4.027,138.8256,9.151,2012,10,October,Q4,40,2012-10,Non-Holiday,0.5206328
29,2012-10-12,513737.0,0,54.18,4.029,138.9117,9.151,2012,10,October,Q4,41,2012-10,Non-Holiday,0.513737
29,2012-10-19,516909.24,0,55.28,4.0,138.8336129,9.151,2012,10,October,Q4,42,2012-10,Non-Holiday,0.5169092399999999
29,2012-10-26,534970.68,0,57.58,3.917,138.7281613,9.151,2012,10,October,Q4,43,2012-10,Non-Holiday,0.53497068
30,2010-02-05,465108.52,0,39.05,2.572,210.7526053,8.324,2010,2,February,Q1,5,2010-02,Non-Holiday,0.46510852
30,2010-02-12,497374.57,1,37.77,2.548,210.8979935,8.324,2010,2,February,Q1,6,2010-02,Holiday,0.49737457
30,2010-02-19,463513.26,0,39.75,2.514,210.9451605,8.324,2010,2,February,Q1,7,2010-02,Non-Holiday,0.46351326
30,2010-02-26,472330.71,0,45.31,2.561,210.9759573,8.324,2010,2,February,Q1,8,2010-02,Non-Holiday,0.47233071000000004
30,2010-03-05,472591.07,0,48.61,2.625,211.0067542,8.324,2010,3,March,Q1,9,2010-03,Non-Holiday,0.47259107
30,2010-03-12,468189.93,0,57.1,2.667,211.037551,8.324,2010,3,March,Q1,10,2010-03,Non-Holiday,0.46818993
30,2010-03-19,445736.36,0,54.68,2.72,210.8733316,8.324,2010,3,March,Q1,11,2010-03,Non-Holiday,0.44573636
30,2010-03-26,442457.35,0,51.66,2.732,210.6766095,8.324,2010,3,March,Q1,12,2010-03,Non-Holiday,0.44245734999999997
30,2010-04-02,457884.06,0,64.12,2.719,210.4798874,8.2,2010,4,April,Q2,13,2010-04,Non-Holiday,0.45788406
30,2010-04-09,454800.96,0,65.74,2.77,210.2831653,8.2,2010,4,April,Q2,14,2010-04,Non-Holiday,0.45480096000000003
30,2010-04-16,471054.16,0,67.87,2.808,210.1495463,8.2,2010,4,April,Q2,15,2010-04,Non-Holiday,0.47105416
30,2010-04-23,462454.39,0,64.21,2.795,210.1000648,8.2,2010,4,April,Q2,16,2010-04,Non-Holiday,0.46245439
30,2010-04-30,456140.34,0,66.93,2.78,210.0505833,8.2,2010,4,April,Q2,17,2010-04,Non-Holiday,0.45614034000000003
30,2010-05-07,457883.94,0,70.87,2.835,210.0011018,8.2,2010,5,May,Q2,18,2010-05,Non-Holiday,0.45788394
30,2010-05-14,461868.09,0,73.08,2.854,209.9984585,8.2,2010,5,May,Q2,19,2010-05,Non-Holiday,0.46186809
30,2010-05-21,455751.84,0,74.24,2.826,210.2768443,8.2,2010,5,May,Q2,20,2010-05,Non-Holiday,0.45575184
30,2010-05-28,462474.16,0,80.94,2.759,210.5552301,8.2,2010,5,May,Q2,21,2010-05,Non-Holiday,0.46247415999999997
30,2010-06-04,458343.7,0,82.68,2.705,210.833616,8.2,2010,6,June,Q2,22,2010-06,Non-Holiday,0.4583437
30,2010-06-11,445530.16,0,83.51,2.668,211.1120018,8.2,2010,6,June,Q2,23,2010-06,Non-Holiday,0.44553015999999995
30,2010-06-18,447727.52,0,86.18,2.637,211.1096543,8.2,2010,6,June,Q2,24,2010-06,Non-Holiday,0.44772752000000005
30,2010-06-25,453210.24,0,87.01,2.653,210.9950134,8.2,2010,6,June,Q2,25,2010-06,Non-Holiday,0.45321024
30,2010-07-02,450337.47,0,82.29,2.669,210.8803726,8.099,2010,7,July,Q3,26,2010-07,Non-Holiday,0.45033746999999996
30,2010-07-09,436293.4,0,81.67,2.642,210.7657317,8.099,2010,7,July,Q3,27,2010-07,Non-Holiday,0.4362934
30,2010-07-16,438068.71,0,85.61,2.623,210.7577954,8.099,2010,7,July,Q3,28,2010-07,Non-Holiday,0.43806871000000003
30,2010-07-23,440491.33,0,87.17,2.608,210.8921319,8.099,2010,7,July,Q3,29,2010-07,Non-Holiday,0.44049133
30,2010-07-30,437893.76,0,83.59,2.64,211.0264684,8.099,2010,7,July,Q3,30,2010-07,Non-Holiday,0.43789376
30,2010-08-06,441407.06,0,90.3,2.627,211.1608049,8.099,2010,8,August,Q3,31,2010-08,Non-Holiday,0.44140706
30,2010-08-13,444160.07,0,89.65,2.692,211.2951413,8.099,2010,8,August,Q3,32,2010-08,Non-Holiday,0.44416007
30,2010-08-20,447139.8,0,89.58,2.664,211.2596586,8.099,2010,8,August,Q3,33,2010-08,Non-Holiday,0.4471398
30,2010-08-27,443810.78,0,86.2,2.619,211.2241759,8.099,2010,8,August,Q3,34,2010-08,Non-Holiday,0.44381078
30,2010-09-03,461548.98,0,82.57,2.577,211.1886931,8.099,2010,9,September,Q3,35,2010-09,Non-Holiday,0.46154898
30,2010-09-10,455162.92,1,79.3,2.565,211.1532104,8.099,2010,9,September,Q3,36,2010-09,Holiday,0.45516291999999997
30,2010-09-17,462058.19,0,83.03,2.582,211.1806415,8.099,2010,9,September,Q3,37,2010-09,Non-Holiday,0.46205819
30,2010-09-24,448392.17,0,80.79,2.624,211.2552578,8.099,2010,9,September,Q3,38,2010-09,Non-Holiday,0.44839217
30,2010-10-01,445475.3,0,70.28,2.603,211.3298742,8.163,2010,10,October,Q4,39,2010-10,Non-Holiday,0.44547529999999996
30,2010-10-08,462080.47,0,65.76,2.633,211.4044906,8.163,2010,10,October,Q4,40,2010-10,Non-Holiday,0.46208046999999997
30,2010-10-15,453943.89,0,68.61,2.72,211.4713286,8.163,2010,10,October,Q4,41,2010-10,Non-Holiday,0.45394389
30,2010-10-22,459631.74,0,70.72,2.725,211.5187208,8.163,2010,10,October,Q4,42,2010-10,Non-Holiday,0.45963174
30,2010-10-29,438334.39,0,67.51,2.716,211.5661131,8.163,2010,10,October,Q4,43,2010-10,Non-Holiday,0.43833439
30,2010-11-05,484661.87,0,58.71,2.689,211.6135053,8.163,2010,11,November,Q4,44,2010-11,Non-Holiday,0.48466187
30,2010-11-12,431266.64,0,60.95,2.728,211.6608975,8.163,2010,11,November,Q4,45,2010-11,Non-Holiday,0.43126664000000003
30,2010-11-19,423707.69,0,51.71,2.771,211.5470304,8.163,2010,11,November,Q4,46,2010-11,Non-Holiday,0.42370769
30,2010-11-26,462732.36,1,62.96,2.735,211.4062867,8.163,2010,11,November,Q4,47,2010-11,Holiday,0.46273236
30,2010-12-03,407112.22,0,50.43,2.708,211.265543,8.163,2010,12,December,Q4,48,2010-12,Non-Holiday,0.40711221999999997
30,2010-12-10,428631.91,0,46.35,2.843,211.1247993,8.163,2010,12,December,Q4,49,2010-12,Non-Holiday,0.42863190999999995
30,2010-12-17,445332.28,0,48.63,2.869,211.0645458,8.163,2010,12,December,Q4,50,2010-12,Non-Holiday,0.44533228
30,2010-12-24,519354.88,0,51.29,2.886,211.0646599,8.163,2010,12,December,Q4,51,2010-12,Non-Holiday,0.51935488
30,2010-12-31,397631.02,1,47.19,2.943,211.064774,8.163,2010,12,December,Q4,52,2010-12,Holiday,0.39763102
30,2011-01-07,451077.21,0,44.24,2.976,211.0648881,8.028,2011,1,January,Q1,1,2011-01,Non-Holiday,0.45107721
30,2011-01-14,465408.72,0,34.14,2.983,211.1176713,8.028,2011,1,January,Q1,2,2011-01,Non-Holiday,0.46540872
30,2011-01-21,439132.62,0,42.72,3.016,211.4864691,8.028,2011,1,January,Q1,3,2011-01,Non-Holiday,0.43913262
30,2011-01-28,425989.04,0,44.04,3.01,211.8552668,8.028,2011,1,January,Q1,4,2011-01,Non-Holiday,0.42598904
30,2011-02-04,490970.95,0,36.33,2.989,212.2240646,8.028,2011,2,February,Q1,5,2011-02,Non-Holiday,0.49097095
30,2011-02-11,470921.24,1,34.61,3.022,212.5928624,8.028,2011,2,February,Q1,6,2011-02,Holiday,0.47092123999999996
30,2011-02-18,417070.51,0,59.87,3.045,212.9033115,8.028,2011,2,February,Q1,7,2011-02,Non-Holiday,0.41707051
30,2011-02-25,432687.97,0,61.27,3.065,213.190421,8.028,2011,2,February,Q1,8,2011-02,Non-Holiday,0.43268797
30,2011-03-04,443334.71,0,59.52,3.288,213.4775305,8.028,2011,3,March,Q1,9,2011-03,Non-Holiday,0.44333471
30,2011-03-11,438529.81,0,54.69,3.459,213.7646401,8.028,2011,3,March,Q1,10,2011-03,Non-Holiday,0.43852981
30,2011-03-18,425470.84,0,63.26,3.488,214.0156238,8.028,2011,3,March,Q1,11,2011-03,Non-Holiday,0.42547084
30,2011-03-25,431754.01,0,70.33,3.473,214.2521573,8.028,2011,3,March,Q1,12,2011-03,Non-Holiday,0.43175401
30,2011-04-01,437926.79,0,56.36,3.524,214.4886908,7.931,2011,4,April,Q2,13,2011-04,Non-Holiday,0.43792678999999995
30,2011-04-08,443889.5,0,68.62,3.622,214.7252242,7.931,2011,4,April,Q2,14,2011-04,Non-Holiday,0.4438895
30,2011-04-15,426666.92,0,71.01,3.743,214.9420631,7.931,2011,4,April,Q2,15,2011-04,Non-Holiday,0.42666692
30,2011-04-22,445358.73,0,70.79,3.807,215.1096657,7.931,2011,4,April,Q2,16,2011-04,Non-Holiday,0.44535873
30,2011-04-29,423687.2,0,70.19,3.81,215.2772683,7.931,2011,4,April,Q2,17,2011-04,Non-Holiday,0.4236872
30,2011-05-06,438789.52,0,61.87,3.906,215.4448709,7.931,2011,5,May,Q2,18,2011-05,Non-Holiday,0.43878952000000004
30,2011-05-13,424614.59,0,75.04,3.899,215.6124735,7.931,2011,5,May,Q2,19,2011-05,Non-Holiday,0.42461459
30,2011-05-20,435102.2,0,68.36,3.907,215.3834778,7.931,2011,5,May,Q2,20,2011-05,Non-Holiday,0.4351022
30,2011-05-27,429305.82,0,76.86,3.786,215.1544822,7.931,2011,5,May,Q2,21,2011-05,Non-Holiday,0.42930582
30,2011-06-03,432808.48,0,83.82,3.699,214.9254865,7.931,2011,6,June,Q2,22,2011-06,Non-Holiday,0.43280848
30,2011-06-10,424697.05,0,84.71,3.648,214.6964908,7.931,2011,6,June,Q2,23,2011-06,Non-Holiday,0.42469704999999996
30,2011-06-17,435481.03,0,87.54,3.637,214.6513538,7.931,2011,6,June,Q2,24,2011-06,Non-Holiday,0.43548103000000005
30,2011-06-24,422715.74,0,85.72,3.594,214.7441108,7.931,2011,6,June,Q2,25,2011-06,Non-Holiday,0.42271574
30,2011-07-01,428782.38,0,87.57,3.524,214.8368678,7.852,2011,7,July,Q3,26,2011-07,Non-Holiday,0.42878238
30,2011-07-08,419764.37,0,89.16,3.48,214.9296249,7.852,2011,7,July,Q3,27,2011-07,Non-Holiday,0.41976437
30,2011-07-15,420515.63,0,91.05,3.575,215.0134426,7.852,2011,7,July,Q3,28,2011-07,Non-Holiday,0.42051563000000003
30,2011-07-22,423441.76,0,90.27,3.651,215.0749122,7.852,2011,7,July,Q3,29,2011-07,Non-Holiday,0.42344176
30,2011-07-29,414245.96,0,91.56,3.682,215.1363819,7.852,2011,7,July,Q3,30,2011-07,Non-Holiday,0.41424596
30,2011-08-05,431798.64,0,94.22,3.684,215.1978515,7.852,2011,8,August,Q3,31,2011-08,Non-Holiday,0.43179864
30,2011-08-12,412224.67,0,92.32,3.638,215.2593211,7.852,2011,8,August,Q3,32,2011-08,Non-Holiday,0.41222466999999996
30,2011-08-19,414450.61,0,90.11,3.554,215.3229307,7.852,2011,8,August,Q3,33,2011-08,Non-Holiday,0.41445061
30,2011-08-26,387944.83,0,92.07,3.523,215.386897,7.852,2011,8,August,Q3,34,2011-08,Non-Holiday,0.38794483
30,2011-09-02,369722.32,0,91.94,3.533,215.4508632,7.852,2011,9,September,Q3,35,2011-09,Non-Holiday,0.36972232
30,2011-09-09,370897.82,1,78.87,3.546,215.5148295,7.852,2011,9,September,Q3,36,2011-09,Holiday,0.37089782
30,2011-09-16,382914.66,0,80.62,3.526,215.6944378,7.852,2011,9,September,Q3,37,2011-09,Non-Holiday,0.38291465999999996
30,2011-09-23,391837.56,0,75.68,3.467,216.0282356,7.852,2011,9,September,Q3,38,2011-09,Non-Holiday,0.39183756
30,2011-09-30,387001.13,0,78.91,3.355,216.3620333,7.852,2011,9,September,Q3,39,2011-09,Non-Holiday,0.38700113
30,2011-10-07,417528.26,0,71.64,3.285,216.6958311,7.441,2011,10,October,Q4,40,2011-10,Non-Holiday,0.41752826
30,2011-10-14,410711.99,0,69.79,3.274,217.0048261,7.441,2011,10,October,Q4,41,2011-10,Non-Holiday,0.41071198999999997
30,2011-10-21,428958.53,0,65.16,3.353,217.1650042,7.441,2011,10,October,Q4,42,2011-10,Non-Holiday,0.42895853
30,2011-10-28,426151.88,0,65.46,3.372,217.3251824,7.441,2011,10,October,Q4,43,2011-10,Non-Holiday,0.42615188
30,2011-11-04,432359.04,0,56.01,3.332,217.4853605,7.441,2011,11,November,Q4,44,2011-11,Non-Holiday,0.43235904
30,2011-11-11,409686.63,0,59.8,3.297,217.6455387,7.441,2011,11,November,Q4,45,2011-11,Non-Holiday,0.40968663
30,2011-11-18,436462.63,0,61.9,3.308,217.8670218,7.441,2011,11,November,Q4,46,2011-11,Non-Holiday,0.43646263
30,2011-11-25,452163.93,1,56.43,3.236,218.1130269,7.441,2011,11,November,Q4,47,2011-11,Holiday,0.45216393
30,2011-12-02,412385.75,0,48.72,3.172,218.3590319,7.441,2011,12,December,Q4,48,2011-12,Non-Holiday,0.41238575
30,2011-12-09,436741.02,0,41.44,3.158,218.605037,7.441,2011,12,December,Q4,49,2011-12,Non-Holiday,0.43674102000000004
30,2011-12-16,441265.08,0,50.56,3.159,218.8217928,7.441,2011,12,December,Q4,50,2011-12,Non-Holiday,0.44126508000000003
30,2011-12-23,492022.68,0,46.54,3.112,218.9995495,7.441,2011,12,December,Q4,51,2011-12,Non-Holiday,0.49202268
30,2011-12-30,376777.45,1,45.16,3.129,219.1773063,7.441,2011,12,December,Q4,52,2011-12,Holiday,0.37677745
30,2012-01-06,457030.86,0,48.1,3.157,219.355063,7.057,2012,1,January,Q1,1,2012-01,Non-Holiday,0.45703086
30,2012-01-13,447023.91,0,45.0,3.261,219.5328198,7.057,2012,1,January,Q1,2,2012-01,Non-Holiday,0.44702390999999997
30,2012-01-20,438760.62,0,52.21,3.268,219.6258417,7.057,2012,1,January,Q1,3,2012-01,Non-Holiday,0.43876062
30,2012-01-27,433037.66,0,50.79,3.29,219.7188636,7.057,2012,1,January,Q1,4,2012-01,Non-Holiday,0.43303766
30,2012-02-03,434080.74,0,55.83,3.36,219.8118854,7.057,2012,2,February,Q1,5,2012-02,Non-Holiday,0.43408073999999996
30,2012-02-10,451365.99,1,46.52,3.409,219.9049073,7.057,2012,2,February,Q1,6,2012-02,Holiday,0.45136599
30,2012-02-17,435109.11,0,45.03,3.51,220.0651993,7.057,2012,2,February,Q1,7,2012-02,Non-Holiday,0.43510910999999997
30,2012-02-24,425215.71,0,54.81,3.555,220.275944,7.057,2012,2,February,Q1,8,2012-02,Non-Holiday,0.42521571
30,2012-03-02,438640.61,0,59.3,3.63,220.4866886,7.057,2012,3,March,Q1,9,2012-03,Non-Holiday,0.43864061
30,2012-03-09,446617.89,0,57.16,3.669,220.6974332,7.057,2012,3,March,Q1,10,2012-03,Non-Holiday,0.44661789
30,2012-03-16,413617.45,0,63.39,3.734,220.8498468,7.057,2012,3,March,Q1,11,2012-03,Non-Holiday,0.41361745
30,2012-03-23,430222.97,0,62.96,3.787,220.9244858,7.057,2012,3,March,Q1,12,2012-03,Non-Holiday,0.43022297
30,2012-03-30,449603.91,0,67.87,3.845,220.9991248,7.057,2012,3,March,Q1,13,2012-03,Non-Holiday,0.44960391
30,2012-04-06,461511.92,0,69.02,3.891,221.0737638,6.891,2012,4,April,Q2,14,2012-04,Non-Holiday,0.46151191999999996
30,2012-04-13,428784.7,0,69.03,3.891,221.1484028,6.891,2012,4,April,Q2,15,2012-04,Non-Holiday,0.4287847
30,2012-04-20,462909.41,0,66.97,3.877,221.2021074,6.891,2012,4,April,Q2,16,2012-04,Non-Holiday,0.46290940999999997
30,2012-04-27,433744.83,0,69.21,3.814,221.255812,6.891,2012,4,April,Q2,17,2012-04,Non-Holiday,0.43374483
30,2012-05-04,454477.54,0,77.53,3.749,221.3095166,6.891,2012,5,May,Q2,18,2012-05,Non-Holiday,0.45447753999999996
30,2012-05-11,436070.45,0,74.14,3.688,221.3632212,6.891,2012,5,May,Q2,19,2012-05,Non-Holiday,0.43607045
30,2012-05-18,460945.14,0,72.42,3.63,221.380331,6.891,2012,5,May,Q2,20,2012-05,Non-Holiday,0.46094514000000003
30,2012-05-25,449355.91,0,79.49,3.561,221.3828029,6.891,2012,5,May,Q2,21,2012-05,Non-Holiday,0.44935590999999997
30,2012-06-01,427021.18,0,79.24,3.501,221.3852748,6.891,2012,6,June,Q2,22,2012-06,Non-Holiday,0.42702118
30,2012-06-08,437222.94,0,79.47,3.452,221.3877467,6.891,2012,6,June,Q2,23,2012-06,Non-Holiday,0.43722294
30,2012-06-15,438523.24,0,81.51,3.393,221.4009901,6.891,2012,6,June,Q2,24,2012-06,Non-Holiday,0.43852324
30,2012-06-22,428554.63,0,81.78,3.346,221.4411622,6.891,2012,6,June,Q2,25,2012-06,Non-Holiday,0.42855463
30,2012-06-29,423192.4,0,88.05,3.286,221.4813343,6.891,2012,6,June,Q2,26,2012-06,Non-Holiday,0.4231924
30,2012-07-06,440553.42,0,85.26,3.227,221.5215064,6.565,2012,7,July,Q3,27,2012-07,Non-Holiday,0.44055342
30,2012-07-13,417640.34,0,82.51,3.256,221.5616784,6.565,2012,7,July,Q3,28,2012-07,Non-Holiday,0.41764034
30,2012-07-20,427491.04,0,84.25,3.311,221.5701123,6.565,2012,7,July,Q3,29,2012-07,Non-Holiday,0.42749104
30,2012-07-27,424581.17,0,88.09,3.407,221.5785461,6.565,2012,7,July,Q3,30,2012-07,Non-Holiday,0.42458117
30,2012-08-03,425136.55,0,91.57,3.417,221.5869799,6.565,2012,8,August,Q3,31,2012-08,Non-Holiday,0.42513655
30,2012-08-10,430878.28,0,89.57,3.494,221.5954138,6.565,2012,8,August,Q3,32,2012-08,Non-Holiday,0.43087828
30,2012-08-17,423351.15,0,85.55,3.571,221.6751459,6.565,2012,8,August,Q3,33,2012-08,Non-Holiday,0.42335115
30,2012-08-24,425296.65,0,77.72,3.62,221.8083518,6.565,2012,8,August,Q3,34,2012-08,Non-Holiday,0.42529665
30,2012-08-31,439132.5,0,83.58,3.638,221.9415576,6.565,2012,8,August,Q3,35,2012-08,Non-Holiday,0.4391325
30,2012-09-07,433565.77,1,88.4,3.73,222.0747635,6.565,2012,9,September,Q3,36,2012-09,Holiday,0.43356577
30,2012-09-14,437773.31,0,76.1,3.717,222.2174395,6.565,2012,9,September,Q3,37,2012-09,Non-Holiday,0.43777330999999997
30,2012-09-21,443891.64,0,71.54,3.721,222.4169362,6.565,2012,9,September,Q3,38,2012-09,Non-Holiday,0.44389164000000003
30,2012-09-28,425410.04,0,80.38,3.666,222.6164329,6.565,2012,9,September,Q3,39,2012-09,Non-Holiday,0.42541004
30,2012-10-05,446751.45,0,70.28,3.617,222.8159296,6.17,2012,10,October,Q4,40,2012-10,Non-Holiday,0.44675145
30,2012-10-12,434593.26,0,61.53,3.601,223.0154263,6.17,2012,10,October,Q4,41,2012-10,Non-Holiday,0.43459326000000004
30,2012-10-19,437537.29,0,68.52,3.594,223.0598077,6.17,2012,10,October,Q4,42,2012-10,Non-Holiday,0.43753728999999997
30,2012-10-26,439424.5,0,70.5,3.506,223.0783366,6.17,2012,10,October,Q4,43,2012-10,Non-Holiday,0.4394245
31,2010-02-05,1469252.05,0,39.05,2.572,210.7526053,8.324,2010,2,February,Q1,5,2010-02,Non-Holiday,1.4692520500000001
31,2010-02-12,1543947.23,1,37.77,2.548,210.8979935,8.324,2010,2,February,Q1,6,2010-02,Holiday,1.54394723
31,2010-02-19,1473386.75,0,39.75,2.514,210.9451605,8.324,2010,2,February,Q1,7,2010-02,Non-Holiday,1.47338675
31,2010-02-26,1344354.41,0,45.31,2.561,210.9759573,8.324,2010,2,February,Q1,8,2010-02,Non-Holiday,1.34435441
31,2010-03-05,1384870.51,0,48.61,2.625,211.0067542,8.324,2010,3,March,Q1,9,2010-03,Non-Holiday,1.38487051
31,2010-03-12,1366193.35,0,57.1,2.667,211.037551,8.324,2010,3,March,Q1,10,2010-03,Non-Holiday,1.36619335
31,2010-03-19,1332261.01,0,54.68,2.72,210.8733316,8.324,2010,3,March,Q1,11,2010-03,Non-Holiday,1.33226101
31,2010-03-26,1229635.7,0,51.66,2.732,210.6766095,8.324,2010,3,March,Q1,12,2010-03,Non-Holiday,1.2296357
31,2010-04-02,1357600.68,0,64.12,2.719,210.4798874,8.2,2010,4,April,Q2,13,2010-04,Non-Holiday,1.35760068
31,2010-04-09,1395710.09,0,65.74,2.77,210.2831653,8.2,2010,4,April,Q2,14,2010-04,Non-Holiday,1.3957100900000001
31,2010-04-16,1367448.28,0,67.87,2.808,210.1495463,8.2,2010,4,April,Q2,15,2010-04,Non-Holiday,1.36744828
31,2010-04-23,1280465.8,0,64.21,2.795,210.1000648,8.2,2010,4,April,Q2,16,2010-04,Non-Holiday,1.2804658
31,2010-04-30,1243200.24,0,66.93,2.78,210.0505833,8.2,2010,4,April,Q2,17,2010-04,Non-Holiday,1.24320024
31,2010-05-07,1381796.8,0,70.87,2.835,210.0011018,8.2,2010,5,May,Q2,18,2010-05,Non-Holiday,1.3817968
31,2010-05-14,1287288.59,0,73.08,2.854,209.9984585,8.2,2010,5,May,Q2,19,2010-05,Non-Holiday,1.2872885900000002
31,2010-05-21,1337405.6,0,74.24,2.826,210.2768443,8.2,2010,5,May,Q2,20,2010-05,Non-Holiday,1.3374056
31,2010-05-28,1309437.17,0,80.94,2.759,210.5552301,8.2,2010,5,May,Q2,21,2010-05,Non-Holiday,1.3094371699999998
31,2010-06-04,1427624.5,0,82.68,2.705,210.833616,8.2,2010,6,June,Q2,22,2010-06,Non-Holiday,1.4276245
31,2010-06-11,1377092.33,0,83.51,2.668,211.1120018,8.2,2010,6,June,Q2,23,2010-06,Non-Holiday,1.37709233
31,2010-06-18,1368090.08,0,86.18,2.637,211.1096543,8.2,2010,6,June,Q2,24,2010-06,Non-Holiday,1.36809008
31,2010-06-25,1303523.73,0,87.01,2.653,210.9950134,8.2,2010,6,June,Q2,25,2010-06,Non-Holiday,1.30352373
31,2010-07-02,1311704.92,0,82.29,2.669,210.8803726,8.099,2010,7,July,Q3,26,2010-07,Non-Holiday,1.31170492
31,2010-07-09,1315118.4,0,81.67,2.642,210.7657317,8.099,2010,7,July,Q3,27,2010-07,Non-Holiday,1.3151183999999998
31,2010-07-16,1335433.72,0,85.61,2.623,210.7577954,8.099,2010,7,July,Q3,28,2010-07,Non-Holiday,1.33543372
31,2010-07-23,1276031.84,0,87.17,2.608,210.8921319,8.099,2010,7,July,Q3,29,2010-07,Non-Holiday,1.2760318400000001
31,2010-07-30,1231993.14,0,83.59,2.64,211.0264684,8.099,2010,7,July,Q3,30,2010-07,Non-Holiday,1.23199314
31,2010-08-06,1352401.08,0,90.3,2.627,211.1608049,8.099,2010,8,August,Q3,31,2010-08,Non-Holiday,1.3524010800000001
31,2010-08-13,1327719.34,0,89.65,2.692,211.2951413,8.099,2010,8,August,Q3,32,2010-08,Non-Holiday,1.32771934
31,2010-08-20,1376571.21,0,89.58,2.664,211.2596586,8.099,2010,8,August,Q3,33,2010-08,Non-Holiday,1.37657121
31,2010-08-27,1326621.98,0,86.2,2.619,211.2241759,8.099,2010,8,August,Q3,34,2010-08,Non-Holiday,1.32662198
31,2010-09-03,1302047.48,0,82.57,2.577,211.1886931,8.099,2010,9,September,Q3,35,2010-09,Non-Holiday,1.30204748
31,2010-09-10,1308179.02,1,79.3,2.565,211.1532104,8.099,2010,9,September,Q3,36,2010-09,Holiday,1.30817902
31,2010-09-17,1294105.01,0,83.03,2.582,211.1806415,8.099,2010,9,September,Q3,37,2010-09,Non-Holiday,1.29410501
31,2010-09-24,1230250.25,0,80.79,2.624,211.2552578,8.099,2010,9,September,Q3,38,2010-09,Non-Holiday,1.23025025
31,2010-10-01,1213981.64,0,70.28,2.603,211.3298742,8.163,2010,10,October,Q4,39,2010-10,Non-Holiday,1.2139816399999999
31,2010-10-08,1300131.68,0,65.76,2.633,211.4044906,8.163,2010,10,October,Q4,40,2010-10,Non-Holiday,1.30013168
31,2010-10-15,1265852.43,0,68.61,2.72,211.4713286,8.163,2010,10,October,Q4,41,2010-10,Non-Holiday,1.26585243
31,2010-10-22,1262289.29,0,70.72,2.725,211.5187208,8.163,2010,10,October,Q4,42,2010-10,Non-Holiday,1.26228929
31,2010-10-29,1257921.28,0,67.51,2.716,211.5661131,8.163,2010,10,October,Q4,43,2010-10,Non-Holiday,1.25792128
31,2010-11-05,1324455.72,0,58.71,2.689,211.6135053,8.163,2010,11,November,Q4,44,2010-11,Non-Holiday,1.32445572
31,2010-11-12,1352780.76,0,60.95,2.728,211.6608975,8.163,2010,11,November,Q4,45,2010-11,Non-Holiday,1.35278076
31,2010-11-19,1359158.57,0,51.71,2.771,211.5470304,8.163,2010,11,November,Q4,46,2010-11,Non-Holiday,1.35915857
31,2010-11-26,1858856.06,1,62.96,2.735,211.4062867,8.163,2010,11,November,Q4,47,2010-11,Holiday,1.8588560600000001
31,2010-12-03,1338716.37,0,50.43,2.708,211.265543,8.163,2010,12,December,Q4,48,2010-12,Non-Holiday,1.3387163700000002
31,2010-12-10,1475685.1,0,46.35,2.843,211.1247993,8.163,2010,12,December,Q4,49,2010-12,Non-Holiday,1.4756851000000002
31,2010-12-17,1714667.0,0,48.63,2.869,211.0645458,8.163,2010,12,December,Q4,50,2010-12,Non-Holiday,1.714667
31,2010-12-24,2068942.97,0,51.29,2.886,211.0646599,8.163,2010,12,December,Q4,51,2010-12,Non-Holiday,2.06894297
31,2010-12-31,1198071.6,1,47.19,2.943,211.064774,8.163,2010,12,December,Q4,52,2010-12,Holiday,1.1980716
31,2011-01-07,1311986.87,0,44.24,2.976,211.0648881,8.028,2011,1,January,Q1,1,2011-01,Non-Holiday,1.3119868700000001
31,2011-01-14,1350730.31,0,34.14,2.983,211.1176713,8.028,2011,1,January,Q1,2,2011-01,Non-Holiday,1.35073031
31,2011-01-21,1344167.13,0,42.72,3.016,211.4864691,8.028,2011,1,January,Q1,3,2011-01,Non-Holiday,1.34416713
31,2011-01-28,1254955.68,0,44.04,3.01,211.8552668,8.028,2011,1,January,Q1,4,2011-01,Non-Holiday,1.25495568
31,2011-02-04,1443206.46,0,36.33,2.989,212.2240646,8.028,2011,2,February,Q1,5,2011-02,Non-Holiday,1.4432064599999999
31,2011-02-11,1539230.32,1,34.61,3.022,212.5928624,8.028,2011,2,February,Q1,6,2011-02,Holiday,1.5392303200000002
31,2011-02-18,1539063.91,0,59.87,3.045,212.9033115,8.028,2011,2,February,Q1,7,2011-02,Non-Holiday,1.5390639099999999
31,2011-02-25,1365678.22,0,61.27,3.065,213.190421,8.028,2011,2,February,Q1,8,2011-02,Non-Holiday,1.36567822
31,2011-03-04,1412721.18,0,59.52,3.288,213.4775305,8.028,2011,3,March,Q1,9,2011-03,Non-Holiday,1.41272118
31,2011-03-11,1405572.93,0,54.69,3.459,213.7646401,8.028,2011,3,March,Q1,10,2011-03,Non-Holiday,1.40557293
31,2011-03-18,1425559.02,0,63.26,3.488,214.0156238,8.028,2011,3,March,Q1,11,2011-03,Non-Holiday,1.4255590200000001
31,2011-03-25,1357036.1,0,70.33,3.473,214.2521573,8.028,2011,3,March,Q1,12,2011-03,Non-Holiday,1.3570361000000002
31,2011-04-01,1344890.73,0,56.36,3.524,214.4886908,7.931,2011,4,April,Q2,13,2011-04,Non-Holiday,1.34489073
31,2011-04-08,1416790.17,0,68.62,3.622,214.7252242,7.931,2011,4,April,Q2,14,2011-04,Non-Holiday,1.4167901699999998
31,2011-04-15,1408464.08,0,71.01,3.743,214.9420631,7.931,2011,4,April,Q2,15,2011-04,Non-Holiday,1.4084640800000001
31,2011-04-22,1461393.91,0,70.79,3.807,215.1096657,7.931,2011,4,April,Q2,16,2011-04,Non-Holiday,1.46139391
31,2011-04-29,1331137.96,0,70.19,3.81,215.2772683,7.931,2011,4,April,Q2,17,2011-04,Non-Holiday,1.33113796
31,2011-05-06,1388755.61,0,61.87,3.906,215.4448709,7.931,2011,5,May,Q2,18,2011-05,Non-Holiday,1.38875561
31,2011-05-13,1408118.22,0,75.04,3.899,215.6124735,7.931,2011,5,May,Q2,19,2011-05,Non-Holiday,1.40811822
31,2011-05-20,1387365.19,0,68.36,3.907,215.3834778,7.931,2011,5,May,Q2,20,2011-05,Non-Holiday,1.38736519
31,2011-05-27,1342273.64,0,76.86,3.786,215.1544822,7.931,2011,5,May,Q2,21,2011-05,Non-Holiday,1.34227364
31,2011-06-03,1430348.1,0,83.82,3.699,214.9254865,7.931,2011,6,June,Q2,22,2011-06,Non-Holiday,1.4303481
31,2011-06-10,1425299.37,0,84.71,3.648,214.6964908,7.931,2011,6,June,Q2,23,2011-06,Non-Holiday,1.42529937
31,2011-06-17,1491039.14,0,87.54,3.637,214.6513538,7.931,2011,6,June,Q2,24,2011-06,Non-Holiday,1.4910391399999998
31,2011-06-24,1375962.46,0,85.72,3.594,214.7441108,7.931,2011,6,June,Q2,25,2011-06,Non-Holiday,1.37596246
31,2011-07-01,1371889.27,0,87.57,3.524,214.8368678,7.852,2011,7,July,Q3,26,2011-07,Non-Holiday,1.37188927
31,2011-07-08,1423144.47,0,89.16,3.48,214.9296249,7.852,2011,7,July,Q3,27,2011-07,Non-Holiday,1.42314447
31,2011-07-15,1415473.91,0,91.05,3.575,215.0134426,7.852,2011,7,July,Q3,28,2011-07,Non-Holiday,1.41547391
31,2011-07-22,1401944.8,0,90.27,3.651,215.0749122,7.852,2011,7,July,Q3,29,2011-07,Non-Holiday,1.4019448
31,2011-07-29,1308122.15,0,91.56,3.682,215.1363819,7.852,2011,7,July,Q3,30,2011-07,Non-Holiday,1.30812215
31,2011-08-05,1428993.33,0,94.22,3.684,215.1978515,7.852,2011,8,August,Q3,31,2011-08,Non-Holiday,1.4289933300000002
31,2011-08-12,1443311.49,0,92.32,3.638,215.2593211,7.852,2011,8,August,Q3,32,2011-08,Non-Holiday,1.44331149
31,2011-08-19,1487542.53,0,90.11,3.554,215.3229307,7.852,2011,8,August,Q3,33,2011-08,Non-Holiday,1.48754253
31,2011-08-26,1417267.07,0,92.07,3.523,215.386897,7.852,2011,8,August,Q3,34,2011-08,Non-Holiday,1.41726707
31,2011-09-02,1385769.03,0,91.94,3.533,215.4508632,7.852,2011,9,September,Q3,35,2011-09,Non-Holiday,1.38576903
31,2011-09-09,1376670.27,1,78.87,3.546,215.5148295,7.852,2011,9,September,Q3,36,2011-09,Holiday,1.37667027
31,2011-09-16,1363460.86,0,80.62,3.526,215.6944378,7.852,2011,9,September,Q3,37,2011-09,Non-Holiday,1.36346086
31,2011-09-23,1347607.74,0,75.68,3.467,216.0282356,7.852,2011,9,September,Q3,38,2011-09,Non-Holiday,1.34760774
31,2011-09-30,1285534.74,0,78.91,3.355,216.3620333,7.852,2011,9,September,Q3,39,2011-09,Non-Holiday,1.28553474
31,2011-10-07,1427383.24,0,71.64,3.285,216.6958311,7.441,2011,10,October,Q4,40,2011-10,Non-Holiday,1.42738324
31,2011-10-14,1378340.18,0,69.79,3.274,217.0048261,7.441,2011,10,October,Q4,41,2011-10,Non-Holiday,1.37834018
31,2011-10-21,1409310.4,0,65.16,3.353,217.1650042,7.441,2011,10,October,Q4,42,2011-10,Non-Holiday,1.4093103999999999
31,2011-10-28,1346862.72,0,65.46,3.372,217.3251824,7.441,2011,10,October,Q4,43,2011-10,Non-Holiday,1.34686272
31,2011-11-04,1426405.46,0,56.01,3.332,217.4853605,7.441,2011,11,November,Q4,44,2011-11,Non-Holiday,1.42640546
31,2011-11-11,1444783.64,0,59.8,3.297,217.6455387,7.441,2011,11,November,Q4,45,2011-11,Non-Holiday,1.4447836399999998
31,2011-11-18,1445174.79,0,61.9,3.308,217.8670218,7.441,2011,11,November,Q4,46,2011-11,Non-Holiday,1.44517479
31,2011-11-25,1934099.65,1,56.43,3.236,218.1130269,7.441,2011,11,November,Q4,47,2011-11,Holiday,1.9340996499999998
31,2011-12-02,1388809.43,0,48.72,3.172,218.3590319,7.441,2011,12,December,Q4,48,2011-12,Non-Holiday,1.38880943
31,2011-12-09,1556798.94,0,41.44,3.158,218.605037,7.441,2011,12,December,Q4,49,2011-12,Non-Holiday,1.55679894
31,2011-12-16,1611196.61,0,50.56,3.159,218.8217928,7.441,2011,12,December,Q4,50,2011-12,Non-Holiday,1.6111966100000001
31,2011-12-23,2026176.14,0,46.54,3.112,218.9995495,7.441,2011,12,December,Q4,51,2011-12,Non-Holiday,2.02617614
31,2011-12-30,1355405.95,1,45.16,3.129,219.1773063,7.441,2011,12,December,Q4,52,2011-12,Holiday,1.35540595
31,2012-01-06,1401232.52,0,48.1,3.157,219.355063,7.057,2012,1,January,Q1,1,2012-01,Non-Holiday,1.40123252
31,2012-01-13,1377485.12,0,45.0,3.261,219.5328198,7.057,2012,1,January,Q1,2,2012-01,Non-Holiday,1.37748512
31,2012-01-20,1372504.9,0,52.21,3.268,219.6258417,7.057,2012,1,January,Q1,3,2012-01,Non-Holiday,1.3725048999999998
31,2012-01-27,1259941.48,0,50.79,3.29,219.7188636,7.057,2012,1,January,Q1,4,2012-01,Non-Holiday,1.25994148
31,2012-02-03,1391479.91,0,55.83,3.36,219.8118854,7.057,2012,2,February,Q1,5,2012-02,Non-Holiday,1.39147991
31,2012-02-10,1527688.58,1,46.52,3.409,219.9049073,7.057,2012,2,February,Q1,6,2012-02,Holiday,1.5276885800000002
31,2012-02-17,1570813.52,0,45.03,3.51,220.0651993,7.057,2012,2,February,Q1,7,2012-02,Non-Holiday,1.57081352
31,2012-02-24,1392543.37,0,54.81,3.555,220.275944,7.057,2012,2,February,Q1,8,2012-02,Non-Holiday,1.39254337
31,2012-03-02,1427881.22,0,59.3,3.63,220.4866886,7.057,2012,3,March,Q1,9,2012-03,Non-Holiday,1.42788122
31,2012-03-09,1439034.86,0,57.16,3.669,220.6974332,7.057,2012,3,March,Q1,10,2012-03,Non-Holiday,1.43903486
31,2012-03-16,1481728.13,0,63.39,3.734,220.8498468,7.057,2012,3,March,Q1,11,2012-03,Non-Holiday,1.4817281299999998
31,2012-03-23,1365824.97,0,62.96,3.787,220.9244858,7.057,2012,3,March,Q1,12,2012-03,Non-Holiday,1.36582497
31,2012-03-30,1318854.22,0,67.87,3.845,220.9991248,7.057,2012,3,March,Q1,13,2012-03,Non-Holiday,1.31885422
31,2012-04-06,1496169.81,0,69.02,3.891,221.0737638,6.891,2012,4,April,Q2,14,2012-04,Non-Holiday,1.49616981
31,2012-04-13,1407842.91,0,69.03,3.891,221.1484028,6.891,2012,4,April,Q2,15,2012-04,Non-Holiday,1.4078429099999998
31,2012-04-20,1407036.59,0,66.97,3.877,221.2021074,6.891,2012,4,April,Q2,16,2012-04,Non-Holiday,1.4070365900000001
31,2012-04-27,1311352.25,0,69.21,3.814,221.255812,6.891,2012,4,April,Q2,17,2012-04,Non-Holiday,1.31135225
31,2012-05-04,1391257.28,0,77.53,3.749,221.3095166,6.891,2012,5,May,Q2,18,2012-05,Non-Holiday,1.39125728
31,2012-05-11,1392938.06,0,74.14,3.688,221.3632212,6.891,2012,5,May,Q2,19,2012-05,Non-Holiday,1.39293806
31,2012-05-18,1441473.82,0,72.42,3.63,221.380331,6.891,2012,5,May,Q2,20,2012-05,Non-Holiday,1.4414738200000001
31,2012-05-25,1397094.26,0,79.49,3.561,221.3828029,6.891,2012,5,May,Q2,21,2012-05,Non-Holiday,1.39709426
31,2012-06-01,1404516.29,0,79.24,3.501,221.3852748,6.891,2012,6,June,Q2,22,2012-06,Non-Holiday,1.4045162900000001
31,2012-06-08,1443285.79,0,79.47,3.452,221.3877467,6.891,2012,6,June,Q2,23,2012-06,Non-Holiday,1.44328579
31,2012-06-15,1431003.43,0,81.51,3.393,221.4009901,6.891,2012,6,June,Q2,24,2012-06,Non-Holiday,1.4310034299999999
31,2012-06-22,1394065.76,0,81.78,3.346,221.4411622,6.891,2012,6,June,Q2,25,2012-06,Non-Holiday,1.39406576
31,2012-06-29,1349202.25,0,88.05,3.286,221.4813343,6.891,2012,6,June,Q2,26,2012-06,Non-Holiday,1.34920225
31,2012-07-06,1458059.42,0,85.26,3.227,221.5215064,6.565,2012,7,July,Q3,27,2012-07,Non-Holiday,1.4580594199999999
31,2012-07-13,1374301.34,0,82.51,3.256,221.5616784,6.565,2012,7,July,Q3,28,2012-07,Non-Holiday,1.3743013400000001
31,2012-07-20,1392395.2,0,84.25,3.311,221.5701123,6.565,2012,7,July,Q3,29,2012-07,Non-Holiday,1.3923952
31,2012-07-27,1303732.36,0,88.09,3.407,221.5785461,6.565,2012,7,July,Q3,30,2012-07,Non-Holiday,1.3037323600000001
31,2012-08-03,1390174.63,0,91.57,3.417,221.5869799,6.565,2012,8,August,Q3,31,2012-08,Non-Holiday,1.39017463
31,2012-08-10,1386472.59,0,89.57,3.494,221.5954138,6.565,2012,8,August,Q3,32,2012-08,Non-Holiday,1.3864725900000001
31,2012-08-17,1410181.7,0,85.55,3.571,221.6751459,6.565,2012,8,August,Q3,33,2012-08,Non-Holiday,1.4101816999999999
31,2012-08-24,1379783.21,0,77.72,3.62,221.8083518,6.565,2012,8,August,Q3,34,2012-08,Non-Holiday,1.37978321
31,2012-08-31,1373651.49,0,83.58,3.638,221.9415576,6.565,2012,8,August,Q3,35,2012-08,Non-Holiday,1.37365149
31,2012-09-07,1358111.62,1,88.4,3.73,222.0747635,6.565,2012,9,September,Q3,36,2012-09,Holiday,1.35811162
31,2012-09-14,1327705.44,0,76.1,3.717,222.2174395,6.565,2012,9,September,Q3,37,2012-09,Non-Holiday,1.32770544
31,2012-09-21,1373064.87,0,71.54,3.721,222.4169362,6.565,2012,9,September,Q3,38,2012-09,Non-Holiday,1.37306487
31,2012-09-28,1279080.58,0,80.38,3.666,222.6164329,6.565,2012,9,September,Q3,39,2012-09,Non-Holiday,1.27908058
31,2012-10-05,1363365.05,0,70.28,3.617,222.8159296,6.17,2012,10,October,Q4,40,2012-10,Non-Holiday,1.36336505
31,2012-10-12,1401113.42,0,61.53,3.601,223.0154263,6.17,2012,10,October,Q4,41,2012-10,Non-Holiday,1.40111342
31,2012-10-19,1378730.45,0,68.52,3.594,223.0598077,6.17,2012,10,October,Q4,42,2012-10,Non-Holiday,1.37873045
31,2012-10-26,1340232.55,0,70.5,3.506,223.0783366,6.17,2012,10,October,Q4,43,2012-10,Non-Holiday,1.34023255
32,2010-02-05,1087616.19,0,34.43,2.58,189.3816974,9.014,2010,2,February,Q1,5,2010-02,Non-Holiday,1.0876161899999999
32,2010-02-12,1123566.12,1,28.09,2.572,189.4642725,9.014,2010,2,February,Q1,6,2010-02,Holiday,1.12356612
32,2010-02-19,1082559.06,0,29.16,2.55,189.5340998,9.014,2010,2,February,Q1,7,2010-02,Non-Holiday,1.0825590600000001
32,2010-02-26,1053247.1,0,26.64,2.586,189.6018023,9.014,2010,2,February,Q1,8,2010-02,Non-Holiday,1.0532471
32,2010-03-05,1066566.74,0,37.72,2.62,189.6695049,9.014,2010,3,March,Q1,9,2010-03,Non-Holiday,1.06656674
32,2010-03-12,1093319.37,0,39.88,2.684,189.7372075,9.014,2010,3,March,Q1,10,2010-03,Non-Holiday,1.0933193700000001
32,2010-03-19,1059781.78,0,42.43,2.692,189.734262,9.014,2010,3,March,Q1,11,2010-03,Non-Holiday,1.05978178
32,2010-03-26,1076021.58,0,36.59,2.717,189.7195417,9.014,2010,3,March,Q1,12,2010-03,Non-Holiday,1.0760215800000001
32,2010-04-02,1131732.94,0,48.28,2.725,189.7048215,8.963,2010,4,April,Q2,13,2010-04,Non-Holiday,1.13173294
32,2010-04-09,1095889.22,0,44.88,2.75,189.6901012,8.963,2010,4,April,Q2,14,2010-04,Non-Holiday,1.0958892199999999
32,2010-04-16,1082763.27,0,53.49,2.765,189.6628845,8.963,2010,4,April,Q2,15,2010-04,Non-Holiday,1.08276327
32,2010-04-23,1072474.8,0,50.06,2.776,189.6190057,8.963,2010,4,April,Q2,16,2010-04,Non-Holiday,1.0724748
32,2010-04-30,1066792.63,0,47.51,2.766,189.575127,8.963,2010,4,April,Q2,17,2010-04,Non-Holiday,1.06679263
32,2010-05-07,1133657.58,0,48.94,2.771,189.5312483,8.963,2010,5,May,Q2,18,2010-05,Non-Holiday,1.1336575800000002
32,2010-05-14,1079314.52,0,46.42,2.788,189.4904116,8.963,2010,5,May,Q2,19,2010-05,Non-Holiday,1.07931452
32,2010-05-21,1143819.35,0,55.89,2.776,189.467827,8.963,2010,5,May,Q2,20,2010-05,Non-Holiday,1.14381935
32,2010-05-28,1205662.85,0,64.69,2.737,189.4452425,8.963,2010,5,May,Q2,21,2010-05,Non-Holiday,1.2056628500000002
32,2010-06-04,1149234.96,0,66.69,2.7,189.422658,8.963,2010,6,June,Q2,22,2010-06,Non-Holiday,1.14923496
32,2010-06-11,1192074.09,0,70.86,2.684,189.4000734,8.963,2010,6,June,Q2,23,2010-06,Non-Holiday,1.19207409
32,2010-06-18,1150191.72,0,60.94,2.674,189.4185259,8.963,2010,6,June,Q2,24,2010-06,Non-Holiday,1.15019172
32,2010-06-25,1124763.74,0,72.42,2.715,189.4533931,8.963,2010,6,June,Q2,25,2010-06,Non-Holiday,1.12476374
32,2010-07-02,1187988.64,0,74.74,2.728,189.4882603,9.017,2010,7,July,Q3,26,2010-07,Non-Holiday,1.18798864
32,2010-07-09,1077253.67,0,67.55,2.711,189.5231276,9.017,2010,7,July,Q3,27,2010-07,Non-Holiday,1.07725367
32,2010-07-16,1120172.24,0,76.2,2.699,189.6125456,9.017,2010,7,July,Q3,28,2010-07,Non-Holiday,1.12017224
32,2010-07-23,1109574.11,0,75.69,2.691,189.774698,9.017,2010,7,July,Q3,29,2010-07,Non-Holiday,1.10957411
32,2010-07-30,1065350.56,0,75.62,2.69,189.9368504,9.017,2010,7,July,Q3,30,2010-07,Non-Holiday,1.06535056
32,2010-08-06,1144552.09,0,72.95,2.69,190.0990028,9.017,2010,8,August,Q3,31,2010-08,Non-Holiday,1.1445520900000001
32,2010-08-13,1157975.68,0,74.97,2.723,190.2611552,9.017,2010,8,August,Q3,32,2010-08,Non-Holiday,1.1579756799999998
32,2010-08-20,1189887.86,0,71.46,2.732,190.2948237,9.017,2010,8,August,Q3,33,2010-08,Non-Holiday,1.18988786
32,2010-08-27,1140501.03,0,74.95,2.731,190.3284922,9.017,2010,8,August,Q3,34,2010-08,Non-Holiday,1.14050103
32,2010-09-03,1095932.51,0,70.2,2.773,190.3621607,9.017,2010,9,September,Q3,35,2010-09,Non-Holiday,1.09593251
32,2010-09-10,1028635.39,1,68.44,2.78,190.3958293,9.017,2010,9,September,Q3,36,2010-09,Holiday,1.02863539
32,2010-09-17,1043962.36,0,67.17,2.8,190.4688287,9.017,2010,9,September,Q3,37,2010-09,Non-Holiday,1.04396236
32,2010-09-24,1067432.1,0,64.19,2.793,190.5713264,9.017,2010,9,September,Q3,38,2010-09,Non-Holiday,1.0674321
32,2010-10-01,1061089.56,0,66.14,2.759,190.6738241,9.137,2010,10,October,Q4,39,2010-10,Non-Holiday,1.06108956
32,2010-10-08,1085483.44,0,61.81,2.745,190.7763218,9.137,2010,10,October,Q4,40,2010-10,Non-Holiday,1.08548344
32,2010-10-15,1096692.88,0,52.96,2.762,190.8623087,9.137,2010,10,October,Q4,41,2010-10,Non-Holiday,1.09669288
32,2010-10-22,1102185.0,0,52.3,2.762,190.9070184,9.137,2010,10,October,Q4,42,2010-10,Non-Holiday,1.102185
32,2010-10-29,1115138.51,0,45.45,2.748,190.951728,9.137,2010,10,October,Q4,43,2010-10,Non-Holiday,1.11513851
32,2010-11-05,1063056.21,0,49.2,2.729,190.9964377,9.137,2010,11,November,Q4,44,2010-11,Non-Holiday,1.06305621
32,2010-11-12,1141019.11,0,42.3,2.737,191.0411474,9.137,2010,11,November,Q4,45,2010-11,Non-Holiday,1.14101911
32,2010-11-19,1150729.89,0,36.24,2.758,191.0312172,9.137,2010,11,November,Q4,46,2010-11,Non-Holiday,1.1507298899999998
32,2010-11-26,1634635.86,1,29.97,2.742,191.0121805,9.137,2010,11,November,Q4,47,2010-11,Holiday,1.6346358600000002
32,2010-12-03,1200892.56,0,35.18,2.712,190.9931437,9.137,2010,12,December,Q4,48,2010-12,Non-Holiday,1.20089256
32,2010-12-10,1377322.73,0,36.62,2.728,190.9741069,9.137,2010,12,December,Q4,49,2010-12,Non-Holiday,1.37732273
32,2010-12-17,1557776.1,0,36.07,2.778,191.0303376,9.137,2010,12,December,Q4,50,2010-12,Non-Holiday,1.5577761
32,2010-12-24,1949183.14,0,30.72,2.781,191.1430189,9.137,2010,12,December,Q4,51,2010-12,Non-Holiday,1.94918314
32,2010-12-31,955463.84,1,27.7,2.829,191.2557002,9.137,2010,12,December,Q4,52,2010-12,Holiday,0.95546384
32,2011-01-07,1046416.17,0,23.78,2.882,191.3683815,8.818,2011,1,January,Q1,1,2011-01,Non-Holiday,1.04641617
32,2011-01-14,1028206.51,0,21.69,2.911,191.4784939,8.818,2011,1,January,Q1,2,2011-01,Non-Holiday,1.02820651
32,2011-01-21,1078348.91,0,34.54,2.973,191.5731924,8.818,2011,1,January,Q1,3,2011-01,Non-Holiday,1.0783489099999999
32,2011-01-28,1006814.85,0,34.86,3.008,191.667891,8.818,2011,1,January,Q1,4,2011-01,Non-Holiday,1.00681485
32,2011-02-04,1070457.8,0,15.47,3.011,191.7625895,8.818,2011,2,February,Q1,5,2011-02,Non-Holiday,1.0704578
32,2011-02-11,1124357.2,1,18.51,3.037,191.8572881,8.818,2011,2,February,Q1,6,2011-02,Holiday,1.1243572
32,2011-02-18,1183528.58,0,42.09,3.051,191.9178331,8.818,2011,2,February,Q1,7,2011-02,Non-Holiday,1.1835285800000002
32,2011-02-25,1054754.67,0,33.0,3.101,191.9647167,8.818,2011,2,February,Q1,8,2011-02,Non-Holiday,1.05475467
32,2011-03-04,1106847.62,0,39.17,3.232,192.0116004,8.818,2011,3,March,Q1,9,2011-03,Non-Holiday,1.1068476200000001
32,2011-03-11,1101458.21,0,36.51,3.372,192.058484,8.818,2011,3,March,Q1,10,2011-03,Non-Holiday,1.1014582099999999
32,2011-03-18,1100765.5,0,45.25,3.406,192.1237981,8.818,2011,3,March,Q1,11,2011-03,Non-Holiday,1.1007655
32,2011-03-25,1068719.22,0,46.7,3.414,192.1964844,8.818,2011,3,March,Q1,12,2011-03,Non-Holiday,1.06871922
32,2011-04-01,1051121.02,0,44.83,3.461,192.2691707,8.595,2011,4,April,Q2,13,2011-04,Non-Holiday,1.05112102
32,2011-04-08,1102975.59,0,48.81,3.532,192.3418571,8.595,2011,4,April,Q2,14,2011-04,Non-Holiday,1.10297559
32,2011-04-15,1120508.14,0,45.97,3.611,192.4225954,8.595,2011,4,April,Q2,15,2011-04,Non-Holiday,1.1205081399999999
32,2011-04-22,1210602.91,0,48.69,3.636,192.5234638,8.595,2011,4,April,Q2,16,2011-04,Non-Holiday,1.21060291
32,2011-04-29,1107494.55,0,44.86,3.663,192.6243322,8.595,2011,4,April,Q2,17,2011-04,Non-Holiday,1.10749455
32,2011-05-06,1181793.55,0,46.65,3.735,192.7252006,8.595,2011,5,May,Q2,18,2011-05,Non-Holiday,1.18179355
32,2011-05-13,1138162.76,0,56.09,3.767,192.826069,8.595,2011,5,May,Q2,19,2011-05,Non-Holiday,1.13816276
32,2011-05-20,1145084.76,0,45.71,3.828,192.831317,8.595,2011,5,May,Q2,20,2011-05,Non-Holiday,1.14508476
32,2011-05-27,1175447.49,0,55.13,3.795,192.8365651,8.595,2011,5,May,Q2,21,2011-05,Non-Holiday,1.17544749
32,2011-06-03,1167757.0,0,61.25,3.763,192.8418131,8.595,2011,6,June,Q2,22,2011-06,Non-Holiday,1.167757
32,2011-06-10,1239741.34,0,65.49,3.735,192.8470612,8.595,2011,6,June,Q2,23,2011-06,Non-Holiday,1.2397413400000001
32,2011-06-17,1192031.38,0,67.38,3.697,192.9034759,8.595,2011,6,June,Q2,24,2011-06,Non-Holiday,1.19203138
32,2011-06-24,1163869.52,0,65.06,3.661,192.9982655,8.595,2011,6,June,Q2,25,2011-06,Non-Holiday,1.16386952
32,2011-07-01,1199845.29,0,72.86,3.597,193.0930552,8.622,2011,7,July,Q3,26,2011-07,Non-Holiday,1.19984529
32,2011-07-08,1110244.52,0,72.56,3.54,193.1878448,8.622,2011,7,July,Q3,27,2011-07,Non-Holiday,1.11024452
32,2011-07-15,1144254.26,0,70.55,3.532,193.3125484,8.622,2011,7,July,Q3,28,2011-07,Non-Holiday,1.14425426
32,2011-07-22,1185674.48,0,76.0,3.545,193.5120367,8.622,2011,7,July,Q3,29,2011-07,Non-Holiday,1.18567448
32,2011-07-29,1169988.62,0,75.91,3.547,193.711525,8.622,2011,7,July,Q3,30,2011-07,Non-Holiday,1.16998862
32,2011-08-05,1201694.14,0,74.83,3.554,193.9110133,8.622,2011,8,August,Q3,31,2011-08,Non-Holiday,1.2016941399999999
32,2011-08-12,1206795.74,0,74.2,3.542,194.1105017,8.622,2011,8,August,Q3,32,2011-08,Non-Holiday,1.20679574
32,2011-08-19,1221318.17,0,73.72,3.499,194.2500634,8.622,2011,8,August,Q3,33,2011-08,Non-Holiday,1.22131817
32,2011-08-26,1183740.91,0,75.64,3.485,194.3796374,8.622,2011,8,August,Q3,34,2011-08,Non-Holiday,1.1837409099999998
32,2011-09-02,1152117.5,0,74.6,3.511,194.5092113,8.622,2011,9,September,Q3,35,2011-09,Non-Holiday,1.1521175
32,2011-09-09,1128237.3,1,61.24,3.566,194.6387853,8.622,2011,9,September,Q3,36,2011-09,Holiday,1.1282373
32,2011-09-16,1142499.25,0,60.88,3.596,194.7419707,8.622,2011,9,September,Q3,37,2011-09,Non-Holiday,1.14249925
32,2011-09-23,1116140.29,0,58.66,3.581,194.8099713,8.622,2011,9,September,Q3,38,2011-09,Non-Holiday,1.1161402900000001
32,2011-09-30,1088943.98,0,65.04,3.538,194.8779718,8.622,2011,9,September,Q3,39,2011-09,Non-Holiday,1.08894398
32,2011-10-07,1149448.02,0,62.62,3.498,194.9459724,8.513,2011,10,October,Q4,40,2011-10,Non-Holiday,1.1494480200000001
32,2011-10-14,1175420.26,0,50.15,3.491,195.0261012,8.513,2011,10,October,Q4,41,2011-10,Non-Holiday,1.17542026
32,2011-10-21,1151258.74,0,48.87,3.548,195.1789994,8.513,2011,10,October,Q4,42,2011-10,Non-Holiday,1.15125874
32,2011-10-28,1185391.96,0,42.76,3.55,195.3318977,8.513,2011,10,October,Q4,43,2011-10,Non-Holiday,1.18539196
32,2011-11-04,1204628.28,0,37.95,3.527,195.4847959,8.513,2011,11,November,Q4,44,2011-11,Non-Holiday,1.20462828
32,2011-11-11,1182733.0,0,38.1,3.505,195.6376941,8.513,2011,11,November,Q4,45,2011-11,Non-Holiday,1.182733
32,2011-11-18,1181651.55,0,42.61,3.479,195.7184713,8.513,2011,11,November,Q4,46,2011-11,Non-Holiday,1.18165155
32,2011-11-25,1684468.66,1,40.22,3.424,195.7704,8.513,2011,11,November,Q4,47,2011-11,Holiday,1.6844686599999998
32,2011-12-02,1179773.88,0,33.8,3.378,195.8223287,8.513,2011,12,December,Q4,48,2011-12,Non-Holiday,1.17977388
32,2011-12-09,1415746.91,0,17.94,3.331,195.8742575,8.513,2011,12,December,Q4,49,2011-12,Non-Holiday,1.41574691
32,2011-12-16,1556017.91,0,26.23,3.266,195.9841685,8.513,2011,12,December,Q4,50,2011-12,Non-Holiday,1.55601791
32,2011-12-23,1959526.96,0,25.97,3.173,196.1713893,8.513,2011,12,December,Q4,51,2011-12,Non-Holiday,1.95952696
32,2011-12-30,1102367.65,1,32.99,3.119,196.3586101,8.513,2011,12,December,Q4,52,2011-12,Holiday,1.10236765
32,2012-01-06,1099937.25,0,36.75,3.095,196.5458309,8.256,2012,1,January,Q1,1,2012-01,Non-Holiday,1.09993725
32,2012-01-13,1071598.36,0,28.99,3.077,196.7330517,8.256,2012,1,January,Q1,2,2012-01,Non-Holiday,1.07159836
32,2012-01-20,1080012.04,0,36.86,3.055,196.7796652,8.256,2012,1,January,Q1,3,2012-01,Non-Holiday,1.08001204
32,2012-01-27,1051864.6,0,36.67,3.038,196.8262786,8.256,2012,1,January,Q1,4,2012-01,Non-Holiday,1.0518646
32,2012-02-03,1156826.31,0,35.89,3.031,196.8728921,8.256,2012,2,February,Q1,5,2012-02,Non-Holiday,1.15682631
32,2012-02-10,1129422.86,1,23.34,3.103,196.9195056,8.256,2012,2,February,Q1,6,2012-02,Holiday,1.12942286
32,2012-02-17,1243812.59,0,24.26,3.113,196.9432711,8.256,2012,2,February,Q1,7,2012-02,Non-Holiday,1.24381259
32,2012-02-24,1091822.72,0,33.41,3.129,196.9499007,8.256,2012,2,February,Q1,8,2012-02,Non-Holiday,1.09182272
32,2012-03-02,1153332.89,0,33.4,3.191,196.9565303,8.256,2012,3,March,Q1,9,2012-03,Non-Holiday,1.15333289
32,2012-03-09,1124537.97,0,39.9,3.286,196.9631599,8.256,2012,3,March,Q1,10,2012-03,Non-Holiday,1.12453797
32,2012-03-16,1138101.18,0,51.51,3.486,197.0457208,8.256,2012,3,March,Q1,11,2012-03,Non-Holiday,1.13810118
32,2012-03-23,1146632.46,0,47.64,3.664,197.2295234,8.256,2012,3,March,Q1,12,2012-03,Non-Holiday,1.14663246
32,2012-03-30,1108686.87,0,56.09,3.75,197.4133259,8.256,2012,3,March,Q1,13,2012-03,Non-Holiday,1.10868687
32,2012-04-06,1270577.01,0,51.49,3.854,197.5971285,8.09,2012,4,April,Q2,14,2012-04,Non-Holiday,1.27057701
32,2012-04-13,1171834.47,0,52.1,3.901,197.780931,8.09,2012,4,April,Q2,15,2012-04,Non-Holiday,1.17183447
32,2012-04-20,1121405.91,0,49.15,3.936,197.7227385,8.09,2012,4,April,Q2,16,2012-04,Non-Holiday,1.12140591
32,2012-04-27,1126962.44,0,61.76,3.927,197.664546,8.09,2012,4,April,Q2,17,2012-04,Non-Holiday,1.12696244
32,2012-05-04,1187384.53,0,58.29,3.903,197.6063534,8.09,2012,5,May,Q2,18,2012-05,Non-Holiday,1.18738453
32,2012-05-11,1187051.07,0,55.4,3.87,197.5481609,8.09,2012,5,May,Q2,19,2012-05,Non-Holiday,1.18705107
32,2012-05-18,1177539.71,0,57.46,3.837,197.5553137,8.09,2012,5,May,Q2,20,2012-05,Non-Holiday,1.17753971
32,2012-05-25,1232784.22,0,59.74,3.804,197.5886046,8.09,2012,5,May,Q2,21,2012-05,Non-Holiday,1.2327842199999999
32,2012-06-01,1157557.79,0,62.84,3.764,197.6218954,8.09,2012,6,June,Q2,22,2012-06,Non-Holiday,1.15755779
32,2012-06-08,1246322.44,0,71.14,3.741,197.6551863,8.09,2012,6,June,Q2,23,2012-06,Non-Holiday,1.24632244
32,2012-06-15,1234759.54,0,70.91,3.723,197.692292,8.09,2012,6,June,Q2,24,2012-06,Non-Holiday,1.23475954
32,2012-06-22,1196880.11,0,74.85,3.735,197.7389345,8.09,2012,6,June,Q2,25,2012-06,Non-Holiday,1.1968801100000002
32,2012-06-29,1178211.81,0,81.95,3.693,197.785577,8.09,2012,6,June,Q2,26,2012-06,Non-Holiday,1.17821181
32,2012-07-06,1214183.97,0,78.68,3.646,197.8322195,7.872,2012,7,July,Q3,27,2012-07,Non-Holiday,1.21418397
32,2012-07-13,1141184.66,0,71.57,3.613,197.8788621,7.872,2012,7,July,Q3,28,2012-07,Non-Holiday,1.14118466
32,2012-07-20,1167829.33,0,77.76,3.585,197.9290378,7.872,2012,7,July,Q3,29,2012-07,Non-Holiday,1.16782933
32,2012-07-27,1144901.52,0,77.56,3.57,197.9792136,7.872,2012,7,July,Q3,30,2012-07,Non-Holiday,1.1449015200000001
32,2012-08-03,1183571.35,0,75.09,3.528,198.0293893,7.872,2012,8,August,Q3,31,2012-08,Non-Holiday,1.18357135
32,2012-08-10,1227469.2,0,75.93,3.509,198.0795651,7.872,2012,8,August,Q3,32,2012-08,Non-Holiday,1.2274692
32,2012-08-17,1261306.37,0,70.75,3.545,198.1001057,7.872,2012,8,August,Q3,33,2012-08,Non-Holiday,1.26130637
32,2012-08-24,1272809.11,0,70.12,3.558,198.0984199,7.872,2012,8,August,Q3,34,2012-08,Non-Holiday,1.27280911
32,2012-08-31,1183979.27,0,76.12,3.556,198.0967341,7.872,2012,8,August,Q3,35,2012-08,Non-Holiday,1.18397927
32,2012-09-07,1126685.95,1,72.56,3.596,198.0950484,7.872,2012,9,September,Q3,36,2012-09,Holiday,1.12668595
32,2012-09-14,1156377.47,0,64.05,3.659,198.1267184,7.872,2012,9,September,Q3,37,2012-09,Non-Holiday,1.15637747
32,2012-09-21,1159119.6,0,63.49,3.765,198.358523,7.872,2012,9,September,Q3,38,2012-09,Non-Holiday,1.1591196000000001
32,2012-09-28,1157111.15,0,60.62,3.789,198.5903276,7.872,2012,9,September,Q3,39,2012-09,Non-Holiday,1.15711115
32,2012-10-05,1202775.24,0,55.34,3.779,198.8221322,7.557,2012,10,October,Q4,40,2012-10,Non-Holiday,1.20277524
32,2012-10-12,1176681.31,0,43.49,3.76,199.0539368,7.557,2012,10,October,Q4,41,2012-10,Non-Holiday,1.17668131
32,2012-10-19,1199292.06,0,53.57,3.75,199.1481963,7.557,2012,10,October,Q4,42,2012-10,Non-Holiday,1.19929206
32,2012-10-26,1219979.29,0,47.22,3.686,199.2195317,7.557,2012,10,October,Q4,43,2012-10,Non-Holiday,1.21997929
33,2010-02-05,274593.43,0,58.4,2.962,126.4420645,10.115,2010,2,February,Q1,5,2010-02,Non-Holiday,0.27459342999999997
33,2010-02-12,294882.83,1,55.47,2.828,126.4962581,10.115,2010,2,February,Q1,6,2010-02,Holiday,0.29488283000000004
33,2010-02-19,296850.83,0,62.16,2.915,126.5262857,10.115,2010,2,February,Q1,7,2010-02,Non-Holiday,0.29685083
33,2010-02-26,284052.77,0,56.5,2.825,126.5522857,10.115,2010,2,February,Q1,8,2010-02,Non-Holiday,0.28405277
33,2010-03-05,291484.89,0,59.17,2.877,126.5782857,10.115,2010,3,March,Q1,9,2010-03,Non-Holiday,0.29148489
33,2010-03-12,312161.0,0,55.61,3.034,126.6042857,10.115,2010,3,March,Q1,10,2010-03,Non-Holiday,0.312161
33,2010-03-19,282235.73,0,64.6,3.054,126.6066452,10.115,2010,3,March,Q1,11,2010-03,Non-Holiday,0.28223572999999996
33,2010-03-26,262893.76,0,64.09,2.98,126.6050645,10.115,2010,3,March,Q1,12,2010-03,Non-Holiday,0.26289376000000003
33,2010-04-02,274634.52,0,66.79,3.086,126.6034839,9.849,2010,4,April,Q2,13,2010-04,Non-Holiday,0.27463452
33,2010-04-09,325201.05,0,68.43,3.004,126.6019032,9.849,2010,4,April,Q2,14,2010-04,Non-Holiday,0.32520105
33,2010-04-16,307779.64,0,72.44,3.109,126.5621,9.849,2010,4,April,Q2,15,2010-04,Non-Holiday,0.30777964
33,2010-04-23,263263.02,0,71.59,3.05,126.4713333,9.849,2010,4,April,Q2,16,2010-04,Non-Holiday,0.26326302
33,2010-04-30,275883.23,0,73.29,3.105,126.3805667,9.849,2010,4,April,Q2,17,2010-04,Non-Holiday,0.27588323
33,2010-05-07,326870.13,0,75.4,3.127,126.2898,9.849,2010,5,May,Q2,18,2010-05,Non-Holiday,0.32687013
33,2010-05-14,331173.51,0,76.8,3.145,126.2085484,9.849,2010,5,May,Q2,19,2010-05,Non-Holiday,0.33117351
33,2010-05-21,294264.2,0,82.8,3.12,126.1843871,9.849,2010,5,May,Q2,20,2010-05,Non-Holiday,0.29426420000000003
33,2010-05-28,279246.33,0,78.47,3.058,126.1602258,9.849,2010,5,May,Q2,21,2010-05,Non-Holiday,0.27924633000000004
33,2010-06-04,285100.0,0,86.06,2.941,126.1360645,9.849,2010,6,June,Q2,22,2010-06,Non-Holiday,0.2851
33,2010-06-11,310800.79,0,93.52,3.057,126.1119032,9.849,2010,6,June,Q2,23,2010-06,Non-Holiday,0.31080079
33,2010-06-18,272399.08,0,87.69,2.935,126.114,9.849,2010,6,June,Q2,24,2010-06,Non-Holiday,0.27239908
33,2010-06-25,259419.91,0,93.66,3.084,126.1266,9.849,2010,6,June,Q2,25,2010-06,Non-Holiday,0.25941991
33,2010-07-02,267495.76,0,97.66,2.978,126.1392,9.495,2010,7,July,Q3,26,2010-07,Non-Holiday,0.26749576
33,2010-07-09,302423.93,0,95.88,3.1,126.1518,9.495,2010,7,July,Q3,27,2010-07,Non-Holiday,0.30242393
33,2010-07-16,280937.84,0,100.14,2.971,126.1498065,9.495,2010,7,July,Q3,28,2010-07,Non-Holiday,0.28093784000000005
33,2010-07-23,252734.31,0,97.04,3.112,126.1283548,9.495,2010,7,July,Q3,29,2010-07,Non-Holiday,0.25273431
33,2010-07-30,242047.03,0,92.71,3.017,126.1069032,9.495,2010,7,July,Q3,30,2010-07,Non-Holiday,0.24204703
33,2010-08-06,262789.95,0,92.51,3.123,126.0854516,9.495,2010,8,August,Q3,31,2010-08,Non-Holiday,0.26278995
33,2010-08-13,265367.51,0,95.57,3.049,126.064,9.495,2010,8,August,Q3,32,2010-08,Non-Holiday,0.26536751000000003
33,2010-08-20,230519.49,0,96.46,3.041,126.0766452,9.495,2010,8,August,Q3,33,2010-08,Non-Holiday,0.23051949
33,2010-08-27,224031.19,0,94.0,3.022,126.0892903,9.495,2010,8,August,Q3,34,2010-08,Non-Holiday,0.22403119
33,2010-09-03,237405.82,0,90.82,3.087,126.1019355,9.495,2010,9,September,Q3,35,2010-09,Non-Holiday,0.23740582000000002
33,2010-09-10,272834.88,1,91.77,2.961,126.1145806,9.495,2010,9,September,Q3,36,2010-09,Holiday,0.27283488
33,2010-09-17,246277.18,0,89.43,3.028,126.1454667,9.495,2010,9,September,Q3,37,2010-09,Non-Holiday,0.24627717999999998
33,2010-09-24,231976.84,0,91.18,2.939,126.1900333,9.495,2010,9,September,Q3,38,2010-09,Non-Holiday,0.23197684
33,2010-10-01,224294.39,0,91.45,3.001,126.2346,9.265,2010,10,October,Q4,39,2010-10,Non-Holiday,0.22429439
33,2010-10-08,266484.19,0,79.02,2.924,126.2791667,9.265,2010,10,October,Q4,40,2010-10,Non-Holiday,0.26648419
33,2010-10-15,251732.92,0,80.49,3.08,126.3266774,9.265,2010,10,October,Q4,41,2010-10,Non-Holiday,0.25173292
33,2010-10-22,234175.92,0,74.2,3.014,126.3815484,9.265,2010,10,October,Q4,42,2010-10,Non-Holiday,0.23417592
33,2010-10-29,213538.32,0,71.34,3.13,126.4364194,9.265,2010,10,October,Q4,43,2010-10,Non-Holiday,0.21353832
33,2010-11-05,246124.61,0,74.23,3.009,126.4912903,9.265,2010,11,November,Q4,44,2010-11,Non-Holiday,0.24612461
33,2010-11-12,272803.94,0,65.21,3.13,126.5461613,9.265,2010,11,November,Q4,45,2010-11,Non-Holiday,0.27280394
33,2010-11-19,224639.76,0,61.95,3.047,126.6072,9.265,2010,11,November,Q4,46,2010-11,Non-Holiday,0.22463976000000002
33,2010-11-26,240044.57,1,56.87,3.162,126.6692667,9.265,2010,11,November,Q4,47,2010-11,Holiday,0.24004457
33,2010-12-03,209986.25,0,52.82,3.041,126.7313333,9.265,2010,12,December,Q4,48,2010-12,Non-Holiday,0.20998625
33,2010-12-10,253050.1,0,60.72,3.091,126.7934,9.265,2010,12,December,Q4,49,2010-12,Non-Holiday,0.2530501
33,2010-12-17,238875.26,0,61.12,3.125,126.8794839,9.265,2010,12,December,Q4,50,2010-12,Non-Holiday,0.23887526
33,2010-12-24,249246.8,0,60.43,3.236,126.9835806,9.265,2010,12,December,Q4,51,2010-12,Non-Holiday,0.2492468
33,2010-12-31,219804.85,1,52.91,3.148,127.0876774,9.265,2010,12,December,Q4,52,2010-12,Holiday,0.21980485
33,2011-01-07,243948.82,0,46.25,3.287,127.1917742,8.951,2011,1,January,Q1,1,2011-01,Non-Holiday,0.24394882
33,2011-01-14,259527.75,0,53.63,3.312,127.3009355,8.951,2011,1,January,Q1,2,2011-01,Non-Holiday,0.25952775
33,2011-01-21,244856.44,0,59.46,3.336,127.4404839,8.951,2011,1,January,Q1,3,2011-01,Non-Holiday,0.24485644
33,2011-01-28,231155.9,0,56.62,3.231,127.5800323,8.951,2011,1,January,Q1,4,2011-01,Non-Holiday,0.2311559
33,2011-02-04,234218.03,0,49.26,3.348,127.7195806,8.951,2011,2,February,Q1,5,2011-02,Non-Holiday,0.23421803
33,2011-02-11,276198.74,1,53.35,3.381,127.859129,8.951,2011,2,February,Q1,6,2011-02,Holiday,0.27619874
33,2011-02-18,252349.6,0,62.03,3.43,127.99525,8.951,2011,2,February,Q1,7,2011-02,Non-Holiday,0.2523496
33,2011-02-25,242901.21,0,54.89,3.398,128.13,8.951,2011,2,February,Q1,8,2011-02,Non-Holiday,0.24290120999999998
33,2011-03-04,245435.8,0,59.51,3.674,128.26475,8.951,2011,3,March,Q1,9,2011-03,Non-Holiday,0.24543579999999998
33,2011-03-11,270921.44,0,66.51,3.63,128.3995,8.951,2011,3,March,Q1,10,2011-03,Non-Holiday,0.27092144
33,2011-03-18,247234.47,0,72.72,3.892,128.5121935,8.951,2011,3,March,Q1,11,2011-03,Non-Holiday,0.24723447
33,2011-03-25,238084.08,0,63.34,3.716,128.6160645,8.951,2011,3,March,Q1,12,2011-03,Non-Holiday,0.23808407999999998
33,2011-04-01,232769.09,0,71.41,3.772,128.7199355,8.687,2011,4,April,Q2,13,2011-04,Non-Holiday,0.23276908999999998
33,2011-04-08,271924.73,0,75.11,3.818,128.8238065,8.687,2011,4,April,Q2,14,2011-04,Non-Holiday,0.27192473
33,2011-04-15,275749.56,0,64.64,4.089,128.9107333,8.687,2011,4,April,Q2,15,2011-04,Non-Holiday,0.27574956
33,2011-04-22,248603.3,0,79.46,3.917,128.9553,8.687,2011,4,April,Q2,16,2011-04,Non-Holiday,0.2486033
33,2011-04-29,248561.86,0,77.44,4.151,128.9998667,8.687,2011,4,April,Q2,17,2011-04,Non-Holiday,0.24856186
33,2011-05-06,257031.19,0,77.92,4.193,129.0444333,8.687,2011,5,May,Q2,18,2011-05,Non-Holiday,0.25703119
33,2011-05-13,279466.87,0,78.24,4.202,129.089,8.687,2011,5,May,Q2,19,2011-05,Non-Holiday,0.27946687
33,2011-05-20,239206.26,0,76.07,3.99,129.0756774,8.687,2011,5,May,Q2,20,2011-05,Non-Holiday,0.23920626
33,2011-05-27,239431.85,0,82.32,3.933,129.0623548,8.687,2011,5,May,Q2,21,2011-05,Non-Holiday,0.23943185
33,2011-06-03,243477.03,0,82.93,3.893,129.0490323,8.687,2011,6,June,Q2,22,2011-06,Non-Holiday,0.24347703
33,2011-06-10,258427.39,0,87.02,3.981,129.0357097,8.687,2011,6,June,Q2,23,2011-06,Non-Holiday,0.25842739000000003
33,2011-06-17,238172.66,0,91.11,3.935,129.0432,8.687,2011,6,June,Q2,24,2011-06,Non-Holiday,0.23817266
33,2011-06-24,238433.53,0,94.11,3.807,129.0663,8.687,2011,6,June,Q2,25,2011-06,Non-Holiday,0.23843353
33,2011-07-01,226702.36,0,98.43,3.842,129.0894,8.442,2011,7,July,Q3,26,2011-07,Non-Holiday,0.22670236
33,2011-07-08,262717.71,0,96.44,3.793,129.1125,8.442,2011,7,July,Q3,27,2011-07,Non-Holiday,0.26271771000000005
33,2011-07-15,265003.47,0,92.83,3.779,129.1338387,8.442,2011,7,July,Q3,28,2011-07,Non-Holiday,0.26500346999999996
33,2011-07-22,238915.05,0,97.17,3.697,129.1507742,8.442,2011,7,July,Q3,29,2011-07,Non-Holiday,0.23891505
33,2011-07-29,224806.96,0,95.28,3.694,129.1677097,8.442,2011,7,July,Q3,30,2011-07,Non-Holiday,0.22480696
33,2011-08-05,242456.39,0,96.93,3.803,129.1846452,8.442,2011,8,August,Q3,31,2011-08,Non-Holiday,0.24245639000000002
33,2011-08-12,274721.85,0,96.0,3.794,129.2015806,8.442,2011,8,August,Q3,32,2011-08,Non-Holiday,0.27472185
33,2011-08-19,242771.37,0,95.89,3.743,129.2405806,8.442,2011,8,August,Q3,33,2011-08,Non-Holiday,0.24277137
33,2011-08-26,237095.82,0,99.66,3.663,129.2832581,8.442,2011,8,August,Q3,34,2011-08,Non-Holiday,0.23709582
33,2011-09-02,239198.36,0,99.2,3.798,129.3259355,8.442,2011,9,September,Q3,35,2011-09,Non-Holiday,0.23919836
33,2011-09-09,281842.28,1,96.22,3.771,129.3686129,8.442,2011,9,September,Q3,36,2011-09,Holiday,0.28184228
33,2011-09-16,262407.57,0,85.79,3.784,129.4306,8.442,2011,9,September,Q3,37,2011-09,Non-Holiday,0.26240757000000003
33,2011-09-23,234793.12,0,88.93,3.789,129.5183333,8.442,2011,9,September,Q3,38,2011-09,Non-Holiday,0.23479312
33,2011-09-30,229731.98,0,89.1,3.877,129.6060667,8.442,2011,9,September,Q3,39,2011-09,Non-Holiday,0.22973198
33,2011-10-07,262159.13,0,81.16,3.827,129.6938,8.01,2011,10,October,Q4,40,2011-10,Non-Holiday,0.26215913
33,2011-10-14,272487.33,0,76.49,3.698,129.7706452,8.01,2011,10,October,Q4,41,2011-10,Non-Holiday,0.27248733
33,2011-10-21,233543.08,0,81.74,3.842,129.7821613,8.01,2011,10,October,Q4,42,2011-10,Non-Holiday,0.23354308
33,2011-10-28,231319.96,0,76.73,3.843,129.7936774,8.01,2011,10,October,Q4,43,2011-10,Non-Holiday,0.23131996
33,2011-11-04,236157.12,0,71.91,3.828,129.8051935,8.01,2011,11,November,Q4,44,2011-11,Non-Holiday,0.23615712
33,2011-11-11,271961.04,0,58.75,3.677,129.8167097,8.01,2011,11,November,Q4,45,2011-11,Non-Holiday,0.27196104
33,2011-11-18,251294.5,0,63.35,3.669,129.8268333,8.01,2011,11,November,Q4,46,2011-11,Non-Holiday,0.2512945
33,2011-11-25,255996.47,1,62.35,3.76,129.8364,8.01,2011,11,November,Q4,47,2011-11,Holiday,0.25599647
33,2011-12-02,220060.35,0,59.12,3.701,129.8459667,8.01,2011,12,December,Q4,48,2011-12,Non-Holiday,0.22006035000000002
33,2011-12-09,270373.05,0,47.7,3.644,129.8555333,8.01,2011,12,December,Q4,49,2011-12,Non-Holiday,0.27037305
33,2011-12-16,259638.35,0,53.18,3.489,129.8980645,8.01,2011,12,December,Q4,50,2011-12,Non-Holiday,0.25963835
33,2011-12-23,256235.19,0,53.39,3.541,129.9845484,8.01,2011,12,December,Q4,51,2011-12,Non-Holiday,0.25623519
33,2011-12-30,215359.21,1,51.6,3.428,130.0710323,8.01,2011,12,December,Q4,52,2011-12,Holiday,0.21535921
33,2012-01-06,267058.08,0,60.92,3.443,130.1575161,7.603,2012,1,January,Q1,1,2012-01,Non-Holiday,0.26705808000000003
33,2012-01-13,279447.22,0,54.61,3.477,130.244,7.603,2012,1,January,Q1,2,2012-01,Non-Holiday,0.27944722
33,2012-01-20,244899.2,0,55.99,3.66,130.2792258,7.603,2012,1,January,Q1,3,2012-01,Non-Holiday,0.2448992
33,2012-01-27,236920.49,0,56.33,3.675,130.3144516,7.603,2012,1,January,Q1,4,2012-01,Non-Holiday,0.23692048999999998
33,2012-02-03,256091.32,0,59.53,3.543,130.3496774,7.603,2012,2,February,Q1,5,2012-02,Non-Holiday,0.25609132
33,2012-02-10,282552.58,1,59.94,3.722,130.3849032,7.603,2012,2,February,Q1,6,2012-02,Holiday,0.28255258
33,2012-02-17,266300.98,0,57.8,3.781,130.4546207,7.603,2012,2,February,Q1,7,2012-02,Non-Holiday,0.26630097999999996
33,2012-02-24,242526.7,0,59.41,3.95,130.5502069,7.603,2012,2,February,Q1,8,2012-02,Non-Holiday,0.2425267
33,2012-03-02,248051.53,0,60.91,3.882,130.6457931,7.603,2012,3,March,Q1,9,2012-03,Non-Holiday,0.24805153
33,2012-03-09,287346.29,0,62.2,3.963,130.7413793,7.603,2012,3,March,Q1,10,2012-03,Non-Holiday,0.28734629
33,2012-03-16,278067.73,0,65.99,4.273,130.8261935,7.603,2012,3,March,Q1,11,2012-03,Non-Holiday,0.27806772999999996
33,2012-03-23,246970.97,0,60.82,4.288,130.8966452,7.603,2012,3,March,Q1,12,2012-03,Non-Holiday,0.24697097
33,2012-03-30,251327.67,0,71.34,4.294,130.9670968,7.603,2012,3,March,Q1,13,2012-03,Non-Holiday,0.25132767
33,2012-04-06,275911.97,0,70.75,4.282,131.0375484,7.396,2012,4,April,Q2,14,2012-04,Non-Holiday,0.27591196999999995
33,2012-04-13,312698.67,0,73.17,4.254,131.108,7.396,2012,4,April,Q2,15,2012-04,Non-Holiday,0.31269866999999996
33,2012-04-20,261837.2,0,72.94,4.111,131.1173333,7.396,2012,4,April,Q2,16,2012-04,Non-Holiday,0.2618372
33,2012-04-27,249798.75,0,83.07,4.088,131.1266667,7.396,2012,4,April,Q2,17,2012-04,Non-Holiday,0.24979875
33,2012-05-04,270497.51,0,82.43,4.058,131.136,7.396,2012,5,May,Q2,18,2012-05,Non-Holiday,0.27049751
33,2012-05-11,295841.84,0,81.02,4.186,131.1453333,7.396,2012,5,May,Q2,19,2012-05,Non-Holiday,0.29584184
33,2012-05-18,276899.95,0,89.81,4.308,131.0983226,7.396,2012,5,May,Q2,20,2012-05,Non-Holiday,0.27689995
33,2012-05-25,261851.74,0,88.89,4.127,131.0287742,7.396,2012,5,May,Q2,21,2012-05,Non-Holiday,0.26185174
33,2012-06-01,261131.09,0,83.57,4.277,130.9592258,7.396,2012,6,June,Q2,22,2012-06,Non-Holiday,0.26113109
33,2012-06-08,286082.76,0,90.94,4.103,130.8896774,7.396,2012,6,June,Q2,23,2012-06,Non-Holiday,0.28608276
33,2012-06-15,290444.31,0,92.44,4.144,130.8295333,7.396,2012,6,June,Q2,24,2012-06,Non-Holiday,0.29044431
33,2012-06-22,261666.29,0,95.75,4.014,130.7929,7.396,2012,6,June,Q2,25,2012-06,Non-Holiday,0.26166629
33,2012-06-29,244338.31,0,98.15,3.875,130.7562667,7.396,2012,6,June,Q2,26,2012-06,Non-Holiday,0.24433831
33,2012-07-06,273690.37,0,93.21,3.666,130.7196333,7.147,2012,7,July,Q3,27,2012-07,Non-Holiday,0.27369037
33,2012-07-13,287033.64,0,97.6,3.723,130.683,7.147,2012,7,July,Q3,28,2012-07,Non-Holiday,0.28703364000000003
33,2012-07-20,253205.89,0,91.49,3.589,130.7012903,7.147,2012,7,July,Q3,29,2012-07,Non-Holiday,0.25320589
33,2012-07-27,249134.32,0,93.95,3.769,130.7195806,7.147,2012,7,July,Q3,30,2012-07,Non-Holiday,0.24913432000000002
33,2012-08-03,258533.12,0,92.13,3.595,130.737871,7.147,2012,8,August,Q3,31,2012-08,Non-Holiday,0.25853312
33,2012-08-10,297753.49,0,100.07,3.811,130.7561613,7.147,2012,8,August,Q3,32,2012-08,Non-Holiday,0.29775349
33,2012-08-17,270097.76,0,96.79,4.002,130.7909677,7.147,2012,8,August,Q3,33,2012-08,Non-Holiday,0.27009776
33,2012-08-24,247672.56,0,89.62,4.055,130.8381613,7.147,2012,8,August,Q3,34,2012-08,Non-Holiday,0.24767255999999999
33,2012-08-31,237129.81,0,94.55,3.886,130.8853548,7.147,2012,8,August,Q3,35,2012-08,Non-Holiday,0.23712981
33,2012-09-07,286428.78,1,92.02,4.124,130.9325484,7.147,2012,9,September,Q3,36,2012-09,Holiday,0.28642878000000005
33,2012-09-14,277417.53,0,83.4,3.966,130.9776667,7.147,2012,9,September,Q3,37,2012-09,Non-Holiday,0.27741753
33,2012-09-21,252709.58,0,86.53,4.125,131.0103333,7.147,2012,9,September,Q3,38,2012-09,Non-Holiday,0.25270958
33,2012-09-28,242813.51,0,86.42,3.966,131.043,7.147,2012,9,September,Q3,39,2012-09,Non-Holiday,0.24281351
33,2012-10-05,265444.9,0,85.18,4.132,131.0756667,6.895,2012,10,October,Q4,40,2012-10,Non-Holiday,0.26544490000000004
33,2012-10-12,291781.15,0,79.64,4.468,131.1083333,6.895,2012,10,October,Q4,41,2012-10,Non-Holiday,0.29178115000000004
33,2012-10-19,254412.34,0,75.55,4.449,131.1499677,6.895,2012,10,October,Q4,42,2012-10,Non-Holiday,0.25441234
33,2012-10-26,253731.13,0,73.7,4.301,131.1930968,6.895,2012,10,October,Q4,43,2012-10,Non-Holiday,0.25373113
34,2010-02-05,956228.96,0,35.44,2.598,126.4420645,9.521,2010,2,February,Q1,5,2010-02,Non-Holiday,0.95622896
34,2010-02-12,994610.99,1,36.13,2.573,126.4962581,9.521,2010,2,February,Q1,6,2010-02,Holiday,0.99461099
34,2010-02-19,983963.07,0,38.36,2.54,126.5262857,9.521,2010,2,February,Q1,7,2010-02,Non-Holiday,0.9839630699999999
34,2010-02-26,905756.13,0,37.28,2.59,126.5522857,9.521,2010,2,February,Q1,8,2010-02,Non-Holiday,0.90575613
34,2010-03-05,918295.79,0,42.65,2.654,126.5782857,9.521,2010,3,March,Q1,9,2010-03,Non-Holiday,0.9182957900000001
34,2010-03-12,921247.88,0,42.26,2.704,126.6042857,9.521,2010,3,March,Q1,10,2010-03,Non-Holiday,0.92124788
34,2010-03-19,892070.82,0,45.86,2.743,126.6066452,9.521,2010,3,March,Q1,11,2010-03,Non-Holiday,0.8920708199999999
34,2010-03-26,880742.35,0,42.91,2.752,126.6050645,9.521,2010,3,March,Q1,12,2010-03,Non-Holiday,0.88074235
34,2010-04-02,979428.66,0,50.07,2.74,126.6034839,9.593,2010,4,April,Q2,13,2010-04,Non-Holiday,0.9794286600000001
34,2010-04-09,950684.2,0,51.26,2.773,126.6019032,9.593,2010,4,April,Q2,14,2010-04,Non-Holiday,0.9506842
34,2010-04-16,923344.54,0,59.18,2.81,126.5621,9.593,2010,4,April,Q2,15,2010-04,Non-Holiday,0.92334454
34,2010-04-23,910240.68,0,55.04,2.805,126.4713333,9.593,2010,4,April,Q2,16,2010-04,Non-Holiday,0.91024068
34,2010-04-30,859922.19,0,56.58,2.787,126.3805667,9.593,2010,4,April,Q2,17,2010-04,Non-Holiday,0.8599221899999999
34,2010-05-07,953495.48,0,57.39,2.836,126.2898,9.593,2010,5,May,Q2,18,2010-05,Non-Holiday,0.95349548
34,2010-05-14,933924.44,0,60.74,2.845,126.2085484,9.593,2010,5,May,Q2,19,2010-05,Non-Holiday,0.93392444
34,2010-05-21,913616.32,0,63.99,2.82,126.1843871,9.593,2010,5,May,Q2,20,2010-05,Non-Holiday,0.9136163199999999
34,2010-05-28,942868.38,0,68.68,2.756,126.1602258,9.593,2010,5,May,Q2,21,2010-05,Non-Holiday,0.94286838
34,2010-06-04,966187.51,0,72.17,2.701,126.1360645,9.593,2010,6,June,Q2,22,2010-06,Non-Holiday,0.96618751
34,2010-06-11,954681.56,0,80.84,2.668,126.1119032,9.593,2010,6,June,Q2,23,2010-06,Non-Holiday,0.95468156
34,2010-06-18,941612.04,0,73.48,2.635,126.114,9.593,2010,6,June,Q2,24,2010-06,Non-Holiday,0.94161204
34,2010-06-25,895800.07,0,78.47,2.654,126.1266,9.593,2010,6,June,Q2,25,2010-06,Non-Holiday,0.89580007
34,2010-07-02,919229.36,0,73.66,2.668,126.1392,9.816,2010,7,July,Q3,26,2010-07,Non-Holiday,0.91922936
34,2010-07-09,911210.81,0,75.0,2.637,126.1518,9.816,2010,7,July,Q3,27,2010-07,Non-Holiday,0.91121081
34,2010-07-16,930269.79,0,78.53,2.621,126.1498065,9.816,2010,7,July,Q3,28,2010-07,Non-Holiday,0.93026979
34,2010-07-23,902050.95,0,79.58,2.612,126.1283548,9.816,2010,7,July,Q3,29,2010-07,Non-Holiday,0.9020509499999999
34,2010-07-30,875976.83,0,72.26,2.65,126.1069032,9.816,2010,7,July,Q3,30,2010-07,Non-Holiday,0.8759768299999999
34,2010-08-06,987435.35,0,73.8,2.64,126.0854516,9.816,2010,8,August,Q3,31,2010-08,Non-Holiday,0.9874353499999999
34,2010-08-13,951208.65,0,76.72,2.698,126.064,9.816,2010,8,August,Q3,32,2010-08,Non-Holiday,0.95120865
34,2010-08-20,985152.94,0,76.45,2.671,126.0766452,9.816,2010,8,August,Q3,33,2010-08,Non-Holiday,0.98515294
34,2010-08-27,855421.39,0,72.87,2.621,126.0892903,9.816,2010,8,August,Q3,34,2010-08,Non-Holiday,0.8554213900000001
34,2010-09-03,964356.74,0,72.59,2.584,126.1019355,9.816,2010,9,September,Q3,35,2010-09,Non-Holiday,0.96435674
34,2010-09-10,932240.96,1,72.61,2.574,126.1145806,9.816,2010,9,September,Q3,36,2010-09,Holiday,0.93224096
34,2010-09-17,885445.47,0,70.71,2.594,126.1454667,9.816,2010,9,September,Q3,37,2010-09,Non-Holiday,0.88544547
34,2010-09-24,867539.07,0,69.78,2.642,126.1900333,9.816,2010,9,September,Q3,38,2010-09,Non-Holiday,0.86753907
34,2010-10-01,865709.11,0,70.13,2.619,126.2346,10.21,2010,10,October,Q4,39,2010-10,Non-Holiday,0.86570911
34,2010-10-08,931710.67,0,65.21,2.645,126.2791667,10.21,2010,10,October,Q4,40,2010-10,Non-Holiday,0.9317106700000001
34,2010-10-15,888703.62,0,59.57,2.732,126.3266774,10.21,2010,10,October,Q4,41,2010-10,Non-Holiday,0.88870362
34,2010-10-22,936293.6,0,58.11,2.736,126.3815484,10.21,2010,10,October,Q4,42,2010-10,Non-Holiday,0.9362936
34,2010-10-29,926294.02,0,50.78,2.718,126.4364194,10.21,2010,10,October,Q4,43,2010-10,Non-Holiday,0.92629402
34,2010-11-05,972292.31,0,52.43,2.699,126.4912903,10.21,2010,11,November,Q4,44,2010-11,Non-Holiday,0.97229231
34,2010-11-12,979730.78,0,47.2,2.741,126.5461613,10.21,2010,11,November,Q4,45,2010-11,Non-Holiday,0.97973078
34,2010-11-19,955766.33,0,40.93,2.78,126.6072,10.21,2010,11,November,Q4,46,2010-11,Non-Holiday,0.95576633
34,2010-11-26,1309476.68,1,41.13,2.752,126.6692667,10.21,2010,11,November,Q4,47,2010-11,Holiday,1.30947668
34,2010-12-03,1001512.21,0,34.7,2.727,126.7313333,10.21,2010,12,December,Q4,48,2010-12,Non-Holiday,1.00151221
34,2010-12-10,1086661.02,0,41.93,2.86,126.7934,10.21,2010,12,December,Q4,49,2010-12,Non-Holiday,1.08666102
34,2010-12-17,1227148.13,0,42.64,2.884,126.8794839,10.21,2010,12,December,Q4,50,2010-12,Non-Holiday,1.2271481299999998
34,2010-12-24,1620748.25,0,42.74,2.887,126.9835806,10.21,2010,12,December,Q4,51,2010-12,Non-Holiday,1.62074825
34,2010-12-31,902109.69,1,34.11,2.955,127.0876774,10.21,2010,12,December,Q4,52,2010-12,Holiday,0.90210969
34,2011-01-07,900646.94,0,24.5,2.98,127.1917742,10.398,2011,1,January,Q1,1,2011-01,Non-Holiday,0.9006469399999999
34,2011-01-14,898610.33,0,30.75,2.992,127.3009355,10.398,2011,1,January,Q1,2,2011-01,Non-Holiday,0.89861033
34,2011-01-21,891025.39,0,39.57,3.017,127.4404839,10.398,2011,1,January,Q1,3,2011-01,Non-Holiday,0.89102539
34,2011-01-28,836717.75,0,34.68,3.022,127.5800323,10.398,2011,1,January,Q1,4,2011-01,Non-Holiday,0.83671775
34,2011-02-04,971932.87,0,23.82,2.996,127.7195806,10.398,2011,2,February,Q1,5,2011-02,Non-Holiday,0.97193287
34,2011-02-11,1015654.6,1,28.66,3.033,127.859129,10.398,2011,2,February,Q1,6,2011-02,Holiday,1.0156546
34,2011-02-18,1062629.3,0,45.12,3.058,127.99525,10.398,2011,2,February,Q1,7,2011-02,Non-Holiday,1.0626293
34,2011-02-25,953331.45,0,44.57,3.087,128.13,10.398,2011,2,February,Q1,8,2011-02,Non-Holiday,0.95333145
34,2011-03-04,963910.81,0,46.21,3.305,128.26475,10.398,2011,3,March,Q1,9,2011-03,Non-Holiday,0.96391081
34,2011-03-11,943951.67,0,45.87,3.461,128.3995,10.398,2011,3,March,Q1,10,2011-03,Non-Holiday,0.94395167
34,2011-03-18,1014218.8,0,55.58,3.495,128.5121935,10.398,2011,3,March,Q1,11,2011-03,Non-Holiday,1.0142188
34,2011-03-25,922898.38,0,53.11,3.48,128.6160645,10.398,2011,3,March,Q1,12,2011-03,Non-Holiday,0.92289838
34,2011-04-01,884233.67,0,55.46,3.521,128.7199355,10.581,2011,4,April,Q2,13,2011-04,Non-Holiday,0.8842336700000001
34,2011-04-08,975479.83,0,58.59,3.605,128.8238065,10.581,2011,4,April,Q2,14,2011-04,Non-Holiday,0.9754798299999999
34,2011-04-15,941829.0,0,53.3,3.724,128.9107333,10.581,2011,4,April,Q2,15,2011-04,Non-Holiday,0.941829
34,2011-04-22,1051518.45,0,63.83,3.781,128.9553,10.581,2011,4,April,Q2,16,2011-04,Non-Holiday,1.0515184499999999
34,2011-04-29,895973.02,0,57.73,3.781,128.9998667,10.581,2011,4,April,Q2,17,2011-04,Non-Holiday,0.89597302
34,2011-05-06,965853.58,0,54.4,3.866,129.0444333,10.581,2011,5,May,Q2,18,2011-05,Non-Holiday,0.96585358
34,2011-05-13,966232.69,0,63.05,3.872,129.089,10.581,2011,5,May,Q2,19,2011-05,Non-Holiday,0.9662326899999999
34,2011-05-20,945018.83,0,61.47,3.881,129.0756774,10.581,2011,5,May,Q2,20,2011-05,Non-Holiday,0.94501883
34,2011-05-27,941311.83,0,65.99,3.771,129.0623548,10.581,2011,5,May,Q2,21,2011-05,Non-Holiday,0.94131183
34,2011-06-03,947229.24,0,74.64,3.683,129.0490323,10.581,2011,6,June,Q2,22,2011-06,Non-Holiday,0.94722924
34,2011-06-10,943912.77,0,74.57,3.64,129.0357097,10.581,2011,6,June,Q2,23,2011-06,Non-Holiday,0.9439127700000001
34,2011-06-17,968258.09,0,76.58,3.618,129.0432,10.581,2011,6,June,Q2,24,2011-06,Non-Holiday,0.96825809
34,2011-06-24,923795.04,0,77.16,3.57,129.0663,10.581,2011,6,June,Q2,25,2011-06,Non-Holiday,0.92379504
34,2011-07-01,911106.22,0,81.96,3.504,129.0894,10.641,2011,7,July,Q3,26,2011-07,Non-Holiday,0.91110622
34,2011-07-08,926934.57,0,80.84,3.469,129.1125,10.641,2011,7,July,Q3,27,2011-07,Non-Holiday,0.9269345699999999
34,2011-07-15,903882.96,0,78.09,3.563,129.1338387,10.641,2011,7,July,Q3,28,2011-07,Non-Holiday,0.90388296
34,2011-07-22,913236.62,0,80.75,3.627,129.1507742,10.641,2011,7,July,Q3,29,2011-07,Non-Holiday,0.9132366199999999
34,2011-07-29,851461.9,0,78.04,3.659,129.1677097,10.641,2011,7,July,Q3,30,2011-07,Non-Holiday,0.8514619
34,2011-08-05,942236.45,0,76.71,3.662,129.1846452,10.641,2011,8,August,Q3,31,2011-08,Non-Holiday,0.94223645
34,2011-08-12,956251.18,0,80.23,3.617,129.2015806,10.641,2011,8,August,Q3,32,2011-08,Non-Holiday,0.9562511800000001
34,2011-08-19,960418.54,0,77.08,3.55,129.2405806,10.641,2011,8,August,Q3,33,2011-08,Non-Holiday,0.96041854
34,2011-08-26,871404.6,0,77.27,3.523,129.2832581,10.641,2011,8,August,Q3,34,2011-08,Non-Holiday,0.8714046
34,2011-09-02,926455.64,0,78.24,3.533,129.3259355,10.641,2011,9,September,Q3,35,2011-09,Non-Holiday,0.92645564
34,2011-09-09,930506.14,1,70.05,3.554,129.3686129,10.641,2011,9,September,Q3,36,2011-09,Holiday,0.93050614
34,2011-09-16,927249.61,0,64.94,3.532,129.4306,10.641,2011,9,September,Q3,37,2011-09,Non-Holiday,0.92724961
34,2011-09-23,902852.73,0,66.23,3.473,129.5183333,10.641,2011,9,September,Q3,38,2011-09,Non-Holiday,0.90285273
34,2011-09-30,871847.85,0,69.44,3.371,129.6060667,10.641,2011,9,September,Q3,39,2011-09,Non-Holiday,0.87184785
34,2011-10-07,954069.45,0,60.42,3.299,129.6938,10.148,2011,10,October,Q4,40,2011-10,Non-Holiday,0.95406945
34,2011-10-14,911788.79,0,54.72,3.283,129.7706452,10.148,2011,10,October,Q4,41,2011-10,Non-Holiday,0.91178879
34,2011-10-21,953693.23,0,58.93,3.361,129.7821613,10.148,2011,10,October,Q4,42,2011-10,Non-Holiday,0.95369323
34,2011-10-28,958063.87,0,54.56,3.362,129.7936774,10.148,2011,10,October,Q4,43,2011-10,Non-Holiday,0.95806387
34,2011-11-04,992621.93,0,48.04,3.322,129.8051935,10.148,2011,11,November,Q4,44,2011-11,Non-Holiday,0.9926219300000001
34,2011-11-11,991570.02,0,41.04,3.286,129.8167097,10.148,2011,11,November,Q4,45,2011-11,Non-Holiday,0.99157002
34,2011-11-18,947552.44,0,46.0,3.294,129.8268333,10.148,2011,11,November,Q4,46,2011-11,Non-Holiday,0.9475524399999999
34,2011-11-25,1345595.82,1,45.99,3.225,129.8364,10.148,2011,11,November,Q4,47,2011-11,Holiday,1.34559582
34,2011-12-02,988742.08,0,39.75,3.176,129.8459667,10.148,2011,12,December,Q4,48,2011-12,Non-Holiday,0.98874208
34,2011-12-09,1084243.91,0,24.69,3.153,129.8555333,10.148,2011,12,December,Q4,49,2011-12,Non-Holiday,1.0842439099999999
34,2011-12-16,1151052.86,0,32.31,3.149,129.8980645,10.148,2011,12,December,Q4,50,2011-12,Non-Holiday,1.15105286
34,2011-12-23,1593655.96,0,32.45,3.103,129.9845484,10.148,2011,12,December,Q4,51,2011-12,Non-Holiday,1.59365596
34,2011-12-30,965512.36,1,28.84,3.119,130.0710323,10.148,2011,12,December,Q4,52,2011-12,Holiday,0.96551236
34,2012-01-06,953844.85,0,36.39,3.158,130.1575161,9.653,2012,1,January,Q1,1,2012-01,Non-Holiday,0.95384485
34,2012-01-13,913755.12,0,33.99,3.263,130.244,9.653,2012,1,January,Q1,2,2012-01,Non-Holiday,0.91375512
34,2012-01-20,910899.05,0,39.28,3.273,130.2792258,9.653,2012,1,January,Q1,3,2012-01,Non-Holiday,0.91089905
34,2012-01-27,872450.37,0,39.81,3.29,130.3144516,9.653,2012,1,January,Q1,4,2012-01,Non-Holiday,0.87245037
34,2012-02-03,939367.14,0,38.64,3.354,130.3496774,9.653,2012,2,February,Q1,5,2012-02,Non-Holiday,0.93936714
34,2012-02-10,1047658.09,1,36.7,3.411,130.3849032,9.653,2012,2,February,Q1,6,2012-02,Holiday,1.0476580899999999
34,2012-02-17,1123446.51,0,37.25,3.493,130.4546207,9.653,2012,2,February,Q1,7,2012-02,Non-Holiday,1.12344651
34,2012-02-24,950154.24,0,39.89,3.541,130.5502069,9.653,2012,2,February,Q1,8,2012-02,Non-Holiday,0.95015424
34,2012-03-02,990263.7,0,42.74,3.619,130.6457931,9.653,2012,3,March,Q1,9,2012-03,Non-Holiday,0.9902637
34,2012-03-09,976393.43,0,42.7,3.667,130.7413793,9.653,2012,3,March,Q1,10,2012-03,Non-Holiday,0.97639343
34,2012-03-16,999298.43,0,48.09,3.707,130.8261935,9.653,2012,3,March,Q1,11,2012-03,Non-Holiday,0.9992984300000001
34,2012-03-23,945143.33,0,47.93,3.759,130.8966452,9.653,2012,3,March,Q1,12,2012-03,Non-Holiday,0.94514333
34,2012-03-30,938861.77,0,59.29,3.82,130.9670968,9.653,2012,3,March,Q1,13,2012-03,Non-Holiday,0.93886177
34,2012-04-06,1091020.37,0,54.42,3.864,131.0375484,9.575,2012,4,April,Q2,14,2012-04,Non-Holiday,1.09102037
34,2012-04-13,987353.65,0,59.12,3.881,131.108,9.575,2012,4,April,Q2,15,2012-04,Non-Holiday,0.98735365
34,2012-04-20,977628.78,0,55.34,3.864,131.1173333,9.575,2012,4,April,Q2,16,2012-04,Non-Holiday,0.97762878
34,2012-04-27,940299.87,0,66.49,3.81,131.1266667,9.575,2012,4,April,Q2,17,2012-04,Non-Holiday,0.94029987
34,2012-05-04,991104.4,0,65.04,3.747,131.136,9.575,2012,5,May,Q2,18,2012-05,Non-Holiday,0.9911044
34,2012-05-11,949625.52,0,61.92,3.685,131.1453333,9.575,2012,5,May,Q2,19,2012-05,Non-Holiday,0.94962552
34,2012-05-18,998672.85,0,64.97,3.62,131.0983226,9.575,2012,5,May,Q2,20,2012-05,Non-Holiday,0.99867285
34,2012-05-25,1015737.61,0,72.42,3.551,131.0287742,9.575,2012,5,May,Q2,21,2012-05,Non-Holiday,1.01573761
34,2012-06-01,977062.44,0,70.41,3.483,130.9592258,9.575,2012,6,June,Q2,22,2012-06,Non-Holiday,0.97706244
34,2012-06-08,999511.29,0,75.35,3.433,130.8896774,9.575,2012,6,June,Q2,23,2012-06,Non-Holiday,0.99951129
34,2012-06-15,982345.51,0,76.48,3.372,130.8295333,9.575,2012,6,June,Q2,24,2012-06,Non-Holiday,0.98234551
34,2012-06-22,1000285.1,0,78.85,3.329,130.7929,9.575,2012,6,June,Q2,25,2012-06,Non-Holiday,1.0002851
34,2012-06-29,942970.63,0,81.91,3.257,130.7562667,9.575,2012,6,June,Q2,26,2012-06,Non-Holiday,0.94297063
34,2012-07-06,1007867.68,0,77.95,3.187,130.7196333,9.285,2012,7,July,Q3,27,2012-07,Non-Holiday,1.0078676800000002
34,2012-07-13,954677.75,0,74.02,3.224,130.683,9.285,2012,7,July,Q3,28,2012-07,Non-Holiday,0.95467775
34,2012-07-20,950929.59,0,77.7,3.263,130.7012903,9.285,2012,7,July,Q3,29,2012-07,Non-Holiday,0.95092959
34,2012-07-27,917883.79,0,77.3,3.356,130.7195806,9.285,2012,7,July,Q3,30,2012-07,Non-Holiday,0.9178837900000001
34,2012-08-03,973250.41,0,78.93,3.374,130.737871,9.285,2012,8,August,Q3,31,2012-08,Non-Holiday,0.97325041
34,2012-08-10,1004523.59,0,78.26,3.476,130.7561613,9.285,2012,8,August,Q3,32,2012-08,Non-Holiday,1.00452359
34,2012-08-17,1013820.86,0,77.78,3.552,130.7909677,9.285,2012,8,August,Q3,33,2012-08,Non-Holiday,1.01382086
34,2012-08-24,926250.21,0,72.44,3.61,130.8381613,9.285,2012,8,August,Q3,34,2012-08,Non-Holiday,0.92625021
34,2012-08-31,933487.71,0,75.89,3.646,130.8853548,9.285,2012,8,August,Q3,35,2012-08,Non-Holiday,0.93348771
34,2012-09-07,976415.56,1,78.26,3.709,130.9325484,9.285,2012,9,September,Q3,36,2012-09,Holiday,0.9764155600000001
34,2012-09-14,955211.7,0,64.28,3.706,130.9776667,9.285,2012,9,September,Q3,37,2012-09,Non-Holiday,0.9552117
34,2012-09-21,943047.78,0,66.08,3.721,131.0103333,9.285,2012,9,September,Q3,38,2012-09,Non-Holiday,0.94304778
34,2012-09-28,928629.31,0,67.06,3.666,131.043,9.285,2012,9,September,Q3,39,2012-09,Non-Holiday,0.92862931
34,2012-10-05,968896.68,0,65.41,3.62,131.0756667,8.839,2012,10,October,Q4,40,2012-10,Non-Holiday,0.9688966800000001
34,2012-10-12,948613.39,0,59.94,3.603,131.1083333,8.839,2012,10,October,Q4,41,2012-10,Non-Holiday,0.94861339
34,2012-10-19,963516.28,0,58.47,3.61,131.1499677,8.839,2012,10,October,Q4,42,2012-10,Non-Holiday,0.96351628
34,2012-10-26,956987.81,0,57.95,3.514,131.1930968,8.839,2012,10,October,Q4,43,2012-10,Non-Holiday,0.9569878100000001
35,2010-02-05,1230613.5,0,27.19,2.784,135.3524608,9.262,2010,2,February,Q1,5,2010-02,Non-Holiday,1.2306135
35,2010-02-12,1168815.31,1,29.81,2.773,135.4113076,9.262,2010,2,February,Q1,6,2010-02,Holiday,1.16881531
35,2010-02-19,1270658.64,0,32.44,2.745,135.4657781,9.262,2010,2,February,Q1,7,2010-02,Non-Holiday,1.27065864
35,2010-02-26,1020651.74,0,36.0,2.754,135.5195191,9.262,2010,2,February,Q1,8,2010-02,Non-Holiday,1.02065174
35,2010-03-05,1162610.27,0,38.07,2.777,135.5732602,9.262,2010,3,March,Q1,9,2010-03,Non-Holiday,1.16261027
35,2010-03-12,1150344.39,0,45.98,2.818,135.6270013,9.262,2010,3,March,Q1,10,2010-03,Non-Holiday,1.1503443899999999
35,2010-03-19,1117536.09,0,49.04,2.844,135.6682247,9.262,2010,3,March,Q1,11,2010-03,Non-Holiday,1.11753609
35,2010-03-26,1078900.44,0,52.34,2.854,135.7073618,9.262,2010,3,March,Q1,12,2010-03,Non-Holiday,1.07890044
35,2010-04-02,1189556.47,0,46.9,2.85,135.7464988,9.051,2010,4,April,Q2,13,2010-04,Non-Holiday,1.1895564699999999
35,2010-04-09,1198014.97,0,62.62,2.869,135.7856359,9.051,2010,4,April,Q2,14,2010-04,Non-Holiday,1.19801497
35,2010-04-16,1084487.55,0,54.95,2.899,135.82725,9.051,2010,4,April,Q2,15,2010-04,Non-Holiday,1.08448755
35,2010-04-23,1110827.48,0,53.91,2.902,135.8721667,9.051,2010,4,April,Q2,16,2010-04,Non-Holiday,1.11082748
35,2010-04-30,1096930.65,0,53.55,2.921,135.9170833,9.051,2010,4,April,Q2,17,2010-04,Non-Holiday,1.09693065
35,2010-05-07,1182099.88,0,69.02,2.966,135.962,9.051,2010,5,May,Q2,18,2010-05,Non-Holiday,1.18209988
35,2010-05-14,1104277.57,0,53.82,2.982,136.010394,9.051,2010,5,May,Q2,19,2010-05,Non-Holiday,1.10427757
35,2010-05-21,1078182.18,0,63.31,2.958,136.0796521,9.051,2010,5,May,Q2,20,2010-05,Non-Holiday,1.07818218
35,2010-05-28,1223777.48,0,67.88,2.899,136.1489101,9.051,2010,5,May,Q2,21,2010-05,Non-Holiday,1.22377748
35,2010-06-04,1282378.71,0,74.29,2.847,136.2181682,9.051,2010,6,June,Q2,22,2010-06,Non-Holiday,1.28237871
35,2010-06-11,1160412.71,0,68.9,2.809,136.2874263,9.051,2010,6,June,Q2,23,2010-06,Non-Holiday,1.16041271
35,2010-06-18,1198025.76,0,70.0,2.78,136.3243393,9.051,2010,6,June,Q2,24,2010-06,Non-Holiday,1.19802576
35,2010-06-25,1230245.74,0,78.02,2.808,136.3483143,9.051,2010,6,June,Q2,25,2010-06,Non-Holiday,1.23024574
35,2010-07-02,1245827.08,0,76.25,2.815,136.3722893,8.861,2010,7,July,Q3,26,2010-07,Non-Holiday,1.24582708
35,2010-07-09,1268766.76,0,82.69,2.793,136.3962643,8.861,2010,7,July,Q3,27,2010-07,Non-Holiday,1.26876676
35,2010-07-16,1124414.87,0,78.26,2.783,136.4179827,8.861,2010,7,July,Q3,28,2010-07,Non-Holiday,1.12441487
35,2010-07-23,1121756.43,0,81.56,2.771,136.4366924,8.861,2010,7,July,Q3,29,2010-07,Non-Holiday,1.12175643
35,2010-07-30,1139131.78,0,79.78,2.781,136.4554021,8.861,2010,7,July,Q3,30,2010-07,Non-Holiday,1.13913178
35,2010-08-06,1180183.39,0,77.45,2.784,136.4741118,8.861,2010,8,August,Q3,31,2010-08,Non-Holiday,1.1801833899999998
35,2010-08-13,1090587.5,0,77.36,2.805,136.4928214,8.861,2010,8,August,Q3,32,2010-08,Non-Holiday,1.0905875
35,2010-08-20,1033719.5,0,75.16,2.779,136.5249182,8.861,2010,8,August,Q3,33,2010-08,Non-Holiday,1.0337195
35,2010-08-27,917693.06,0,70.31,2.755,136.557015,8.861,2010,8,August,Q3,34,2010-08,Non-Holiday,0.9176930600000001
35,2010-09-03,948660.79,0,78.52,2.715,136.5891118,8.861,2010,9,September,Q3,35,2010-09,Non-Holiday,0.94866079
35,2010-09-10,961685.98,1,70.38,2.699,136.6212085,8.861,2010,9,September,Q3,36,2010-09,Holiday,0.9616859799999999
35,2010-09-17,831443.61,0,64.5,2.706,136.6338071,8.861,2010,9,September,Q3,37,2010-09,Non-Holiday,0.83144361
35,2010-09-24,758069.78,0,67.08,2.713,136.6317821,8.861,2010,9,September,Q3,38,2010-09,Non-Holiday,0.75806978
35,2010-10-01,771065.21,0,70.19,2.707,136.6297571,8.763,2010,10,October,Q4,39,2010-10,Non-Holiday,0.77106521
35,2010-10-08,874615.32,0,57.78,2.764,136.6277321,8.763,2010,10,October,Q4,40,2010-10,Non-Holiday,0.87461532
35,2010-10-15,798376.99,0,58.38,2.868,136.6401935,8.763,2010,10,October,Q4,41,2010-10,Non-Holiday,0.79837699
35,2010-10-22,827705.82,0,52.82,2.917,136.688871,8.763,2010,10,October,Q4,42,2010-10,Non-Holiday,0.8277058199999999
35,2010-10-29,857797.33,0,61.02,2.921,136.7375484,8.763,2010,10,October,Q4,43,2010-10,Non-Holiday,0.8577973299999999
35,2010-11-05,843755.12,0,45.91,2.917,136.7862258,8.763,2010,11,November,Q4,44,2010-11,Non-Holiday,0.84375512
35,2010-11-12,870914.69,0,45.9,2.931,136.8349032,8.763,2010,11,November,Q4,45,2010-11,Non-Holiday,0.87091469
35,2010-11-19,846850.35,0,50.81,3.0,136.7715714,8.763,2010,11,November,Q4,46,2010-11,Non-Holiday,0.84685035
35,2010-11-26,1781866.98,1,46.67,3.039,136.6895714,8.763,2010,11,November,Q4,47,2010-11,Holiday,1.78186698
35,2010-12-03,982598.88,0,41.81,3.046,136.6075714,8.763,2010,12,December,Q4,48,2010-12,Non-Holiday,0.98259888
35,2010-12-10,1108580.19,0,30.83,3.109,136.5255714,8.763,2010,12,December,Q4,49,2010-12,Non-Holiday,1.1085801899999999
35,2010-12-17,1314987.4,0,31.62,3.14,136.5292811,8.763,2010,12,December,Q4,50,2010-12,Non-Holiday,1.3149874
35,2010-12-24,1779236.54,0,31.34,3.141,136.597273,8.763,2010,12,December,Q4,51,2010-12,Non-Holiday,1.77923654
35,2010-12-31,576332.05,1,29.59,3.179,136.665265,8.763,2010,12,December,Q4,52,2010-12,Holiday,0.5763320500000001
35,2011-01-07,649289.75,0,34.42,3.193,136.7332569,8.549,2011,1,January,Q1,1,2011-01,Non-Holiday,0.64928975
35,2011-01-14,687670.78,0,25.7,3.205,136.803477,8.549,2011,1,January,Q1,2,2011-01,Non-Holiday,0.68767078
35,2011-01-21,659902.07,0,30.13,3.229,136.8870657,8.549,2011,1,January,Q1,3,2011-01,Non-Holiday,0.6599020699999999
35,2011-01-28,633289.78,0,23.64,3.237,136.9706544,8.549,2011,1,January,Q1,4,2011-01,Non-Holiday,0.63328978
35,2011-02-04,747577.05,0,28.7,3.231,137.0542431,8.549,2011,2,February,Q1,5,2011-02,Non-Holiday,0.7475770500000001
35,2011-02-11,859258.17,1,30.45,3.239,137.1378318,8.549,2011,2,February,Q1,6,2011-02,Holiday,0.85925817
35,2011-02-18,865305.88,0,39.32,3.245,137.2511849,8.549,2011,2,February,Q1,7,2011-02,Non-Holiday,0.86530588
35,2011-02-25,841129.26,0,33.05,3.274,137.3764439,8.549,2011,2,February,Q1,8,2011-02,Non-Holiday,0.84112926
35,2011-03-04,850448.54,0,36.99,3.433,137.5017028,8.549,2011,3,March,Q1,9,2011-03,Non-Holiday,0.85044854
35,2011-03-11,830601.39,0,43.64,3.582,137.6269617,8.549,2011,3,March,Q1,10,2011-03,Non-Holiday,0.83060139
35,2011-03-18,800662.82,0,46.65,3.631,137.7398929,8.549,2011,3,March,Q1,11,2011-03,Non-Holiday,0.80066282
35,2011-03-25,762184.1,0,40.11,3.625,137.8478929,8.549,2011,3,March,Q1,12,2011-03,Non-Holiday,0.7621841
35,2011-04-01,762620.94,0,37.27,3.638,137.9558929,8.512,2011,4,April,Q2,13,2011-04,Non-Holiday,0.7626209399999999
35,2011-04-08,813352.41,0,46.87,3.72,138.0638929,8.512,2011,4,April,Q2,14,2011-04,Non-Holiday,0.81335241
35,2011-04-15,795157.2,0,52.24,3.821,138.1646952,8.512,2011,4,April,Q2,15,2011-04,Non-Holiday,0.7951572
35,2011-04-22,841778.34,0,50.02,3.892,138.2475036,8.512,2011,4,April,Q2,16,2011-04,Non-Holiday,0.84177834
35,2011-04-29,811824.06,0,61.71,3.962,138.3303119,8.512,2011,4,April,Q2,17,2011-04,Non-Holiday,0.8118240600000001
35,2011-05-06,835181.18,0,56.48,4.046,138.4131202,8.512,2011,5,May,Q2,18,2011-05,Non-Holiday,0.8351811800000001
35,2011-05-13,826155.95,0,60.07,4.066,138.4959286,8.512,2011,5,May,Q2,19,2011-05,Non-Holiday,0.82615595
35,2011-05-20,776838.56,0,60.22,4.062,138.587106,8.512,2011,5,May,Q2,20,2011-05,Non-Holiday,0.7768385600000001
35,2011-05-27,850708.6,0,66.43,3.985,138.6782834,8.512,2011,5,May,Q2,21,2011-05,Non-Holiday,0.8507085999999999
35,2011-06-03,955466.84,0,74.17,3.922,138.7694608,8.512,2011,6,June,Q2,22,2011-06,Non-Holiday,0.9554668399999999
35,2011-06-10,855130.21,0,73.26,3.881,138.8606382,8.512,2011,6,June,Q2,23,2011-06,Non-Holiday,0.85513021
35,2011-06-17,828594.86,0,67.03,3.842,139.0028333,8.512,2011,6,June,Q2,24,2011-06,Non-Holiday,0.8285948599999999
35,2011-06-24,849397.57,0,72.02,3.804,139.1832917,8.512,2011,6,June,Q2,25,2011-06,Non-Holiday,0.8493975699999999
35,2011-07-01,874453.88,0,73.76,3.748,139.36375,8.684,2011,7,July,Q3,26,2011-07,Non-Holiday,0.87445388
35,2011-07-08,827717.85,0,76.87,3.711,139.5442083,8.684,2011,7,July,Q3,27,2011-07,Non-Holiday,0.82771785
35,2011-07-15,813845.5,0,77.83,3.76,139.7006325,8.684,2011,7,July,Q3,28,2011-07,Non-Holiday,0.8138455
35,2011-07-22,820188.42,0,82.28,3.811,139.7969712,8.684,2011,7,July,Q3,29,2011-07,Non-Holiday,0.82018842
35,2011-07-29,770820.27,0,79.41,3.829,139.8933099,8.684,2011,7,July,Q3,30,2011-07,Non-Holiday,0.77082027
35,2011-08-05,826820.71,0,78.14,3.842,139.9896486,8.684,2011,8,August,Q3,31,2011-08,Non-Holiday,0.82682071
35,2011-08-12,819911.89,0,76.67,3.812,140.0859873,8.684,2011,8,August,Q3,32,2011-08,Non-Holiday,0.81991189
35,2011-08-19,820288.35,0,72.97,3.747,140.1289205,8.684,2011,8,August,Q3,33,2011-08,Non-Holiday,0.82028835
35,2011-08-26,897037.25,0,72.88,3.704,140.1629528,8.684,2011,8,August,Q3,34,2011-08,Non-Holiday,0.89703725
35,2011-09-02,813486.55,0,71.44,3.703,140.196985,8.684,2011,9,September,Q3,35,2011-09,Non-Holiday,0.81348655
35,2011-09-09,922440.64,1,70.93,3.738,140.2310173,8.684,2011,9,September,Q3,36,2011-09,Holiday,0.92244064
35,2011-09-16,738792.11,0,69.65,3.742,140.2735,8.684,2011,9,September,Q3,37,2011-09,Non-Holiday,0.73879211
35,2011-09-23,705802.45,0,63.61,3.711,140.32725,8.684,2011,9,September,Q3,38,2011-09,Non-Holiday,0.70580245
35,2011-09-30,749676.95,0,70.92,3.645,140.381,8.684,2011,9,September,Q3,39,2011-09,Non-Holiday,0.74967695
35,2011-10-07,791637.53,0,56.91,3.583,140.43475,8.745,2011,10,October,Q4,40,2011-10,Non-Holiday,0.79163753
35,2011-10-14,772859.25,0,64.78,3.541,140.4784194,8.745,2011,10,October,Q4,41,2011-10,Non-Holiday,0.77285925
35,2011-10-21,811328.4,0,59.62,3.57,140.4616048,8.745,2011,10,October,Q4,42,2011-10,Non-Holiday,0.8113284000000001
35,2011-10-28,808821.5,0,51.81,3.569,140.4447903,8.745,2011,10,October,Q4,43,2011-10,Non-Holiday,0.8088215
35,2011-11-04,653468.75,0,44.46,3.551,140.4279758,8.745,2011,11,November,Q4,44,2011-11,Non-Holiday,0.65346875
35,2011-11-11,880576.33,0,49.69,3.53,140.4111613,8.745,2011,11,November,Q4,45,2011-11,Non-Holiday,0.8805763299999999
35,2011-11-18,820964.1,0,51.42,3.53,140.4127857,8.745,2011,11,November,Q4,46,2011-11,Non-Holiday,0.8209641
35,2011-11-25,1733822.4,1,47.88,3.492,140.4217857,8.745,2011,11,November,Q4,47,2011-11,Holiday,1.7338224
35,2011-12-02,903606.03,0,50.55,3.452,140.4307857,8.745,2011,12,December,Q4,48,2011-12,Non-Holiday,0.9036060300000001
35,2011-12-09,948964.99,0,46.28,3.415,140.4397857,8.745,2011,12,December,Q4,49,2011-12,Non-Holiday,0.94896499
35,2011-12-16,1115255.65,0,40.68,3.413,140.4700795,8.745,2011,12,December,Q4,50,2011-12,Non-Holiday,1.11525565
35,2011-12-23,1550214.02,0,41.59,3.389,140.528765,8.745,2011,12,December,Q4,51,2011-12,Non-Holiday,1.55021402
35,2011-12-30,904650.55,1,37.85,3.389,140.5874505,8.745,2011,12,December,Q4,52,2011-12,Holiday,0.90465055
35,2012-01-06,671708.09,0,35.8,3.422,140.6461359,8.744,2012,1,January,Q1,1,2012-01,Non-Holiday,0.67170809
35,2012-01-13,625135.11,0,41.3,3.513,140.7048214,8.744,2012,1,January,Q1,2,2012-01,Non-Holiday,0.62513511
35,2012-01-20,669850.04,0,30.35,3.533,140.8086118,8.744,2012,1,January,Q1,3,2012-01,Non-Holiday,0.66985004
35,2012-01-27,588722.99,0,36.96,3.567,140.9124021,8.744,2012,1,January,Q1,4,2012-01,Non-Holiday,0.58872299
35,2012-02-03,746901.03,0,42.52,3.617,141.0161924,8.744,2012,2,February,Q1,5,2012-02,Non-Holiday,0.7469010300000001
35,2012-02-10,849779.14,1,37.86,3.64,141.1199827,8.744,2012,2,February,Q1,6,2012-02,Holiday,0.84977914
35,2012-02-17,824568.39,0,37.24,3.695,141.2140357,8.744,2012,2,February,Q1,7,2012-02,Non-Holiday,0.82456839
35,2012-02-24,805028.74,0,41.74,3.739,141.3007857,8.744,2012,2,February,Q1,8,2012-02,Non-Holiday,0.80502874
35,2012-03-02,766571.1,0,40.07,3.816,141.3875357,8.744,2012,3,March,Q1,9,2012-03,Non-Holiday,0.7665711
35,2012-03-09,796351.35,0,44.32,3.848,141.4742857,8.744,2012,3,March,Q1,10,2012-03,Non-Holiday,0.79635135
35,2012-03-16,793045.82,0,49.6,3.862,141.55478,8.744,2012,3,March,Q1,11,2012-03,Non-Holiday,0.7930458199999999
35,2012-03-23,760671.1,0,57.3,3.9,141.6269332,8.744,2012,3,March,Q1,12,2012-03,Non-Holiday,0.7606710999999999
35,2012-03-30,744525.69,0,49.4,3.953,141.6990864,8.744,2012,3,March,Q1,13,2012-03,Non-Holiday,0.7445256899999999
35,2012-04-06,860293.46,0,48.73,3.996,141.7712396,8.876,2012,4,April,Q2,14,2012-04,Non-Holiday,0.86029346
35,2012-04-13,788633.42,0,52.22,4.044,141.8433929,8.876,2012,4,April,Q2,15,2012-04,Non-Holiday,0.78863342
35,2012-04-20,794660.24,0,62.62,4.027,141.9015262,8.876,2012,4,April,Q2,16,2012-04,Non-Holiday,0.79466024
35,2012-04-27,721212.45,0,52.33,4.004,141.9596595,8.876,2012,4,April,Q2,17,2012-04,Non-Holiday,0.72121245
35,2012-05-04,772036.6,0,53.68,3.951,142.0177929,8.876,2012,5,May,Q2,18,2012-05,Non-Holiday,0.7720366
35,2012-05-11,802383.63,0,58.97,3.889,142.0759262,8.876,2012,5,May,Q2,19,2012-05,Non-Holiday,0.80238363
35,2012-05-18,819196.68,0,65.15,3.848,142.0970115,8.876,2012,5,May,Q2,20,2012-05,Non-Holiday,0.81919668
35,2012-05-25,822167.17,0,64.77,3.798,142.1032776,8.876,2012,5,May,Q2,21,2012-05,Non-Holiday,0.8221671700000001
35,2012-06-01,932195.52,0,73.4,3.742,142.1095438,8.876,2012,6,June,Q2,22,2012-06,Non-Holiday,0.93219552
35,2012-06-08,873415.01,0,64.05,3.689,142.1158099,8.876,2012,6,June,Q2,23,2012-06,Non-Holiday,0.87341501
35,2012-06-15,848289.41,0,69.52,3.62,142.1292548,8.876,2012,6,June,Q2,24,2012-06,Non-Holiday,0.84828941
35,2012-06-22,911696.0,0,73.23,3.564,142.1606464,8.876,2012,6,June,Q2,25,2012-06,Non-Holiday,0.911696
35,2012-06-29,892133.41,0,73.94,3.506,142.1920381,8.876,2012,6,June,Q2,26,2012-06,Non-Holiday,0.89213341
35,2012-07-06,985479.64,0,82.08,3.475,142.2234298,8.839,2012,7,July,Q3,27,2012-07,Non-Holiday,0.98547964
35,2012-07-13,825763.48,0,78.95,3.523,142.2548214,8.839,2012,7,July,Q3,28,2012-07,Non-Holiday,0.82576348
35,2012-07-20,841224.74,0,78.64,3.567,142.2337569,8.839,2012,7,July,Q3,29,2012-07,Non-Holiday,0.84122474
35,2012-07-27,808030.15,0,76.01,3.647,142.2126924,8.839,2012,7,July,Q3,30,2012-07,Non-Holiday,0.80803015
35,2012-08-03,866216.36,0,75.22,3.654,142.1916279,8.839,2012,8,August,Q3,31,2012-08,Non-Holiday,0.86621636
35,2012-08-10,888368.8,0,78.44,3.722,142.1705634,8.839,2012,8,August,Q3,32,2012-08,Non-Holiday,0.8883688000000001
35,2012-08-17,887979.47,0,76.51,3.807,142.2157385,8.839,2012,8,August,Q3,33,2012-08,Non-Holiday,0.88797947
35,2012-08-24,895274.72,0,72.93,3.834,142.3105933,8.839,2012,8,August,Q3,34,2012-08,Non-Holiday,0.89527472
35,2012-08-31,931278.97,0,75.0,3.867,142.4054482,8.839,2012,8,August,Q3,35,2012-08,Non-Holiday,0.9312789699999999
35,2012-09-07,984833.35,1,76.0,3.911,142.500303,8.839,2012,9,September,Q3,36,2012-09,Holiday,0.9848333499999999
35,2012-09-14,821568.64,0,68.72,3.948,142.5938833,8.839,2012,9,September,Q3,37,2012-09,Non-Holiday,0.82156864
35,2012-09-21,772302.94,0,66.1,4.038,142.6798167,8.839,2012,9,September,Q3,38,2012-09,Non-Holiday,0.77230294
35,2012-09-28,814099.86,0,64.92,3.997,142.76575,8.839,2012,9,September,Q3,39,2012-09,Non-Holiday,0.81409986
35,2012-10-05,866064.4,0,64.5,3.985,142.8516833,8.665,2012,10,October,Q4,40,2012-10,Non-Holiday,0.8660644000000001
35,2012-10-12,873643.14,0,55.4,4.0,142.9376167,8.665,2012,10,October,Q4,41,2012-10,Non-Holiday,0.87364314
35,2012-10-19,829284.67,0,56.53,3.969,142.8633629,8.665,2012,10,October,Q4,42,2012-10,Non-Holiday,0.8292846700000001
35,2012-10-26,865137.6,0,58.99,3.882,142.7624113,8.665,2012,10,October,Q4,43,2012-10,Non-Holiday,0.8651376
36,2010-02-05,467546.74,0,45.97,2.545,209.8529663,8.554,2010,2,February,Q1,5,2010-02,Non-Holiday,0.46754674
36,2010-02-12,469563.7,1,46.11,2.539,209.9970208,8.554,2010,2,February,Q1,6,2010-02,Holiday,0.46956370000000003
36,2010-02-19,470281.03,0,45.66,2.472,210.0451024,8.554,2010,2,February,Q1,7,2010-02,Non-Holiday,0.47028103000000004
36,2010-02-26,447519.44,0,50.87,2.52,210.0771885,8.554,2010,2,February,Q1,8,2010-02,Non-Holiday,0.44751944
36,2010-03-05,480203.43,0,51.33,2.574,210.1092746,8.554,2010,3,March,Q1,9,2010-03,Non-Holiday,0.48020343
36,2010-03-12,441434.2,0,61.96,2.619,210.1413607,8.554,2010,3,March,Q1,10,2010-03,Non-Holiday,0.4414342
36,2010-03-19,428851.99,0,59.56,2.701,209.9803208,8.554,2010,3,March,Q1,11,2010-03,Non-Holiday,0.42885199
36,2010-03-26,404438.51,0,55.76,2.711,209.7870932,8.554,2010,3,March,Q1,12,2010-03,Non-Holiday,0.40443851000000003
36,2010-04-02,435972.82,0,63.43,2.708,209.5938656,8.464,2010,4,April,Q2,13,2010-04,Non-Holiday,0.43597282
36,2010-04-09,453016.91,0,68.54,2.743,209.400638,8.464,2010,4,April,Q2,14,2010-04,Non-Holiday,0.45301691
36,2010-04-16,483699.56,0,66.74,2.769,209.2691428,8.464,2010,4,April,Q2,15,2010-04,Non-Holiday,0.48369956
36,2010-04-23,434116.8,0,68.03,2.762,209.2199574,8.464,2010,4,April,Q2,16,2010-04,Non-Holiday,0.43411679999999997
36,2010-04-30,457899.64,0,70.9,2.725,209.170772,8.464,2010,4,April,Q2,17,2010-04,Non-Holiday,0.45789964
36,2010-05-07,489372.02,0,75.56,2.786,209.1215867,8.464,2010,5,May,Q2,18,2010-05,Non-Holiday,0.48937202
36,2010-05-14,476733.74,0,77.53,2.805,209.118536,8.464,2010,5,May,Q2,19,2010-05,Non-Holiday,0.47673374
36,2010-05-21,474917.98,0,77.34,2.767,209.3922937,8.464,2010,5,May,Q2,20,2010-05,Non-Holiday,0.47491797999999996
36,2010-05-28,447050.42,0,80.87,2.716,209.6660514,8.464,2010,5,May,Q2,21,2010-05,Non-Holiday,0.44705042
36,2010-06-04,471088.88,0,79.93,2.664,209.9398091,8.464,2010,6,June,Q2,22,2010-06,Non-Holiday,0.47108888
36,2010-06-11,467711.18,0,82.3,2.615,210.2135668,8.464,2010,6,June,Q2,23,2010-06,Non-Holiday,0.46771118
36,2010-06-18,485694.72,0,84.37,2.572,210.2108417,8.464,2010,6,June,Q2,24,2010-06,Non-Holiday,0.48569471999999997
36,2010-06-25,434879.87,0,84.14,2.601,210.0975233,8.464,2010,6,June,Q2,25,2010-06,Non-Holiday,0.43487987
36,2010-07-02,434252.15,0,81.85,2.606,209.984205,8.36,2010,7,July,Q3,26,2010-07,Non-Holiday,0.43425215
36,2010-07-09,471713.59,0,81.74,2.596,209.8708867,8.36,2010,7,July,Q3,27,2010-07,Non-Holiday,0.47171359
36,2010-07-16,466962.04,0,84.43,2.561,209.8630532,8.36,2010,7,July,Q3,28,2010-07,Non-Holiday,0.46696203999999997
36,2010-07-23,452021.2,0,82.6,2.542,209.9958663,8.36,2010,7,July,Q3,29,2010-07,Non-Holiday,0.4520212
36,2010-07-30,432451.91,0,81.88,2.602,210.1286794,8.36,2010,7,July,Q3,30,2010-07,Non-Holiday,0.43245191
36,2010-08-06,467442.94,0,85.49,2.573,210.2614925,8.36,2010,8,August,Q3,31,2010-08,Non-Holiday,0.46744294000000003
36,2010-08-13,470436.8,0,86.06,2.644,210.3943056,8.36,2010,8,August,Q3,32,2010-08,Non-Holiday,0.4704368
36,2010-08-20,437949.9,0,85.54,2.604,210.3617581,8.36,2010,8,August,Q3,33,2010-08,Non-Holiday,0.4379499
36,2010-08-27,412050.73,0,84.62,2.562,210.3292106,8.36,2010,8,August,Q3,34,2010-08,Non-Holiday,0.41205073
36,2010-09-03,431294.45,0,82.29,2.533,210.2966631,8.36,2010,9,September,Q3,35,2010-09,Non-Holiday,0.43129445
36,2010-09-10,434471.38,1,80.58,2.513,210.2641156,8.36,2010,9,September,Q3,36,2010-09,Holiday,0.43447138
36,2010-09-17,454694.21,0,82.1,2.55,210.2924504,8.36,2010,9,September,Q3,37,2010-09,Non-Holiday,0.45469421000000004
36,2010-09-24,419348.59,0,79.17,2.578,210.3664469,8.36,2010,9,September,Q3,38,2010-09,Non-Holiday,0.41934859
36,2010-10-01,422169.47,0,74.66,2.567,210.4404433,8.476,2010,10,October,Q4,39,2010-10,Non-Holiday,0.42216947
36,2010-10-08,444351.61,0,66.34,2.595,210.5144398,8.476,2010,10,October,Q4,40,2010-10,Non-Holiday,0.44435161
36,2010-10-15,453308.15,0,71.57,2.705,210.5805944,8.476,2010,10,October,Q4,41,2010-10,Non-Holiday,0.45330815
36,2010-10-22,424956.3,0,72.24,2.698,210.6271444,8.476,2010,10,October,Q4,42,2010-10,Non-Holiday,0.4249563
36,2010-10-29,392654.26,0,76.22,2.68,210.6736944,8.476,2010,10,October,Q4,43,2010-10,Non-Holiday,0.39265426000000003
36,2010-11-05,405860.37,0,62.72,2.655,210.7202444,8.476,2010,11,November,Q4,44,2010-11,Non-Holiday,0.40586036999999997
36,2010-11-12,425804.8,0,61.97,2.705,210.7667944,8.476,2010,11,November,Q4,45,2010-11,Non-Holiday,0.4258048
36,2010-11-19,411615.71,0,56.73,2.741,210.65429,8.476,2010,11,November,Q4,46,2010-11,Non-Holiday,0.41161571
36,2010-11-26,408891.49,1,67.73,2.725,210.5152765,8.476,2010,11,November,Q4,47,2010-11,Holiday,0.40889148999999997
36,2010-12-03,360266.09,0,54.44,2.694,210.376263,8.476,2010,12,December,Q4,48,2010-12,Non-Holiday,0.36026609000000004
36,2010-12-10,404545.03,0,51.83,2.813,210.2372494,8.476,2010,12,December,Q4,49,2010-12,Non-Holiday,0.40454503
36,2010-12-17,410214.7,0,56.73,2.852,210.1787224,8.476,2010,12,December,Q4,50,2010-12,Non-Holiday,0.4102147
36,2010-12-24,422093.59,0,59.1,2.863,210.1805602,8.476,2010,12,December,Q4,51,2010-12,Non-Holiday,0.42209359
36,2010-12-31,359310.65,1,52.88,2.949,210.182398,8.476,2010,12,December,Q4,52,2010-12,Holiday,0.35931065
36,2011-01-07,384659.85,0,54.11,2.942,210.1842358,8.395,2011,1,January,Q1,1,2011-01,Non-Holiday,0.38465984999999997
36,2011-01-14,410497.73,0,42.87,2.971,210.2379731,8.395,2011,1,January,Q1,2,2011-01,Non-Holiday,0.41049773
36,2011-01-21,399191.05,0,51.18,2.98,210.6031072,8.395,2011,1,January,Q1,3,2011-01,Non-Holiday,0.39919105
36,2011-01-28,372174.12,0,48.74,2.995,210.9682412,8.395,2011,1,January,Q1,4,2011-01,Non-Holiday,0.37217412
36,2011-02-04,417521.7,0,46.68,2.98,211.3333753,8.395,2011,2,February,Q1,5,2011-02,Non-Holiday,0.4175217
36,2011-02-11,401501.2,1,41.16,3.009,211.6985093,8.395,2011,2,February,Q1,6,2011-02,Holiday,0.4015012
36,2011-02-18,427175.03,0,57.48,3.017,212.0063522,8.395,2011,2,February,Q1,7,2011-02,Non-Holiday,0.42717503
36,2011-02-25,380279.44,0,67.73,3.053,212.2912786,8.395,2011,2,February,Q1,8,2011-02,Non-Holiday,0.38027944
36,2011-03-04,402579.84,0,64.55,3.282,212.576205,8.395,2011,3,March,Q1,9,2011-03,Non-Holiday,0.40257984
36,2011-03-11,407506.78,0,59.15,3.448,212.8611313,8.395,2011,3,March,Q1,10,2011-03,Non-Holiday,0.40750678
36,2011-03-18,431412.22,0,64.9,3.487,213.1096787,8.395,2011,3,March,Q1,11,2011-03,Non-Holiday,0.43141221999999996
36,2011-03-25,390732.02,0,71.07,3.488,213.3436744,8.395,2011,3,March,Q1,12,2011-03,Non-Holiday,0.39073202
36,2011-04-01,385672.11,0,67.31,3.529,213.5776701,8.3,2011,4,April,Q2,13,2011-04,Non-Holiday,0.38567211
36,2011-04-08,428727.61,0,69.39,3.645,213.8116658,8.3,2011,4,April,Q2,14,2011-04,Non-Holiday,0.42872761
36,2011-04-15,414986.54,0,73.25,3.763,214.026217,8.3,2011,4,April,Q2,15,2011-04,Non-Holiday,0.41498653999999996
36,2011-04-22,374574.72,0,74.57,3.805,214.1921572,8.3,2011,4,April,Q2,16,2011-04,Non-Holiday,0.37457471999999997
36,2011-04-29,340708.78,0,76.1,3.837,214.3580974,8.3,2011,4,April,Q2,17,2011-04,Non-Holiday,0.34070878000000004
36,2011-05-06,393401.4,0,69.56,3.917,214.5240376,8.3,2011,5,May,Q2,18,2011-05,Non-Holiday,0.3934014
36,2011-05-13,395316.65,0,76.73,3.92,214.6899778,8.3,2011,5,May,Q2,19,2011-05,Non-Holiday,0.39531665000000005
36,2011-05-20,376183.44,0,73.02,3.925,214.465412,8.3,2011,5,May,Q2,20,2011-05,Non-Holiday,0.37618344
36,2011-05-27,348655.2,0,81.28,3.786,214.2408462,8.3,2011,5,May,Q2,21,2011-05,Non-Holiday,0.3486552
36,2011-06-03,373703.95,0,82.96,3.69,214.0162805,8.3,2011,6,June,Q2,22,2011-06,Non-Holiday,0.37370395
36,2011-06-10,374182.04,0,82.41,3.633,213.7917147,8.3,2011,6,June,Q2,23,2011-06,Non-Holiday,0.37418204
36,2011-06-17,394645.25,0,84.43,3.599,213.7481256,8.3,2011,6,June,Q2,24,2011-06,Non-Holiday,0.39464525
36,2011-06-24,360009.94,0,83.95,3.569,213.8402689,8.3,2011,6,June,Q2,25,2011-06,Non-Holiday,0.36000994000000003
36,2011-07-01,354270.77,0,85.33,3.502,213.9324122,8.177,2011,7,July,Q3,26,2011-07,Non-Holiday,0.35427077
36,2011-07-08,377464.62,0,84.71,3.44,214.0245556,8.177,2011,7,July,Q3,27,2011-07,Non-Holiday,0.37746462
36,2011-07-15,385631.48,0,85.63,3.55,214.1083654,8.177,2011,7,July,Q3,28,2011-07,Non-Holiday,0.38563147999999997
36,2011-07-22,361311.41,0,83.31,3.637,214.1713416,8.177,2011,7,July,Q3,29,2011-07,Non-Holiday,0.36131141
36,2011-07-29,354361.08,0,84.99,3.66,214.2343177,8.177,2011,7,July,Q3,30,2011-07,Non-Holiday,0.35436108
36,2011-08-05,381017.75,0,86.71,3.652,214.2972939,8.177,2011,8,August,Q3,31,2011-08,Non-Holiday,0.38101775
36,2011-08-12,380188.69,0,87.64,3.608,214.3602701,8.177,2011,8,August,Q3,32,2011-08,Non-Holiday,0.38018869
36,2011-08-19,373267.58,0,87.24,3.534,214.4239935,8.177,2011,8,August,Q3,33,2011-08,Non-Holiday,0.37326758000000004
36,2011-08-26,344964.2,0,86.02,3.501,214.4878416,8.177,2011,8,August,Q3,34,2011-08,Non-Holiday,0.3449642
36,2011-09-02,350276.29,0,87.5,3.481,214.5516896,8.177,2011,9,September,Q3,35,2011-09,Non-Holiday,0.35027629
36,2011-09-09,352960.64,1,77.94,3.499,214.6155376,8.177,2011,9,September,Q3,36,2011-09,Holiday,0.35296064
36,2011-09-16,343108.12,0,82.06,3.473,214.7934111,8.177,2011,9,September,Q3,37,2011-09,Non-Holiday,0.34310812
36,2011-09-23,322405.13,0,78.35,3.441,215.1233185,8.177,2011,9,September,Q3,38,2011-09,Non-Holiday,0.32240513
36,2011-09-30,314910.37,0,81.52,3.328,215.4532259,8.177,2011,9,September,Q3,39,2011-09,Non-Holiday,0.31491037
36,2011-10-07,346137.87,0,71.2,3.262,215.7831333,7.716,2011,10,October,Q4,40,2011-10,Non-Holiday,0.34613787
36,2011-10-14,342076.99,0,74.16,3.234,216.0885258,7.716,2011,10,October,Q4,41,2011-10,Non-Holiday,0.34207698999999997
36,2011-10-21,328633.34,0,67.89,3.308,216.2468287,7.716,2011,10,October,Q4,42,2011-10,Non-Holiday,0.32863334000000005
36,2011-10-28,306193.81,0,71.31,3.306,216.4051315,7.716,2011,10,October,Q4,43,2011-10,Non-Holiday,0.30619381
36,2011-11-04,313387.11,0,58.97,3.287,216.5634344,7.716,2011,11,November,Q4,44,2011-11,Non-Holiday,0.31338710999999997
36,2011-11-11,328498.92,0,63.5,3.254,216.7217373,7.716,2011,11,November,Q4,45,2011-11,Non-Holiday,0.32849891999999997
36,2011-11-18,332901.94,0,66.28,3.26,216.9395861,7.716,2011,11,November,Q4,46,2011-11,Non-Holiday,0.33290194
36,2011-11-25,332811.55,1,66.41,3.181,217.1812533,7.716,2011,11,November,Q4,47,2011-11,Holiday,0.33281155
36,2011-12-02,293350.51,0,53.57,3.164,217.4229206,7.716,2011,12,December,Q4,48,2011-12,Non-Holiday,0.29335051
36,2011-12-09,312298.37,0,50.64,3.147,217.6645878,7.716,2011,12,December,Q4,49,2011-12,Non-Holiday,0.31229837
36,2011-12-16,341503.92,0,58.31,3.133,217.8781339,7.716,2011,12,December,Q4,50,2011-12,Non-Holiday,0.34150391999999996
36,2011-12-23,325262.46,0,55.41,3.098,218.0541851,7.716,2011,12,December,Q4,51,2011-12,Non-Holiday,0.32526246000000003
36,2011-12-30,287425.22,1,48.26,3.132,218.2302364,7.716,2011,12,December,Q4,52,2011-12,Holiday,0.28742522
36,2012-01-06,329467.82,0,57.18,3.129,218.4062876,7.244,2012,1,January,Q1,1,2012-01,Non-Holiday,0.32946782
36,2012-01-13,325976.34,0,56.28,3.254,218.5823389,7.244,2012,1,January,Q1,2,2012-01,Non-Holiday,0.32597634000000003
36,2012-01-20,330927.21,0,58.9,3.275,218.6755292,7.244,2012,1,January,Q1,3,2012-01,Non-Holiday,0.33092721
36,2012-01-27,301444.94,0,62.73,3.313,218.7687195,7.244,2012,1,January,Q1,4,2012-01,Non-Holiday,0.30144494
36,2012-02-03,310982.87,0,61.33,3.421,218.8619099,7.244,2012,2,February,Q1,5,2012-02,Non-Holiday,0.31098287
36,2012-02-10,335741.9,1,54.49,3.462,218.9551002,7.244,2012,2,February,Q1,6,2012-02,Holiday,0.33574190000000004
36,2012-02-17,326316.73,0,54.38,3.503,219.1148297,7.244,2012,2,February,Q1,7,2012-02,Non-Holiday,0.32631673
36,2012-02-24,313270.45,0,62.21,3.55,219.3244636,7.244,2012,2,February,Q1,8,2012-02,Non-Holiday,0.31327045000000003
36,2012-03-02,315396.72,0,64.54,3.619,219.5340975,7.244,2012,3,March,Q1,9,2012-03,Non-Holiday,0.31539671999999996
36,2012-03-09,318674.93,0,63.19,3.647,219.7437314,7.244,2012,3,March,Q1,10,2012-03,Non-Holiday,0.31867492999999997
36,2012-03-16,335345.82,0,67.48,3.779,219.8956335,7.244,2012,3,March,Q1,11,2012-03,Non-Holiday,0.33534582
36,2012-03-23,317872.51,0,69.18,3.845,219.9705599,7.244,2012,3,March,Q1,12,2012-03,Non-Holiday,0.31787251
36,2012-03-30,304144.9,0,70.48,3.891,220.0454862,7.244,2012,3,March,Q1,13,2012-03,Non-Holiday,0.3041449
36,2012-04-06,331026.11,0,73.95,3.934,220.1204125,6.989,2012,4,April,Q2,14,2012-04,Non-Holiday,0.33102611
36,2012-04-13,339407.94,0,72.54,3.919,220.1953389,6.989,2012,4,April,Q2,15,2012-04,Non-Holiday,0.33940794
36,2012-04-20,323915.32,0,70.87,3.918,220.2483937,6.989,2012,4,April,Q2,16,2012-04,Non-Holiday,0.32391532
36,2012-04-27,308389.82,0,70.06,3.888,220.3014485,6.989,2012,4,April,Q2,17,2012-04,Non-Holiday,0.30838982
36,2012-05-04,312467.52,0,77.17,3.835,220.3545033,6.989,2012,5,May,Q2,18,2012-05,Non-Holiday,0.31246752
36,2012-05-11,330518.34,0,76.55,3.764,220.4075581,6.989,2012,5,May,Q2,19,2012-05,Non-Holiday,0.33051834
36,2012-05-18,324801.13,0,73.7,3.713,220.4252149,6.989,2012,5,May,Q2,20,2012-05,Non-Holiday,0.32480113
36,2012-05-25,306098.17,0,78.94,3.636,220.4287124,6.989,2012,5,May,Q2,21,2012-05,Non-Holiday,0.30609817
36,2012-06-01,306005.53,0,80.74,3.567,220.4322099,6.989,2012,6,June,Q2,22,2012-06,Non-Holiday,0.30600553
36,2012-06-08,338273.38,0,81.5,3.513,220.4357073,6.989,2012,6,June,Q2,23,2012-06,Non-Holiday,0.33827338
36,2012-06-15,333146.88,0,82.15,3.407,220.4494148,6.989,2012,6,June,Q2,24,2012-06,Non-Holiday,0.33314688
36,2012-06-22,306411.01,0,80.4,3.358,220.4886472,6.989,2012,6,June,Q2,25,2012-06,Non-Holiday,0.30641101
36,2012-06-29,291530.43,0,86.68,3.273,220.5278796,6.989,2012,6,June,Q2,26,2012-06,Non-Holiday,0.29153043
36,2012-07-06,306578.89,0,81.52,3.232,220.567112,6.623,2012,7,July,Q3,27,2012-07,Non-Holiday,0.30657889
36,2012-07-13,298337.41,0,78.15,3.245,220.6063444,6.623,2012,7,July,Q3,28,2012-07,Non-Holiday,0.29833740999999997
36,2012-07-20,303289.55,0,81.76,3.301,220.6148749,6.623,2012,7,July,Q3,29,2012-07,Non-Holiday,0.30328954999999996
36,2012-07-27,279643.43,0,84.0,3.392,220.6234054,6.623,2012,7,July,Q3,30,2012-07,Non-Holiday,0.27964342999999997
36,2012-08-03,304989.97,0,85.56,3.404,220.6319358,6.623,2012,8,August,Q3,31,2012-08,Non-Holiday,0.30498997
36,2012-08-10,298947.51,0,84.41,3.49,220.6404663,6.623,2012,8,August,Q3,32,2012-08,Non-Holiday,0.29894751
36,2012-08-17,314607.22,0,85.89,3.571,220.7199609,6.623,2012,8,August,Q3,33,2012-08,Non-Holiday,0.31460721999999997
36,2012-08-24,282545.55,0,81.26,3.574,220.8526787,6.623,2012,8,August,Q3,34,2012-08,Non-Holiday,0.28254555
36,2012-08-31,282647.48,0,84.79,3.608,220.9853964,6.623,2012,8,August,Q3,35,2012-08,Non-Holiday,0.28264748
36,2012-09-07,293728.57,1,84.19,3.697,221.1181142,6.623,2012,9,September,Q3,36,2012-09,Holiday,0.29372857
36,2012-09-14,301893.63,0,78.16,3.692,221.2601207,6.623,2012,9,September,Q3,37,2012-09,Non-Holiday,0.30189363
36,2012-09-21,293804.45,0,75.98,3.709,221.4578604,6.623,2012,9,September,Q3,38,2012-09,Non-Holiday,0.29380445
36,2012-09-28,270677.98,0,79.49,3.66,221.6556,6.623,2012,9,September,Q3,39,2012-09,Non-Holiday,0.27067798
36,2012-10-05,277137.86,0,73.57,3.611,221.8533396,6.228,2012,10,October,Q4,40,2012-10,Non-Holiday,0.27713786
36,2012-10-12,300236.85,0,71.28,3.576,222.0510793,6.228,2012,10,October,Q4,41,2012-10,Non-Holiday,0.30023685
36,2012-10-19,287360.05,0,74.06,3.57,222.0951719,6.228,2012,10,October,Q4,42,2012-10,Non-Holiday,0.28736005
36,2012-10-26,272489.41,0,74.39,3.494,222.1136566,6.228,2012,10,October,Q4,43,2012-10,Non-Holiday,0.27248941
37,2010-02-05,536006.73,0,45.97,2.572,209.8529663,8.554,2010,2,February,Q1,5,2010-02,Non-Holiday,0.53600673
37,2010-02-12,529852.7,1,46.11,2.548,209.9970208,8.554,2010,2,February,Q1,6,2010-02,Holiday,0.5298527
37,2010-02-19,510382.5,0,45.66,2.514,210.0451024,8.554,2010,2,February,Q1,7,2010-02,Non-Holiday,0.5103825
37,2010-02-26,513615.82,0,50.87,2.561,210.0771885,8.554,2010,2,February,Q1,8,2010-02,Non-Holiday,0.5136158200000001
37,2010-03-05,519255.68,0,51.33,2.625,210.1092746,8.554,2010,3,March,Q1,9,2010-03,Non-Holiday,0.51925568
37,2010-03-12,513015.35,0,61.96,2.667,210.1413607,8.554,2010,3,March,Q1,10,2010-03,Non-Holiday,0.51301535
37,2010-03-19,460020.74,0,59.56,2.72,209.9803208,8.554,2010,3,March,Q1,11,2010-03,Non-Holiday,0.46002074
37,2010-03-26,515777.97,0,55.76,2.732,209.7870932,8.554,2010,3,March,Q1,12,2010-03,Non-Holiday,0.5157779699999999
37,2010-04-02,540189.7,0,63.43,2.719,209.5938656,8.464,2010,4,April,Q2,13,2010-04,Non-Holiday,0.5401897
37,2010-04-09,513327.55,0,68.54,2.77,209.400638,8.464,2010,4,April,Q2,14,2010-04,Non-Holiday,0.51332755
37,2010-04-16,524544.83,0,66.74,2.808,209.2691428,8.464,2010,4,April,Q2,15,2010-04,Non-Holiday,0.52454483
37,2010-04-23,527019.78,0,68.03,2.795,209.2199574,8.464,2010,4,April,Q2,16,2010-04,Non-Holiday,0.52701978
37,2010-04-30,517850.83,0,70.9,2.78,209.170772,8.464,2010,4,April,Q2,17,2010-04,Non-Holiday,0.51785083
37,2010-05-07,543234.77,0,75.56,2.835,209.1215867,8.464,2010,5,May,Q2,18,2010-05,Non-Holiday,0.54323477
37,2010-05-14,505196.08,0,77.53,2.854,209.118536,8.464,2010,5,May,Q2,19,2010-05,Non-Holiday,0.50519608
37,2010-05-21,510494.7,0,77.34,2.826,209.3922937,8.464,2010,5,May,Q2,20,2010-05,Non-Holiday,0.5104947
37,2010-05-28,532241.22,0,80.87,2.759,209.6660514,8.464,2010,5,May,Q2,21,2010-05,Non-Holiday,0.53224122
37,2010-06-04,479195.02,0,79.93,2.705,209.9398091,8.464,2010,6,June,Q2,22,2010-06,Non-Holiday,0.47919502
37,2010-06-11,481915.11,0,82.3,2.668,210.2135668,8.464,2010,6,June,Q2,23,2010-06,Non-Holiday,0.48191511
37,2010-06-18,505761.62,0,84.37,2.637,210.2108417,8.464,2010,6,June,Q2,24,2010-06,Non-Holiday,0.50576162
37,2010-06-25,485419.39,0,84.14,2.653,210.0975233,8.464,2010,6,June,Q2,25,2010-06,Non-Holiday,0.48541939
37,2010-07-02,498292.53,0,81.85,2.669,209.984205,8.36,2010,7,July,Q3,26,2010-07,Non-Holiday,0.49829253
37,2010-07-09,502456.04,0,81.74,2.642,209.8708867,8.36,2010,7,July,Q3,27,2010-07,Non-Holiday,0.50245604
37,2010-07-16,485150.01,0,84.43,2.623,209.8630532,8.36,2010,7,July,Q3,28,2010-07,Non-Holiday,0.48515001
37,2010-07-23,491998.12,0,82.6,2.608,209.9958663,8.36,2010,7,July,Q3,29,2010-07,Non-Holiday,0.49199812
37,2010-07-30,487912.95,0,81.88,2.64,210.1286794,8.36,2010,7,July,Q3,30,2010-07,Non-Holiday,0.48791295
37,2010-08-06,508576.62,0,85.49,2.627,210.2614925,8.36,2010,8,August,Q3,31,2010-08,Non-Holiday,0.50857662
37,2010-08-13,491815.83,0,86.06,2.692,210.3943056,8.36,2010,8,August,Q3,32,2010-08,Non-Holiday,0.49181583
37,2010-08-20,486930.72,0,85.54,2.664,210.3617581,8.36,2010,8,August,Q3,33,2010-08,Non-Holiday,0.48693072
37,2010-08-27,512157.25,0,84.62,2.619,210.3292106,8.36,2010,8,August,Q3,34,2010-08,Non-Holiday,0.51215725
37,2010-09-03,510427.53,0,82.29,2.577,210.2966631,8.36,2010,9,September,Q3,35,2010-09,Non-Holiday,0.5104275300000001
37,2010-09-10,510296.07,1,80.58,2.565,210.2641156,8.36,2010,9,September,Q3,36,2010-09,Holiday,0.51029607
37,2010-09-17,501251.4,0,82.1,2.582,210.2924504,8.36,2010,9,September,Q3,37,2010-09,Non-Holiday,0.5012514
37,2010-09-24,494265.48,0,79.17,2.624,210.3664469,8.36,2010,9,September,Q3,38,2010-09,Non-Holiday,0.49426548
37,2010-10-01,529877.93,0,74.66,2.603,210.4404433,8.476,2010,10,October,Q4,39,2010-10,Non-Holiday,0.52987793
37,2010-10-08,524483.65,0,66.34,2.633,210.5144398,8.476,2010,10,October,Q4,40,2010-10,Non-Holiday,0.52448365
37,2010-10-15,498925.86,0,71.57,2.72,210.5805944,8.476,2010,10,October,Q4,41,2010-10,Non-Holiday,0.49892586
37,2010-10-22,510425.4,0,72.24,2.725,210.6271444,8.476,2010,10,October,Q4,42,2010-10,Non-Holiday,0.5104254
37,2010-10-29,514485.9,0,76.22,2.716,210.6736944,8.476,2010,10,October,Q4,43,2010-10,Non-Holiday,0.5144859
37,2010-11-05,539683.42,0,62.72,2.689,210.7202444,8.476,2010,11,November,Q4,44,2010-11,Non-Holiday,0.53968342
37,2010-11-12,517546.69,0,61.97,2.728,210.7667944,8.476,2010,11,November,Q4,45,2010-11,Non-Holiday,0.51754669
37,2010-11-19,518124.16,0,56.73,2.771,210.65429,8.476,2010,11,November,Q4,46,2010-11,Non-Holiday,0.51812416
37,2010-11-26,518220.72,1,67.73,2.735,210.5152765,8.476,2010,11,November,Q4,47,2010-11,Holiday,0.51822072
37,2010-12-03,508213.14,0,54.44,2.708,210.376263,8.476,2010,12,December,Q4,48,2010-12,Non-Holiday,0.5082131400000001
37,2010-12-10,511207.52,0,51.83,2.843,210.2372494,8.476,2010,12,December,Q4,49,2010-12,Non-Holiday,0.51120752
37,2010-12-17,534285.21,0,56.73,2.869,210.1787224,8.476,2010,12,December,Q4,50,2010-12,Non-Holiday,0.53428521
37,2010-12-24,576809.92,0,59.1,2.886,210.1805602,8.476,2010,12,December,Q4,51,2010-12,Non-Holiday,0.5768099200000001
37,2010-12-31,460331.7,1,52.88,2.943,210.182398,8.476,2010,12,December,Q4,52,2010-12,Holiday,0.4603317
37,2011-01-07,542464.02,0,54.11,2.976,210.1842358,8.395,2011,1,January,Q1,1,2011-01,Non-Holiday,0.54246402
37,2011-01-14,525616.9,0,42.87,2.983,210.2379731,8.395,2011,1,January,Q1,2,2011-01,Non-Holiday,0.5256169
37,2011-01-21,526486.82,0,51.18,3.016,210.6031072,8.395,2011,1,January,Q1,3,2011-01,Non-Holiday,0.5264868199999999
37,2011-01-28,513672.36,0,48.74,3.01,210.9682412,8.395,2011,1,January,Q1,4,2011-01,Non-Holiday,0.5136723599999999
37,2011-02-04,583835.18,0,46.68,2.989,211.3333753,8.395,2011,2,February,Q1,5,2011-02,Non-Holiday,0.58383518
37,2011-02-11,522514.32,1,41.16,3.022,211.6985093,8.395,2011,2,February,Q1,6,2011-02,Holiday,0.52251432
37,2011-02-18,536840.69,0,57.48,3.045,212.0063522,8.395,2011,2,February,Q1,7,2011-02,Non-Holiday,0.5368406899999999
37,2011-02-25,514758.19,0,67.73,3.065,212.2912786,8.395,2011,2,February,Q1,8,2011-02,Non-Holiday,0.51475819
37,2011-03-04,527572.25,0,64.55,3.288,212.576205,8.395,2011,3,March,Q1,9,2011-03,Non-Holiday,0.52757225
37,2011-03-11,505610.4,0,59.15,3.459,212.8611313,8.395,2011,3,March,Q1,10,2011-03,Non-Holiday,0.5056104
37,2011-03-18,478503.06,0,64.9,3.488,213.1096787,8.395,2011,3,March,Q1,11,2011-03,Non-Holiday,0.47850306
37,2011-03-25,522105.93,0,71.07,3.473,213.3436744,8.395,2011,3,March,Q1,12,2011-03,Non-Holiday,0.5221059299999999
37,2011-04-01,534578.78,0,67.31,3.524,213.5776701,8.3,2011,4,April,Q2,13,2011-04,Non-Holiday,0.53457878
37,2011-04-08,543703.16,0,69.39,3.622,213.8116658,8.3,2011,4,April,Q2,14,2011-04,Non-Holiday,0.5437031600000001
37,2011-04-15,543775.87,0,73.25,3.743,214.026217,8.3,2011,4,April,Q2,15,2011-04,Non-Holiday,0.54377587
37,2011-04-22,526434.37,0,74.57,3.807,214.1921572,8.3,2011,4,April,Q2,16,2011-04,Non-Holiday,0.52643437
37,2011-04-29,502918.18,0,76.1,3.81,214.3580974,8.3,2011,4,April,Q2,17,2011-04,Non-Holiday,0.50291818
37,2011-05-06,547513.3,0,69.56,3.906,214.5240376,8.3,2011,5,May,Q2,18,2011-05,Non-Holiday,0.5475133000000001
37,2011-05-13,511871.63,0,76.73,3.899,214.6899778,8.3,2011,5,May,Q2,19,2011-05,Non-Holiday,0.51187163
37,2011-05-20,533564.42,0,73.02,3.907,214.465412,8.3,2011,5,May,Q2,20,2011-05,Non-Holiday,0.53356442
37,2011-05-27,507086.75,0,81.28,3.786,214.2408462,8.3,2011,5,May,Q2,21,2011-05,Non-Holiday,0.50708675
37,2011-06-03,500381.23,0,82.96,3.699,214.0162805,8.3,2011,6,June,Q2,22,2011-06,Non-Holiday,0.50038123
37,2011-06-10,509647.25,0,82.41,3.648,213.7917147,8.3,2011,6,June,Q2,23,2011-06,Non-Holiday,0.50964725
37,2011-06-17,525132.36,0,84.43,3.637,213.7481256,8.3,2011,6,June,Q2,24,2011-06,Non-Holiday,0.52513236
37,2011-06-24,509276.22,0,83.95,3.594,213.8402689,8.3,2011,6,June,Q2,25,2011-06,Non-Holiday,0.50927622
37,2011-07-01,517021.3,0,85.33,3.524,213.9324122,8.177,2011,7,July,Q3,26,2011-07,Non-Holiday,0.5170213
37,2011-07-08,489059.93,0,84.71,3.48,214.0245556,8.177,2011,7,July,Q3,27,2011-07,Non-Holiday,0.48905993
37,2011-07-15,498749.62,0,85.63,3.575,214.1083654,8.177,2011,7,July,Q3,28,2011-07,Non-Holiday,0.49874962
37,2011-07-22,505543.53,0,83.31,3.651,214.1713416,8.177,2011,7,July,Q3,29,2011-07,Non-Holiday,0.5055435300000001
37,2011-07-29,504974.95,0,84.99,3.682,214.2343177,8.177,2011,7,July,Q3,30,2011-07,Non-Holiday,0.50497495
37,2011-08-05,510787.46,0,86.71,3.684,214.2972939,8.177,2011,8,August,Q3,31,2011-08,Non-Holiday,0.51078746
37,2011-08-12,502504.39,0,87.64,3.638,214.3602701,8.177,2011,8,August,Q3,32,2011-08,Non-Holiday,0.50250439
37,2011-08-19,506897.98,0,87.24,3.554,214.4239935,8.177,2011,8,August,Q3,33,2011-08,Non-Holiday,0.50689798
37,2011-08-26,527947.21,0,86.02,3.523,214.4878416,8.177,2011,8,August,Q3,34,2011-08,Non-Holiday,0.52794721
37,2011-09-02,530367.83,0,87.5,3.533,214.5516896,8.177,2011,9,September,Q3,35,2011-09,Non-Holiday,0.53036783
37,2011-09-09,506273.74,1,77.94,3.546,214.6155376,8.177,2011,9,September,Q3,36,2011-09,Holiday,0.50627374
37,2011-09-16,513341.94,0,82.06,3.526,214.7934111,8.177,2011,9,September,Q3,37,2011-09,Non-Holiday,0.51334194
37,2011-09-23,516556.94,0,78.35,3.467,215.1233185,8.177,2011,9,September,Q3,38,2011-09,Non-Holiday,0.51655694
37,2011-09-30,516402.1,0,81.52,3.355,215.4532259,8.177,2011,9,September,Q3,39,2011-09,Non-Holiday,0.5164021
37,2011-10-07,522816.85,0,71.2,3.285,215.7831333,7.716,2011,10,October,Q4,40,2011-10,Non-Holiday,0.52281685
37,2011-10-14,513636.01,0,74.16,3.274,216.0885258,7.716,2011,10,October,Q4,41,2011-10,Non-Holiday,0.51363601
37,2011-10-21,522784.33,0,67.89,3.353,216.2468287,7.716,2011,10,October,Q4,42,2011-10,Non-Holiday,0.52278433
37,2011-10-28,517355.44,0,71.31,3.372,216.4051315,7.716,2011,10,October,Q4,43,2011-10,Non-Holiday,0.51735544
37,2011-11-04,555925.6,0,58.97,3.332,216.5634344,7.716,2011,11,November,Q4,44,2011-11,Non-Holiday,0.5559256
37,2011-11-11,501268.78,0,63.5,3.297,216.7217373,7.716,2011,11,November,Q4,45,2011-11,Non-Holiday,0.5012687800000001
37,2011-11-18,527495.09,0,66.28,3.308,216.9395861,7.716,2011,11,November,Q4,46,2011-11,Non-Holiday,0.5274950899999999
37,2011-11-25,522554.04,1,66.41,3.236,217.1812533,7.716,2011,11,November,Q4,47,2011-11,Holiday,0.5225540399999999
37,2011-12-02,527117.81,0,53.57,3.172,217.4229206,7.716,2011,12,December,Q4,48,2011-12,Non-Holiday,0.52711781
37,2011-12-09,537224.52,0,50.64,3.158,217.6645878,7.716,2011,12,December,Q4,49,2011-12,Non-Holiday,0.53722452
37,2011-12-16,533905.67,0,58.31,3.159,217.8781339,7.716,2011,12,December,Q4,50,2011-12,Non-Holiday,0.53390567
37,2011-12-23,605791.46,0,55.41,3.112,218.0541851,7.716,2011,12,December,Q4,51,2011-12,Non-Holiday,0.60579146
37,2011-12-30,451327.61,1,48.26,3.129,218.2302364,7.716,2011,12,December,Q4,52,2011-12,Holiday,0.45132761
37,2012-01-06,558343.57,0,57.18,3.157,218.4062876,7.244,2012,1,January,Q1,1,2012-01,Non-Holiday,0.5583435699999999
37,2012-01-13,546221.4,0,56.28,3.261,218.5823389,7.244,2012,1,January,Q1,2,2012-01,Non-Holiday,0.5462214
37,2012-01-20,543894.07,0,58.9,3.268,218.6755292,7.244,2012,1,January,Q1,3,2012-01,Non-Holiday,0.5438940699999999
37,2012-01-27,514116.58,0,62.73,3.29,218.7687195,7.244,2012,1,January,Q1,4,2012-01,Non-Holiday,0.51411658
37,2012-02-03,555424.24,0,61.33,3.36,218.8619099,7.244,2012,2,February,Q1,5,2012-02,Non-Holiday,0.55542424
37,2012-02-10,527041.46,1,54.49,3.409,218.9551002,7.244,2012,2,February,Q1,6,2012-02,Holiday,0.52704146
37,2012-02-17,541071.29,0,54.38,3.51,219.1148297,7.244,2012,2,February,Q1,7,2012-02,Non-Holiday,0.54107129
37,2012-02-24,518696.89,0,62.21,3.555,219.3244636,7.244,2012,2,February,Q1,8,2012-02,Non-Holiday,0.51869689
37,2012-03-02,525559.17,0,64.54,3.63,219.5340975,7.244,2012,3,March,Q1,9,2012-03,Non-Holiday,0.5255591700000001
37,2012-03-09,535937.25,0,63.19,3.669,219.7437314,7.244,2012,3,March,Q1,10,2012-03,Non-Holiday,0.53593725
37,2012-03-16,484588.34,0,67.48,3.734,219.8956335,7.244,2012,3,March,Q1,11,2012-03,Non-Holiday,0.48458834
37,2012-03-23,520887.23,0,69.18,3.787,219.9705599,7.244,2012,3,March,Q1,12,2012-03,Non-Holiday,0.52088723
37,2012-03-30,533734.94,0,70.48,3.845,220.0454862,7.244,2012,3,March,Q1,13,2012-03,Non-Holiday,0.53373494
37,2012-04-06,564848.78,0,73.95,3.891,220.1204125,6.989,2012,4,April,Q2,14,2012-04,Non-Holiday,0.56484878
37,2012-04-13,506973.17,0,72.54,3.891,220.1953389,6.989,2012,4,April,Q2,15,2012-04,Non-Holiday,0.50697317
37,2012-04-20,523483.19,0,70.87,3.877,220.2483937,6.989,2012,4,April,Q2,16,2012-04,Non-Holiday,0.52348319
37,2012-04-27,528807.45,0,70.06,3.814,220.3014485,6.989,2012,4,April,Q2,17,2012-04,Non-Holiday,0.52880745
37,2012-05-04,535311.64,0,77.17,3.749,220.3545033,6.989,2012,5,May,Q2,18,2012-05,Non-Holiday,0.53531164
37,2012-05-11,527983.04,0,76.55,3.688,220.4075581,6.989,2012,5,May,Q2,19,2012-05,Non-Holiday,0.5279830400000001
37,2012-05-18,534847.96,0,73.7,3.63,220.4252149,6.989,2012,5,May,Q2,20,2012-05,Non-Holiday,0.53484796
37,2012-05-25,540625.79,0,78.94,3.561,220.4287124,6.989,2012,5,May,Q2,21,2012-05,Non-Holiday,0.54062579
37,2012-06-01,531811.85,0,80.74,3.501,220.4322099,6.989,2012,6,June,Q2,22,2012-06,Non-Holiday,0.53181185
37,2012-06-08,528940.78,0,81.5,3.452,220.4357073,6.989,2012,6,June,Q2,23,2012-06,Non-Holiday,0.52894078
37,2012-06-15,508573.16,0,82.15,3.393,220.4494148,6.989,2012,6,June,Q2,24,2012-06,Non-Holiday,0.50857316
37,2012-06-22,484032.75,0,80.4,3.346,220.4886472,6.989,2012,6,June,Q2,25,2012-06,Non-Holiday,0.48403275
37,2012-06-29,508309.81,0,86.68,3.286,220.5278796,6.989,2012,6,June,Q2,26,2012-06,Non-Holiday,0.50830981
37,2012-07-06,519498.32,0,81.52,3.227,220.567112,6.623,2012,7,July,Q3,27,2012-07,Non-Holiday,0.51949832
37,2012-07-13,506005.47,0,78.15,3.256,220.6063444,6.623,2012,7,July,Q3,28,2012-07,Non-Holiday,0.50600547
37,2012-07-20,503744.56,0,81.76,3.311,220.6148749,6.623,2012,7,July,Q3,29,2012-07,Non-Holiday,0.50374456
37,2012-07-27,514489.17,0,84.0,3.407,220.6234054,6.623,2012,7,July,Q3,30,2012-07,Non-Holiday,0.5144891699999999
37,2012-08-03,521959.28,0,85.56,3.417,220.6319358,6.623,2012,8,August,Q3,31,2012-08,Non-Holiday,0.52195928
37,2012-08-10,500964.59,0,84.41,3.494,220.6404663,6.623,2012,8,August,Q3,32,2012-08,Non-Holiday,0.50096459
37,2012-08-17,509633.71,0,85.89,3.571,220.7199609,6.623,2012,8,August,Q3,33,2012-08,Non-Holiday,0.50963371
37,2012-08-24,522665.04,0,81.26,3.62,220.8526787,6.623,2012,8,August,Q3,34,2012-08,Non-Holiday,0.52266504
37,2012-08-31,538344.1,0,84.79,3.638,220.9853964,6.623,2012,8,August,Q3,35,2012-08,Non-Holiday,0.5383441
37,2012-09-07,526838.14,1,84.19,3.73,221.1181142,6.623,2012,9,September,Q3,36,2012-09,Holiday,0.5268381400000001
37,2012-09-14,514651.74,0,78.16,3.717,221.2601207,6.623,2012,9,September,Q3,37,2012-09,Non-Holiday,0.51465174
37,2012-09-21,521320.98,0,75.98,3.721,221.4578604,6.623,2012,9,September,Q3,38,2012-09,Non-Holiday,0.5213209799999999
37,2012-09-28,527953.14,0,79.49,3.666,221.6556,6.623,2012,9,September,Q3,39,2012-09,Non-Holiday,0.52795314
37,2012-10-05,546122.37,0,73.57,3.617,221.8533396,6.228,2012,10,October,Q4,40,2012-10,Non-Holiday,0.54612237
37,2012-10-12,521810.75,0,71.28,3.601,222.0510793,6.228,2012,10,October,Q4,41,2012-10,Non-Holiday,0.52181075
37,2012-10-19,551969.1,0,74.06,3.594,222.0951719,6.228,2012,10,October,Q4,42,2012-10,Non-Holiday,0.5519691
37,2012-10-26,534738.43,0,74.39,3.506,222.1136566,6.228,2012,10,October,Q4,43,2012-10,Non-Holiday,0.5347384300000001
38,2010-02-05,358496.14,0,49.47,2.962,126.4420645,13.975,2010,2,February,Q1,5,2010-02,Non-Holiday,0.35849614
38,2010-02-12,342214.9,1,47.87,2.946,126.4962581,13.975,2010,2,February,Q1,6,2010-02,Holiday,0.34221490000000004
38,2010-02-19,327237.92,0,54.83,2.915,126.5262857,13.975,2010,2,February,Q1,7,2010-02,Non-Holiday,0.32723791999999996
38,2010-02-26,334222.73,0,50.23,2.825,126.5522857,13.975,2010,2,February,Q1,8,2010-02,Non-Holiday,0.33422272999999997
38,2010-03-05,372239.89,0,53.77,2.987,126.5782857,13.975,2010,3,March,Q1,9,2010-03,Non-Holiday,0.37223989
38,2010-03-12,342023.92,0,50.11,2.925,126.6042857,13.975,2010,3,March,Q1,10,2010-03,Non-Holiday,0.34202392
38,2010-03-19,333025.47,0,59.57,3.054,126.6066452,13.975,2010,3,March,Q1,11,2010-03,Non-Holiday,0.33302547
38,2010-03-26,335858.11,0,60.06,3.083,126.6050645,13.975,2010,3,March,Q1,12,2010-03,Non-Holiday,0.33585811
38,2010-04-02,368929.55,0,59.84,3.086,126.6034839,14.099,2010,4,April,Q2,13,2010-04,Non-Holiday,0.36892955
38,2010-04-09,341630.46,0,59.25,3.09,126.6019032,14.099,2010,4,April,Q2,14,2010-04,Non-Holiday,0.34163046
38,2010-04-16,337723.49,0,64.95,3.109,126.5621,14.099,2010,4,April,Q2,15,2010-04,Non-Holiday,0.33772349
38,2010-04-23,335121.82,0,64.55,3.05,126.4713333,14.099,2010,4,April,Q2,16,2010-04,Non-Holiday,0.33512182
38,2010-04-30,337979.65,0,67.38,3.105,126.3805667,14.099,2010,4,April,Q2,17,2010-04,Non-Holiday,0.33797965
38,2010-05-07,383657.44,0,70.15,3.127,126.2898,14.099,2010,5,May,Q2,18,2010-05,Non-Holiday,0.38365744
38,2010-05-14,346174.3,0,68.44,3.145,126.2085484,14.099,2010,5,May,Q2,19,2010-05,Non-Holiday,0.3461743
38,2010-05-21,340497.08,0,76.2,3.12,126.1843871,14.099,2010,5,May,Q2,20,2010-05,Non-Holiday,0.34049708
38,2010-05-28,326469.43,0,67.84,3.058,126.1602258,14.099,2010,5,May,Q2,21,2010-05,Non-Holiday,0.32646943
38,2010-06-04,376184.88,0,81.39,2.941,126.1360645,14.099,2010,6,June,Q2,22,2010-06,Non-Holiday,0.37618488
38,2010-06-11,354828.65,0,90.84,2.949,126.1119032,14.099,2010,6,June,Q2,23,2010-06,Non-Holiday,0.35482865
38,2010-06-18,335691.85,0,81.06,3.043,126.114,14.099,2010,6,June,Q2,24,2010-06,Non-Holiday,0.33569184999999996
38,2010-06-25,322046.76,0,87.27,3.084,126.1266,14.099,2010,6,June,Q2,25,2010-06,Non-Holiday,0.32204676
38,2010-07-02,361181.48,0,91.98,3.105,126.1392,14.18,2010,7,July,Q3,26,2010-07,Non-Holiday,0.36118148
38,2010-07-09,343850.34,0,90.37,3.1,126.1518,14.18,2010,7,July,Q3,27,2010-07,Non-Holiday,0.34385034000000003
38,2010-07-16,338277.71,0,97.18,3.094,126.1498065,14.18,2010,7,July,Q3,28,2010-07,Non-Holiday,0.33827771
38,2010-07-23,328336.85,0,99.22,3.112,126.1283548,14.18,2010,7,July,Q3,29,2010-07,Non-Holiday,0.32833684999999996
38,2010-07-30,336378.38,0,96.31,3.017,126.1069032,14.18,2010,7,July,Q3,30,2010-07,Non-Holiday,0.33637838000000003
38,2010-08-06,378574.44,0,92.95,3.123,126.0854516,14.18,2010,8,August,Q3,31,2010-08,Non-Holiday,0.37857444
38,2010-08-13,341400.72,0,87.01,3.159,126.064,14.18,2010,8,August,Q3,32,2010-08,Non-Holiday,0.34140072
38,2010-08-20,329139.73,0,92.81,3.041,126.0766452,14.18,2010,8,August,Q3,33,2010-08,Non-Holiday,0.32913972999999996
38,2010-08-27,322868.56,0,93.19,3.129,126.0892903,14.18,2010,8,August,Q3,34,2010-08,Non-Holiday,0.32286855999999997
38,2010-09-03,377096.55,0,83.12,3.087,126.1019355,14.18,2010,9,September,Q3,35,2010-09,Non-Holiday,0.37709655
38,2010-09-10,336227.69,1,83.63,3.044,126.1145806,14.18,2010,9,September,Q3,36,2010-09,Holiday,0.33622769
38,2010-09-17,336253.19,0,82.45,3.028,126.1454667,14.18,2010,9,September,Q3,37,2010-09,Non-Holiday,0.33625319
38,2010-09-24,330604.9,0,81.77,2.939,126.1900333,14.18,2010,9,September,Q3,38,2010-09,Non-Holiday,0.33060490000000003
38,2010-10-01,360256.58,0,85.2,3.001,126.2346,14.313,2010,10,October,Q4,39,2010-10,Non-Holiday,0.36025658
38,2010-10-08,351271.36,0,71.82,3.013,126.2791667,14.313,2010,10,October,Q4,40,2010-10,Non-Holiday,0.35127136
38,2010-10-15,337743.26,0,75.0,2.976,126.3266774,14.313,2010,10,October,Q4,41,2010-10,Non-Holiday,0.33774326
38,2010-10-22,339042.18,0,68.85,3.014,126.3815484,14.313,2010,10,October,Q4,42,2010-10,Non-Holiday,0.33904217999999997
38,2010-10-29,341219.63,0,61.09,3.016,126.4364194,14.313,2010,10,October,Q4,43,2010-10,Non-Holiday,0.34121963
38,2010-11-05,380870.09,0,65.49,3.129,126.4912903,14.313,2010,11,November,Q4,44,2010-11,Non-Holiday,0.38087009000000005
38,2010-11-12,340147.2,0,57.79,3.13,126.5461613,14.313,2010,11,November,Q4,45,2010-11,Non-Holiday,0.34014720000000004
38,2010-11-19,348593.99,0,58.18,3.161,126.6072,14.313,2010,11,November,Q4,46,2010-11,Non-Holiday,0.34859398999999996
38,2010-11-26,360857.98,1,47.66,3.162,126.6692667,14.313,2010,11,November,Q4,47,2010-11,Holiday,0.36085797999999997
38,2010-12-03,351925.36,0,43.33,3.041,126.7313333,14.313,2010,12,December,Q4,48,2010-12,Non-Holiday,0.35192535999999996
38,2010-12-10,355965.23,0,50.01,3.203,126.7934,14.313,2010,12,December,Q4,49,2010-12,Non-Holiday,0.35596522999999997
38,2010-12-17,334441.15,0,52.77,3.236,126.8794839,14.313,2010,12,December,Q4,50,2010-12,Non-Holiday,0.33444115
38,2010-12-24,369106.72,0,52.02,3.236,126.9835806,14.313,2010,12,December,Q4,51,2010-12,Non-Holiday,0.36910672
38,2010-12-31,303908.81,1,45.64,3.148,127.0876774,14.313,2010,12,December,Q4,52,2010-12,Holiday,0.30390881
38,2011-01-07,386344.54,0,37.64,3.287,127.1917742,14.021,2011,1,January,Q1,1,2011-01,Non-Holiday,0.38634453999999996
38,2011-01-14,356138.79,0,43.15,3.312,127.3009355,14.021,2011,1,January,Q1,2,2011-01,Non-Holiday,0.35613879
38,2011-01-21,341098.08,0,53.53,3.223,127.4404839,14.021,2011,1,January,Q1,3,2011-01,Non-Holiday,0.34109808
38,2011-01-28,357557.16,0,50.74,3.342,127.5800323,14.021,2011,1,January,Q1,4,2011-01,Non-Holiday,0.35755716
38,2011-02-04,402341.76,0,45.14,3.348,127.7195806,14.021,2011,2,February,Q1,5,2011-02,Non-Holiday,0.40234176
38,2011-02-11,377672.46,1,51.3,3.381,127.859129,14.021,2011,2,February,Q1,6,2011-02,Holiday,0.37767246000000004
38,2011-02-18,364606.7,0,53.35,3.43,127.99525,14.021,2011,2,February,Q1,7,2011-02,Non-Holiday,0.3646067
38,2011-02-25,354232.34,0,48.45,3.53,128.13,14.021,2011,2,February,Q1,8,2011-02,Non-Holiday,0.35423234000000003
38,2011-03-04,405429.43,0,51.72,3.674,128.26475,14.021,2011,3,March,Q1,9,2011-03,Non-Holiday,0.40542943
38,2011-03-11,357897.18,0,57.75,3.818,128.3995,14.021,2011,3,March,Q1,10,2011-03,Non-Holiday,0.35789718
38,2011-03-18,349459.95,0,64.21,3.692,128.5121935,14.021,2011,3,March,Q1,11,2011-03,Non-Holiday,0.34945995
38,2011-03-25,351541.62,0,54.4,3.909,128.6160645,14.021,2011,3,March,Q1,12,2011-03,Non-Holiday,0.35154162
38,2011-04-01,382098.13,0,63.63,3.772,128.7199355,13.736,2011,4,April,Q2,13,2011-04,Non-Holiday,0.38209813
38,2011-04-08,392152.3,0,64.47,4.003,128.8238065,13.736,2011,4,April,Q2,14,2011-04,Non-Holiday,0.3921523
38,2011-04-15,362758.94,0,57.63,3.868,128.9107333,13.736,2011,4,April,Q2,15,2011-04,Non-Holiday,0.36275894000000003
38,2011-04-22,362952.34,0,72.12,4.134,128.9553,13.736,2011,4,April,Q2,16,2011-04,Non-Holiday,0.36295234000000004
38,2011-04-29,344225.99,0,68.27,4.151,128.9998667,13.736,2011,4,April,Q2,17,2011-04,Non-Holiday,0.34422599
38,2011-05-06,422186.65,0,68.4,4.193,129.0444333,13.736,2011,5,May,Q2,18,2011-05,Non-Holiday,0.42218665
38,2011-05-13,366977.79,0,70.93,4.202,129.089,13.736,2011,5,May,Q2,19,2011-05,Non-Holiday,0.36697778999999997
38,2011-05-20,365730.76,0,66.59,4.169,129.0756774,13.736,2011,5,May,Q2,20,2011-05,Non-Holiday,0.36573076
38,2011-05-27,356886.1,0,76.67,4.087,129.0623548,13.736,2011,5,May,Q2,21,2011-05,Non-Holiday,0.3568861
38,2011-06-03,396826.06,0,71.81,4.031,129.0490323,13.736,2011,6,June,Q2,22,2011-06,Non-Holiday,0.39682606
38,2011-06-10,381763.02,0,78.72,3.981,129.0357097,13.736,2011,6,June,Q2,23,2011-06,Non-Holiday,0.38176302
38,2011-06-17,356797.0,0,86.84,3.935,129.0432,13.736,2011,6,June,Q2,24,2011-06,Non-Holiday,0.356797
38,2011-06-24,354078.95,0,88.95,3.898,129.0663,13.736,2011,6,June,Q2,25,2011-06,Non-Holiday,0.35407895
38,2011-07-01,387334.04,0,89.85,3.842,129.0894,13.503,2011,7,July,Q3,26,2011-07,Non-Holiday,0.38733404
38,2011-07-08,399699.17,0,89.9,3.705,129.1125,13.503,2011,7,July,Q3,27,2011-07,Non-Holiday,0.39969917
38,2011-07-15,367181.71,0,88.1,3.692,129.1338387,13.503,2011,7,July,Q3,28,2011-07,Non-Holiday,0.36718171
38,2011-07-22,365562.67,0,91.17,3.794,129.1507742,13.503,2011,7,July,Q3,29,2011-07,Non-Holiday,0.36556267
38,2011-07-29,355131.33,0,93.29,3.805,129.1677097,13.503,2011,7,July,Q3,30,2011-07,Non-Holiday,0.35513133
38,2011-08-05,437631.44,0,90.61,3.803,129.1846452,13.503,2011,8,August,Q3,31,2011-08,Non-Holiday,0.43763144
38,2011-08-12,387844.05,0,91.04,3.701,129.2015806,13.503,2011,8,August,Q3,32,2011-08,Non-Holiday,0.38784405
38,2011-08-19,362224.7,0,91.74,3.743,129.2405806,13.503,2011,8,August,Q3,33,2011-08,Non-Holiday,0.3622247
38,2011-08-26,365672.55,0,94.61,3.74,129.2832581,13.503,2011,8,August,Q3,34,2011-08,Non-Holiday,0.36567255
38,2011-09-02,416953.51,0,93.66,3.798,129.3259355,13.503,2011,9,September,Q3,35,2011-09,Non-Holiday,0.41695351
38,2011-09-09,397771.68,1,88.0,3.913,129.3686129,13.503,2011,9,September,Q3,36,2011-09,Holiday,0.39777168
38,2011-09-16,408188.88,0,76.36,3.918,129.4306,13.503,2011,9,September,Q3,37,2011-09,Non-Holiday,0.40818888000000003
38,2011-09-23,394665.28,0,82.95,3.789,129.5183333,13.503,2011,9,September,Q3,38,2011-09,Non-Holiday,0.39466528
38,2011-09-30,366819.84,0,83.26,3.877,129.6060667,13.503,2011,9,September,Q3,39,2011-09,Non-Holiday,0.36681984
38,2011-10-07,449516.29,0,70.44,3.827,129.6938,12.89,2011,10,October,Q4,40,2011-10,Non-Holiday,0.44951629
38,2011-10-14,400430.78,0,67.31,3.805,129.7706452,12.89,2011,10,October,Q4,41,2011-10,Non-Holiday,0.40043078000000004
38,2011-10-21,402709.17,0,73.05,3.842,129.7821613,12.89,2011,10,October,Q4,42,2011-10,Non-Holiday,0.40270917
38,2011-10-28,378539.17,0,67.41,3.727,129.7936774,12.89,2011,10,October,Q4,43,2011-10,Non-Holiday,0.37853917
38,2011-11-04,436970.1,0,59.77,3.828,129.8051935,12.89,2011,11,November,Q4,44,2011-11,Non-Holiday,0.4369701
38,2011-11-11,411116.95,0,48.76,3.824,129.8167097,12.89,2011,11,November,Q4,45,2011-11,Non-Holiday,0.41111695000000004
38,2011-11-18,392003.13,0,54.2,3.813,129.8268333,12.89,2011,11,November,Q4,46,2011-11,Non-Holiday,0.39200313
38,2011-11-25,393715.71,1,53.25,3.622,129.8364,12.89,2011,11,November,Q4,47,2011-11,Holiday,0.39371571
38,2011-12-02,411252.02,0,52.5,3.701,129.8459667,12.89,2011,12,December,Q4,48,2011-12,Non-Holiday,0.41125202
38,2011-12-09,435401.64,0,42.17,3.644,129.8555333,12.89,2011,12,December,Q4,49,2011-12,Non-Holiday,0.43540164000000003
38,2011-12-16,404283.84,0,43.29,3.6,129.8980645,12.89,2011,12,December,Q4,50,2011-12,Non-Holiday,0.40428384
38,2011-12-23,419717.41,0,45.4,3.541,129.9845484,12.89,2011,12,December,Q4,51,2011-12,Non-Holiday,0.41971740999999996
38,2011-12-30,342667.35,1,44.64,3.428,130.0710323,12.89,2011,12,December,Q4,52,2011-12,Holiday,0.34266735
38,2012-01-06,478483.2,0,50.43,3.599,130.1575161,12.187,2012,1,January,Q1,1,2012-01,Non-Holiday,0.4784832
38,2012-01-13,423260.82,0,48.07,3.657,130.244,12.187,2012,1,January,Q1,2,2012-01,Non-Holiday,0.42326082
38,2012-01-20,405215.91,0,46.2,3.66,130.2792258,12.187,2012,1,January,Q1,3,2012-01,Non-Holiday,0.40521590999999996
38,2012-01-27,412882.31,0,50.43,3.675,130.3144516,12.187,2012,1,January,Q1,4,2012-01,Non-Holiday,0.41288231
38,2012-02-03,457711.68,0,50.58,3.702,130.3496774,12.187,2012,2,February,Q1,5,2012-02,Non-Holiday,0.45771168
38,2012-02-10,469787.38,1,52.27,3.722,130.3849032,12.187,2012,2,February,Q1,6,2012-02,Holiday,0.46978738000000003
38,2012-02-17,415513.97,0,51.8,3.781,130.4546207,12.187,2012,2,February,Q1,7,2012-02,Non-Holiday,0.41551396999999995
38,2012-02-24,409411.61,0,53.13,3.95,130.5502069,12.187,2012,2,February,Q1,8,2012-02,Non-Holiday,0.40941161
38,2012-03-02,471115.38,0,52.27,4.178,130.6457931,12.187,2012,3,March,Q1,9,2012-03,Non-Holiday,0.47111538000000003
38,2012-03-09,452792.53,0,54.54,4.25,130.7413793,12.187,2012,3,March,Q1,10,2012-03,Non-Holiday,0.45279253
38,2012-03-16,428465.11,0,64.44,4.273,130.8261935,12.187,2012,3,March,Q1,11,2012-03,Non-Holiday,0.42846511
38,2012-03-23,412456.48,0,56.26,4.038,130.8966452,12.187,2012,3,March,Q1,12,2012-03,Non-Holiday,0.41245647999999996
38,2012-03-30,408679.36,0,64.36,4.294,130.9670968,12.187,2012,3,March,Q1,13,2012-03,Non-Holiday,0.40867936
38,2012-04-06,499267.66,0,64.05,4.121,131.0375484,11.627,2012,4,April,Q2,14,2012-04,Non-Holiday,0.49926766
38,2012-04-13,435790.74,0,64.28,4.254,131.108,11.627,2012,4,April,Q2,15,2012-04,Non-Holiday,0.43579074
38,2012-04-20,401615.8,0,66.73,4.222,131.1173333,11.627,2012,4,April,Q2,16,2012-04,Non-Holiday,0.40161579999999997
38,2012-04-27,419964.77,0,77.99,4.193,131.1266667,11.627,2012,4,April,Q2,17,2012-04,Non-Holiday,0.41996477000000004
38,2012-05-04,491755.69,0,76.03,4.171,131.136,11.627,2012,5,May,Q2,18,2012-05,Non-Holiday,0.49175569
38,2012-05-11,429914.6,0,77.27,4.186,131.1453333,11.627,2012,5,May,Q2,19,2012-05,Non-Holiday,0.4299146
38,2012-05-18,412314.71,0,84.51,4.11,131.0983226,11.627,2012,5,May,Q2,20,2012-05,Non-Holiday,0.41231471000000003
38,2012-05-25,422810.12,0,83.84,4.293,131.0287742,11.627,2012,5,May,Q2,21,2012-05,Non-Holiday,0.42281012
38,2012-06-01,435579.7,0,78.11,4.277,130.9592258,11.627,2012,6,June,Q2,22,2012-06,Non-Holiday,0.4355797
38,2012-06-08,448110.25,0,84.83,4.103,130.8896774,11.627,2012,6,June,Q2,23,2012-06,Non-Holiday,0.44811025
38,2012-06-15,430222.07,0,85.94,4.144,130.8295333,11.627,2012,6,June,Q2,24,2012-06,Non-Holiday,0.43022207
38,2012-06-22,405938.35,0,91.61,4.014,130.7929,11.627,2012,6,June,Q2,25,2012-06,Non-Holiday,0.40593835
38,2012-06-29,404634.36,0,90.47,3.875,130.7562667,11.627,2012,6,June,Q2,26,2012-06,Non-Holiday,0.40463435999999997
38,2012-07-06,471086.22,0,89.13,3.765,130.7196333,10.926,2012,7,July,Q3,27,2012-07,Non-Holiday,0.47108621999999994
38,2012-07-13,416036.75,0,95.61,3.723,130.683,10.926,2012,7,July,Q3,28,2012-07,Non-Holiday,0.41603675
38,2012-07-20,441683.74,0,85.53,3.726,130.7012903,10.926,2012,7,July,Q3,29,2012-07,Non-Holiday,0.44168374
38,2012-07-27,407186.47,0,93.47,3.769,130.7195806,10.926,2012,7,July,Q3,30,2012-07,Non-Holiday,0.40718646999999997
38,2012-08-03,469311.17,0,88.16,3.76,130.737871,10.926,2012,8,August,Q3,31,2012-08,Non-Holiday,0.46931117
38,2012-08-10,436690.13,0,95.91,3.811,130.7561613,10.926,2012,8,August,Q3,32,2012-08,Non-Holiday,0.43669013
38,2012-08-17,411866.46,0,94.87,4.002,130.7909677,10.926,2012,8,August,Q3,33,2012-08,Non-Holiday,0.41186646000000005
38,2012-08-24,397428.22,0,85.32,4.055,130.8381613,10.926,2012,8,August,Q3,34,2012-08,Non-Holiday,0.39742822
38,2012-08-31,424904.95,0,89.78,4.093,130.8853548,10.926,2012,8,August,Q3,35,2012-08,Non-Holiday,0.42490495
38,2012-09-07,490274.82,1,88.52,4.124,130.9325484,10.926,2012,9,September,Q3,36,2012-09,Holiday,0.49027482
38,2012-09-14,430944.39,0,83.64,4.133,130.9776667,10.926,2012,9,September,Q3,37,2012-09,Non-Holiday,0.43094439
38,2012-09-21,409600.98,0,82.97,4.125,131.0103333,10.926,2012,9,September,Q3,38,2012-09,Non-Holiday,0.40960098
38,2012-09-28,398468.08,0,81.22,3.966,131.043,10.926,2012,9,September,Q3,39,2012-09,Non-Holiday,0.39846808
38,2012-10-05,458479.01,0,81.61,3.966,131.0756667,10.199,2012,10,October,Q4,40,2012-10,Non-Holiday,0.45847901
38,2012-10-12,437320.66,0,71.74,4.468,131.1083333,10.199,2012,10,October,Q4,41,2012-10,Non-Holiday,0.43732065999999997
38,2012-10-19,428806.46,0,68.66,4.449,131.1499677,10.199,2012,10,October,Q4,42,2012-10,Non-Holiday,0.42880646
38,2012-10-26,417290.38,0,65.95,4.301,131.1930968,10.199,2012,10,October,Q4,43,2012-10,Non-Holiday,0.41729038
39,2010-02-05,1230596.8,0,44.3,2.572,209.8529663,8.554,2010,2,February,Q1,5,2010-02,Non-Holiday,1.2305968
39,2010-02-12,1266229.07,1,44.58,2.548,209.9970208,8.554,2010,2,February,Q1,6,2010-02,Holiday,1.26622907
39,2010-02-19,1230591.97,0,43.96,2.514,210.0451024,8.554,2010,2,February,Q1,7,2010-02,Non-Holiday,1.2305919699999999
39,2010-02-26,1168582.02,0,49.79,2.561,210.0771885,8.554,2010,2,February,Q1,8,2010-02,Non-Holiday,1.16858202
39,2010-03-05,1266254.21,0,50.93,2.625,210.1092746,8.554,2010,3,March,Q1,9,2010-03,Non-Holiday,1.26625421
39,2010-03-12,1244391.83,0,61.88,2.667,210.1413607,8.554,2010,3,March,Q1,10,2010-03,Non-Holiday,1.24439183
39,2010-03-19,1301590.13,0,58.62,2.72,209.9803208,8.554,2010,3,March,Q1,11,2010-03,Non-Holiday,1.30159013
39,2010-03-26,1235094.66,0,54.83,2.732,209.7870932,8.554,2010,3,March,Q1,12,2010-03,Non-Holiday,1.23509466
39,2010-04-02,1463942.62,0,63.31,2.719,209.5938656,8.464,2010,4,April,Q2,13,2010-04,Non-Holiday,1.46394262
39,2010-04-09,1327035.27,0,68.15,2.77,209.400638,8.464,2010,4,April,Q2,14,2010-04,Non-Holiday,1.32703527
39,2010-04-16,1242874.98,0,66.33,2.808,209.2691428,8.464,2010,4,April,Q2,15,2010-04,Non-Holiday,1.24287498
39,2010-04-23,1280231.85,0,67.64,2.795,209.2199574,8.464,2010,4,April,Q2,16,2010-04,Non-Holiday,1.28023185
39,2010-04-30,1263836.59,0,70.03,2.78,209.170772,8.464,2010,4,April,Q2,17,2010-04,Non-Holiday,1.2638365900000001
39,2010-05-07,1355704.21,0,74.86,2.835,209.1215867,8.464,2010,5,May,Q2,18,2010-05,Non-Holiday,1.3557042099999999
39,2010-05-14,1226997.7,0,77.49,2.854,209.118536,8.464,2010,5,May,Q2,19,2010-05,Non-Holiday,1.2269976999999999
39,2010-05-21,1350673.98,0,76.67,2.826,209.3922937,8.464,2010,5,May,Q2,20,2010-05,Non-Holiday,1.35067398
39,2010-05-28,1365541.59,0,80.22,2.759,209.6660514,8.464,2010,5,May,Q2,21,2010-05,Non-Holiday,1.36554159
39,2010-06-04,1512207.95,0,79.83,2.705,209.9398091,8.464,2010,6,June,Q2,22,2010-06,Non-Holiday,1.5122079499999999
39,2010-06-11,1371405.33,0,81.78,2.668,210.2135668,8.464,2010,6,June,Q2,23,2010-06,Non-Holiday,1.37140533
39,2010-06-18,1368312.45,0,83.96,2.637,210.2108417,8.464,2010,6,June,Q2,24,2010-06,Non-Holiday,1.36831245
39,2010-06-25,1280414.8,0,83.24,2.653,210.0975233,8.464,2010,6,June,Q2,25,2010-06,Non-Holiday,1.2804148
39,2010-07-02,1352547.7,0,81.35,2.669,209.984205,8.36,2010,7,July,Q3,26,2010-07,Non-Holiday,1.3525477
39,2010-07-09,1330473.47,0,81.1,2.642,209.8708867,8.36,2010,7,July,Q3,27,2010-07,Non-Holiday,1.33047347
39,2010-07-16,1339811.68,0,83.86,2.623,209.8630532,8.36,2010,7,July,Q3,28,2010-07,Non-Holiday,1.33981168
39,2010-07-23,1314651.83,0,82.2,2.608,209.9958663,8.36,2010,7,July,Q3,29,2010-07,Non-Holiday,1.31465183
39,2010-07-30,1308222.24,0,80.99,2.64,210.1286794,8.36,2010,7,July,Q3,30,2010-07,Non-Holiday,1.30822224
39,2010-08-06,1409989.67,0,84.92,2.627,210.2614925,8.36,2010,8,August,Q3,31,2010-08,Non-Holiday,1.4099896699999999
39,2010-08-13,1371465.66,0,85.66,2.692,210.3943056,8.36,2010,8,August,Q3,32,2010-08,Non-Holiday,1.37146566
39,2010-08-20,1471816.52,0,85.73,2.664,210.3617581,8.36,2010,8,August,Q3,33,2010-08,Non-Holiday,1.47181652
39,2010-08-27,1417515.93,0,84.31,2.619,210.3292106,8.36,2010,8,August,Q3,34,2010-08,Non-Holiday,1.41751593
39,2010-09-03,1345167.61,0,82.13,2.577,210.2966631,8.36,2010,9,September,Q3,35,2010-09,Non-Holiday,1.34516761
39,2010-09-10,1279666.47,1,79.94,2.565,210.2641156,8.36,2010,9,September,Q3,36,2010-09,Holiday,1.27966647
39,2010-09-17,1252915.43,0,81.83,2.582,210.2924504,8.36,2010,9,September,Q3,37,2010-09,Non-Holiday,1.2529154299999998
39,2010-09-24,1199449.54,0,78.5,2.624,210.3664469,8.36,2010,9,September,Q3,38,2010-09,Non-Holiday,1.19944954
39,2010-10-01,1219583.91,0,72.74,2.603,210.4404433,8.476,2010,10,October,Q4,39,2010-10,Non-Holiday,1.2195839099999999
39,2010-10-08,1286598.59,0,64.8,2.633,210.5144398,8.476,2010,10,October,Q4,40,2010-10,Non-Holiday,1.28659859
39,2010-10-15,1238742.0,0,69.96,2.72,210.5805944,8.476,2010,10,October,Q4,41,2010-10,Non-Holiday,1.238742
39,2010-10-22,1261109.01,0,71.73,2.725,210.6271444,8.476,2010,10,October,Q4,42,2010-10,Non-Holiday,1.26110901
39,2010-10-29,1294769.08,0,75.14,2.716,210.6736944,8.476,2010,10,October,Q4,43,2010-10,Non-Holiday,1.29476908
39,2010-11-05,1293707.19,0,61.62,2.689,210.7202444,8.476,2010,11,November,Q4,44,2010-11,Non-Holiday,1.29370719
39,2010-11-12,1291398.71,0,62.21,2.728,210.7667944,8.476,2010,11,November,Q4,45,2010-11,Non-Holiday,1.29139871
39,2010-11-19,1370659.54,0,55.5,2.771,210.65429,8.476,2010,11,November,Q4,46,2010-11,Non-Holiday,1.3706595400000001
39,2010-11-26,2149355.2,1,67.75,2.735,210.5152765,8.476,2010,11,November,Q4,47,2010-11,Holiday,2.1493552
39,2010-12-03,1431910.98,0,53.55,2.708,210.376263,8.476,2010,12,December,Q4,48,2010-12,Non-Holiday,1.43191098
39,2010-12-10,1630564.48,0,50.81,2.843,210.2372494,8.476,2010,12,December,Q4,49,2010-12,Non-Holiday,1.6305644799999999
39,2010-12-17,1842172.46,0,55.31,2.869,210.1787224,8.476,2010,12,December,Q4,50,2010-12,Non-Holiday,1.84217246
39,2010-12-24,2495489.25,0,58.86,2.886,210.1805602,8.476,2010,12,December,Q4,51,2010-12,Non-Holiday,2.49548925
39,2010-12-31,1230012.16,1,52.45,2.943,210.182398,8.476,2010,12,December,Q4,52,2010-12,Holiday,1.23001216
39,2011-01-07,1224475.12,0,52.74,2.976,210.1842358,8.395,2011,1,January,Q1,1,2011-01,Non-Holiday,1.2244751200000001
39,2011-01-14,1193199.39,0,41.74,2.983,210.2379731,8.395,2011,1,January,Q1,2,2011-01,Non-Holiday,1.19319939
39,2011-01-21,1243370.74,0,50.25,3.016,210.6031072,8.395,2011,1,January,Q1,3,2011-01,Non-Holiday,1.24337074
39,2011-01-28,1158698.44,0,47.94,3.01,210.9682412,8.395,2011,1,January,Q1,4,2011-01,Non-Holiday,1.15869844
39,2011-02-04,1343773.94,0,45.96,2.989,211.3333753,8.395,2011,2,February,Q1,5,2011-02,Non-Holiday,1.34377394
39,2011-02-11,1227893.89,1,40.34,3.022,211.6985093,8.395,2011,2,February,Q1,6,2011-02,Holiday,1.2278938899999998
39,2011-02-18,1335233.74,0,58.2,3.045,212.0063522,8.395,2011,2,February,Q1,7,2011-02,Non-Holiday,1.33523374
39,2011-02-25,1240921.19,0,67.77,3.065,212.2912786,8.395,2011,2,February,Q1,8,2011-02,Non-Holiday,1.24092119
39,2011-03-04,1316385.43,0,63.56,3.288,212.576205,8.395,2011,3,March,Q1,9,2011-03,Non-Holiday,1.31638543
39,2011-03-11,1283716.81,0,58.35,3.459,212.8611313,8.395,2011,3,March,Q1,10,2011-03,Non-Holiday,1.28371681
39,2011-03-18,1348410.05,0,65.28,3.488,213.1096787,8.395,2011,3,March,Q1,11,2011-03,Non-Holiday,1.34841005
39,2011-03-25,1284334.79,0,71.17,3.473,213.3436744,8.395,2011,3,March,Q1,12,2011-03,Non-Holiday,1.28433479
39,2011-04-01,1316849.36,0,66.57,3.524,213.5776701,8.3,2011,4,April,Q2,13,2011-04,Non-Holiday,1.3168493600000002
39,2011-04-08,1350646.16,0,69.45,3.622,213.8116658,8.3,2011,4,April,Q2,14,2011-04,Non-Holiday,1.35064616
39,2011-04-15,1348031.55,0,73.19,3.743,214.026217,8.3,2011,4,April,Q2,15,2011-04,Non-Holiday,1.34803155
39,2011-04-22,1563140.85,0,74.98,3.807,214.1921572,8.3,2011,4,April,Q2,16,2011-04,Non-Holiday,1.5631408500000001
39,2011-04-29,1379651.87,0,76.47,3.81,214.3580974,8.3,2011,4,April,Q2,17,2011-04,Non-Holiday,1.37965187
39,2011-05-06,1370920.87,0,68.75,3.906,214.5240376,8.3,2011,5,May,Q2,18,2011-05,Non-Holiday,1.3709208700000002
39,2011-05-13,1325022.77,0,77.39,3.899,214.6899778,8.3,2011,5,May,Q2,19,2011-05,Non-Holiday,1.3250227700000001
39,2011-05-20,1373907.21,0,73.31,3.907,214.465412,8.3,2011,5,May,Q2,20,2011-05,Non-Holiday,1.37390721
39,2011-05-27,1406124.14,0,82.1,3.786,214.2408462,8.3,2011,5,May,Q2,21,2011-05,Non-Holiday,1.40612414
39,2011-06-03,1541745.59,0,83.59,3.699,214.0162805,8.3,2011,6,June,Q2,22,2011-06,Non-Holiday,1.54174559
39,2011-06-10,1442092.08,0,82.75,3.648,213.7917147,8.3,2011,6,June,Q2,23,2011-06,Non-Holiday,1.44209208
39,2011-06-17,1451392.67,0,85.21,3.637,213.7481256,8.3,2011,6,June,Q2,24,2011-06,Non-Holiday,1.45139267
39,2011-06-24,1363167.95,0,84.06,3.594,213.8402689,8.3,2011,6,June,Q2,25,2011-06,Non-Holiday,1.36316795
39,2011-07-01,1429829.36,0,84.93,3.524,213.9324122,8.177,2011,7,July,Q3,26,2011-07,Non-Holiday,1.42982936
39,2011-07-08,1414564.53,0,84.33,3.48,214.0245556,8.177,2011,7,July,Q3,27,2011-07,Non-Holiday,1.41456453
39,2011-07-15,1380257.12,0,85.96,3.575,214.1083654,8.177,2011,7,July,Q3,28,2011-07,Non-Holiday,1.38025712
39,2011-07-22,1416005.59,0,84.6,3.651,214.1713416,8.177,2011,7,July,Q3,29,2011-07,Non-Holiday,1.4160055900000001
39,2011-07-29,1426418.53,0,86.24,3.682,214.2343177,8.177,2011,7,July,Q3,30,2011-07,Non-Holiday,1.42641853
39,2011-08-05,1518790.89,0,87.73,3.684,214.2972939,8.177,2011,8,August,Q3,31,2011-08,Non-Holiday,1.51879089
39,2011-08-12,1514055.97,0,88.27,3.638,214.3602701,8.177,2011,8,August,Q3,32,2011-08,Non-Holiday,1.51405597
39,2011-08-19,1629066.9,0,87.93,3.554,214.4239935,8.177,2011,8,August,Q3,33,2011-08,Non-Holiday,1.6290669
39,2011-08-26,1573898.63,0,86.49,3.523,214.4878416,8.177,2011,8,August,Q3,34,2011-08,Non-Holiday,1.57389863
39,2011-09-02,1465089.85,0,88.65,3.533,214.5516896,8.177,2011,9,September,Q3,35,2011-09,Non-Holiday,1.46508985
39,2011-09-09,1429345.86,1,79.15,3.546,214.6155376,8.177,2011,9,September,Q3,36,2011-09,Holiday,1.4293458600000002
39,2011-09-16,1372500.63,0,83.11,3.526,214.7934111,8.177,2011,9,September,Q3,37,2011-09,Non-Holiday,1.37250063
39,2011-09-23,1338657.95,0,78.75,3.467,215.1233185,8.177,2011,9,September,Q3,38,2011-09,Non-Holiday,1.33865795
39,2011-09-30,1311775.83,0,81.51,3.355,215.4532259,8.177,2011,9,September,Q3,39,2011-09,Non-Holiday,1.31177583
39,2011-10-07,1443884.39,0,71.68,3.285,215.7831333,7.716,2011,10,October,Q4,40,2011-10,Non-Holiday,1.4438843899999998
39,2011-10-14,1384721.84,0,73.79,3.274,216.0885258,7.716,2011,10,October,Q4,41,2011-10,Non-Holiday,1.38472184
39,2011-10-21,1465283.29,0,67.65,3.353,216.2468287,7.716,2011,10,October,Q4,42,2011-10,Non-Holiday,1.4652832900000001
39,2011-10-28,1472663.1,0,71.05,3.372,216.4051315,7.716,2011,10,October,Q4,43,2011-10,Non-Holiday,1.4726631000000001
39,2011-11-04,1553629.59,0,58.04,3.332,216.5634344,7.716,2011,11,November,Q4,44,2011-11,Non-Holiday,1.5536295900000001
39,2011-11-11,1456957.38,0,63.11,3.297,216.7217373,7.716,2011,11,November,Q4,45,2011-11,Non-Holiday,1.45695738
39,2011-11-18,1510397.27,0,66.09,3.308,216.9395861,7.716,2011,11,November,Q4,46,2011-11,Non-Holiday,1.5103972700000001
39,2011-11-25,2338832.4,1,66.36,3.236,217.1812533,7.716,2011,11,November,Q4,47,2011-11,Holiday,2.3388324
39,2011-12-02,1632894.58,0,53.14,3.172,217.4229206,7.716,2011,12,December,Q4,48,2011-12,Non-Holiday,1.63289458
39,2011-12-09,1781528.77,0,49.36,3.158,217.6645878,7.716,2011,12,December,Q4,49,2011-12,Non-Holiday,1.78152877
39,2011-12-16,1991824.05,0,58.58,3.159,217.8781339,7.716,2011,12,December,Q4,50,2011-12,Non-Holiday,1.99182405
39,2011-12-23,2554482.84,0,54.62,3.112,218.0541851,7.716,2011,12,December,Q4,51,2011-12,Non-Holiday,2.55448284
39,2011-12-30,1537139.56,1,47.6,3.129,218.2302364,7.716,2011,12,December,Q4,52,2011-12,Holiday,1.53713956
39,2012-01-06,1478537.93,0,55.83,3.157,218.4062876,7.244,2012,1,January,Q1,1,2012-01,Non-Holiday,1.47853793
39,2012-01-13,1369125.37,0,54.66,3.261,218.5823389,7.244,2012,1,January,Q1,2,2012-01,Non-Holiday,1.3691253700000001
39,2012-01-20,1394841.03,0,58.04,3.268,218.6755292,7.244,2012,1,January,Q1,3,2012-01,Non-Holiday,1.39484103
39,2012-01-27,1320301.61,0,60.65,3.29,218.7687195,7.244,2012,1,January,Q1,4,2012-01,Non-Holiday,1.32030161
39,2012-02-03,1396150.15,0,60.69,3.36,218.8619099,7.244,2012,2,February,Q1,5,2012-02,Non-Holiday,1.39615015
39,2012-02-10,1442988.44,1,52.89,3.409,218.9551002,7.244,2012,2,February,Q1,6,2012-02,Holiday,1.44298844
39,2012-02-17,1511041.69,0,52.75,3.51,219.1148297,7.244,2012,2,February,Q1,7,2012-02,Non-Holiday,1.5110416899999999
39,2012-02-24,1412065.04,0,61.1,3.555,219.3244636,7.244,2012,2,February,Q1,8,2012-02,Non-Holiday,1.41206504
39,2012-03-02,1453047.02,0,64.05,3.63,219.5340975,7.244,2012,3,March,Q1,9,2012-03,Non-Holiday,1.45304702
39,2012-03-09,1470764.35,0,61.64,3.669,219.7437314,7.244,2012,3,March,Q1,10,2012-03,Non-Holiday,1.47076435
39,2012-03-16,1522421.07,0,65.81,3.734,219.8956335,7.244,2012,3,March,Q1,11,2012-03,Non-Holiday,1.52242107
39,2012-03-23,1469593.37,0,67.91,3.787,219.9705599,7.244,2012,3,March,Q1,12,2012-03,Non-Holiday,1.4695933700000001
39,2012-03-30,1499727.02,0,69.11,3.845,220.0454862,7.244,2012,3,March,Q1,13,2012-03,Non-Holiday,1.49972702
39,2012-04-06,1764847.94,0,73.49,3.891,220.1204125,6.989,2012,4,April,Q2,14,2012-04,Non-Holiday,1.76484794
39,2012-04-13,1580732.73,0,71.59,3.891,220.1953389,6.989,2012,4,April,Q2,15,2012-04,Non-Holiday,1.58073273
39,2012-04-20,1433391.04,0,70.04,3.877,220.2483937,6.989,2012,4,April,Q2,16,2012-04,Non-Holiday,1.43339104
39,2012-04-27,1456997.2,0,69.11,3.814,220.3014485,6.989,2012,4,April,Q2,17,2012-04,Non-Holiday,1.4569972
39,2012-05-04,1512227.34,0,77.15,3.749,220.3545033,6.989,2012,5,May,Q2,18,2012-05,Non-Holiday,1.5122273400000001
39,2012-05-11,1470792.41,0,75.52,3.688,220.4075581,6.989,2012,5,May,Q2,19,2012-05,Non-Holiday,1.4707924099999998
39,2012-05-18,1522978.54,0,72.36,3.63,220.4252149,6.989,2012,5,May,Q2,20,2012-05,Non-Holiday,1.52297854
39,2012-05-25,1596036.66,0,78.31,3.561,220.4287124,6.989,2012,5,May,Q2,21,2012-05,Non-Holiday,1.59603666
39,2012-06-01,1640476.77,0,80.33,3.501,220.4322099,6.989,2012,6,June,Q2,22,2012-06,Non-Holiday,1.64047677
39,2012-06-08,1623442.24,0,81.12,3.452,220.4357073,6.989,2012,6,June,Q2,23,2012-06,Non-Holiday,1.62344224
39,2012-06-15,1587499.82,0,81.33,3.393,220.4494148,6.989,2012,6,June,Q2,24,2012-06,Non-Holiday,1.5874998200000001
39,2012-06-22,1532316.79,0,79.84,3.346,220.4886472,6.989,2012,6,June,Q2,25,2012-06,Non-Holiday,1.53231679
39,2012-06-29,1492388.98,0,85.72,3.286,220.5278796,6.989,2012,6,June,Q2,26,2012-06,Non-Holiday,1.49238898
39,2012-07-06,1659221.99,0,81.05,3.227,220.567112,6.623,2012,7,July,Q3,27,2012-07,Non-Holiday,1.65922199
39,2012-07-13,1471261.76,0,78.16,3.256,220.6063444,6.623,2012,7,July,Q3,28,2012-07,Non-Holiday,1.47126176
39,2012-07-20,1582168.27,0,80.32,3.311,220.6148749,6.623,2012,7,July,Q3,29,2012-07,Non-Holiday,1.58216827
39,2012-07-27,1487797.54,0,82.89,3.407,220.6234054,6.623,2012,7,July,Q3,30,2012-07,Non-Holiday,1.48779754
39,2012-08-03,1608277.74,0,84.05,3.417,220.6319358,6.623,2012,8,August,Q3,31,2012-08,Non-Holiday,1.60827774
39,2012-08-10,1641867.92,0,83.47,3.494,220.6404663,6.623,2012,8,August,Q3,32,2012-08,Non-Holiday,1.64186792
39,2012-08-17,1720221.91,0,84.72,3.571,220.7199609,6.623,2012,8,August,Q3,33,2012-08,Non-Holiday,1.72022191
39,2012-08-24,1724669.75,0,80.49,3.62,220.8526787,6.623,2012,8,August,Q3,34,2012-08,Non-Holiday,1.72466975
39,2012-08-31,1710923.94,0,83.72,3.638,220.9853964,6.623,2012,8,August,Q3,35,2012-08,Non-Holiday,1.71092394
39,2012-09-07,1609811.75,1,83.71,3.73,221.1181142,6.623,2012,9,September,Q3,36,2012-09,Holiday,1.60981175
39,2012-09-14,1447614.08,0,76.71,3.717,221.2601207,6.623,2012,9,September,Q3,37,2012-09,Non-Holiday,1.4476140800000001
39,2012-09-21,1555672.51,0,73.58,3.721,221.4578604,6.623,2012,9,September,Q3,38,2012-09,Non-Holiday,1.55567251
39,2012-09-28,1495607.07,0,78.04,3.666,221.6556,6.623,2012,9,September,Q3,39,2012-09,Non-Holiday,1.4956070700000001
39,2012-10-05,1574408.67,0,72.05,3.617,221.8533396,6.228,2012,10,October,Q4,40,2012-10,Non-Holiday,1.57440867
39,2012-10-12,1494417.07,0,69.88,3.601,222.0510793,6.228,2012,10,October,Q4,41,2012-10,Non-Holiday,1.4944170700000001
39,2012-10-19,1577486.33,0,71.45,3.594,222.0951719,6.228,2012,10,October,Q4,42,2012-10,Non-Holiday,1.5774863300000002
39,2012-10-26,1569502.0,0,72.9,3.506,222.1136566,6.228,2012,10,October,Q4,43,2012-10,Non-Holiday,1.569502
40,2010-02-05,1001943.8,0,14.48,2.788,131.5279032,5.892,2010,2,February,Q1,5,2010-02,Non-Holiday,1.0019438
40,2010-02-12,955338.29,1,20.84,2.771,131.5866129,5.892,2010,2,February,Q1,6,2010-02,Holiday,0.95533829
40,2010-02-19,916289.2,0,27.84,2.747,131.637,5.892,2010,2,February,Q1,7,2010-02,Non-Holiday,0.9162891999999999
40,2010-02-26,863917.41,0,33.32,2.753,131.686,5.892,2010,2,February,Q1,8,2010-02,Non-Holiday,0.86391741
40,2010-03-05,990152.28,0,34.78,2.766,131.735,5.892,2010,3,March,Q1,9,2010-03,Non-Holiday,0.99015228
40,2010-03-12,899352.4,0,35.1,2.805,131.784,5.892,2010,3,March,Q1,10,2010-03,Non-Holiday,0.8993524
40,2010-03-19,894865.3,0,40.54,2.834,131.8242903,5.892,2010,3,March,Q1,11,2010-03,Non-Holiday,0.8948653000000001
40,2010-03-26,873354.58,0,39.51,2.831,131.863129,5.892,2010,3,March,Q1,12,2010-03,Non-Holiday,0.87335458
40,2010-04-02,1041202.13,0,41.39,2.826,131.9019677,5.435,2010,4,April,Q2,13,2010-04,Non-Holiday,1.04120213
40,2010-04-09,919839.19,0,54.31,2.849,131.9408065,5.435,2010,4,April,Q2,14,2010-04,Non-Holiday,0.9198391899999999
40,2010-04-16,882636.96,0,43.3,2.885,131.9809,5.435,2010,4,April,Q2,15,2010-04,Non-Holiday,0.8826369599999999
40,2010-04-23,844958.49,0,45.85,2.895,132.0226667,5.435,2010,4,April,Q2,16,2010-04,Non-Holiday,0.84495849
40,2010-04-30,816838.31,0,46.5,2.935,132.0644333,5.435,2010,4,April,Q2,17,2010-04,Non-Holiday,0.8168383100000001
40,2010-05-07,1009797.06,0,60.05,2.981,132.1062,5.435,2010,5,May,Q2,18,2010-05,Non-Holiday,1.0097970600000001
40,2010-05-14,907262.47,0,45.5,2.983,132.152129,5.435,2010,5,May,Q2,19,2010-05,Non-Holiday,0.9072624699999999
40,2010-05-21,885613.91,0,56.75,2.961,132.2230323,5.435,2010,5,May,Q2,20,2010-05,Non-Holiday,0.88561391
40,2010-05-28,1008483.07,0,67.88,2.906,132.2939355,5.435,2010,5,May,Q2,21,2010-05,Non-Holiday,1.00848307
40,2010-06-04,1052429.03,0,65.7,2.857,132.3648387,5.435,2010,6,June,Q2,22,2010-06,Non-Holiday,1.05242903
40,2010-06-11,1007574.67,0,59.42,2.83,132.4357419,5.435,2010,6,June,Q2,23,2010-06,Non-Holiday,1.0075746700000001
40,2010-06-18,973105.3,0,60.97,2.805,132.4733333,5.435,2010,6,June,Q2,24,2010-06,Non-Holiday,0.9731053000000001
40,2010-06-25,940405.03,0,69.72,2.81,132.4976,5.435,2010,6,June,Q2,25,2010-06,Non-Holiday,0.94040503
40,2010-07-02,1087578.78,0,65.47,2.815,132.5218667,5.326,2010,7,July,Q3,26,2010-07,Non-Holiday,1.08757878
40,2010-07-09,1058250.91,0,76.67,2.806,132.5461333,5.326,2010,7,July,Q3,27,2010-07,Non-Holiday,1.05825091
40,2010-07-16,959229.09,0,74.25,2.796,132.5667742,5.326,2010,7,July,Q3,28,2010-07,Non-Holiday,0.95922909
40,2010-07-23,922341.82,0,71.79,2.784,132.5825806,5.326,2010,7,July,Q3,29,2010-07,Non-Holiday,0.92234182
40,2010-07-30,953393.02,0,71.35,2.792,132.5983871,5.326,2010,7,July,Q3,30,2010-07,Non-Holiday,0.95339302
40,2010-08-06,1057295.87,0,69.16,2.792,132.6141935,5.326,2010,8,August,Q3,31,2010-08,Non-Holiday,1.0572958700000001
40,2010-08-13,924011.76,0,67.47,2.81,132.63,5.326,2010,8,August,Q3,32,2010-08,Non-Holiday,0.92401176
40,2010-08-20,932397.0,0,67.05,2.796,132.6616129,5.326,2010,8,August,Q3,33,2010-08,Non-Holiday,0.932397
40,2010-08-27,922328.02,0,62.57,2.77,132.6932258,5.326,2010,8,August,Q3,34,2010-08,Non-Holiday,0.92232802
40,2010-09-03,976453.34,0,70.66,2.735,132.7248387,5.326,2010,9,September,Q3,35,2010-09,Non-Holiday,0.97645334
40,2010-09-10,967310.82,1,62.75,2.717,132.7564516,5.326,2010,9,September,Q3,36,2010-09,Holiday,0.9673108199999999
40,2010-09-17,855046.95,0,55.34,2.716,132.7670667,5.326,2010,9,September,Q3,37,2010-09,Non-Holiday,0.85504695
40,2010-09-24,844373.31,0,55.63,2.718,132.7619333,5.326,2010,9,September,Q3,38,2010-09,Non-Holiday,0.84437331
40,2010-10-01,891152.33,0,62.01,2.717,132.7568,5.287,2010,10,October,Q4,39,2010-10,Non-Holiday,0.8911523299999999
40,2010-10-08,972405.38,0,52.02,2.776,132.7516667,5.287,2010,10,October,Q4,40,2010-10,Non-Holiday,0.97240538
40,2010-10-15,917883.17,0,44.56,2.878,132.7633548,5.287,2010,10,October,Q4,41,2010-10,Non-Holiday,0.9178831700000001
40,2010-10-22,882180.91,0,41.25,2.919,132.8170968,5.287,2010,10,October,Q4,42,2010-10,Non-Holiday,0.88218091
40,2010-10-29,875038.84,0,47.1,2.938,132.8708387,5.287,2010,10,October,Q4,43,2010-10,Non-Holiday,0.87503884
40,2010-11-05,968270.66,0,36.45,2.938,132.9245806,5.287,2010,11,November,Q4,44,2010-11,Non-Holiday,0.9682706600000001
40,2010-11-12,935481.32,0,38.5,2.961,132.9783226,5.287,2010,11,November,Q4,45,2010-11,Non-Holiday,0.93548132
40,2010-11-19,852452.93,0,40.52,3.03,132.9172,5.287,2010,11,November,Q4,46,2010-11,Non-Holiday,0.85245293
40,2010-11-26,1166142.85,1,32.94,3.07,132.8369333,5.287,2010,11,November,Q4,47,2010-11,Holiday,1.1661428500000002
40,2010-12-03,1000582.06,0,33.6,3.065,132.7566667,5.287,2010,12,December,Q4,48,2010-12,Non-Holiday,1.0005820600000002
40,2010-12-10,1111215.72,0,21.64,3.132,132.6764,5.287,2010,12,December,Q4,49,2010-12,Non-Holiday,1.11121572
40,2010-12-17,1179036.3,0,23.01,3.139,132.6804516,5.287,2010,12,December,Q4,50,2010-12,Non-Holiday,1.1790363000000001
40,2010-12-24,1648829.18,0,24.18,3.15,132.7477419,5.287,2010,12,December,Q4,51,2010-12,Non-Holiday,1.64882918
40,2010-12-31,811318.3,1,19.29,3.177,132.8150323,5.287,2010,12,December,Q4,52,2010-12,Holiday,0.8113183
40,2011-01-07,894280.19,0,24.05,3.193,132.8823226,5.114,2011,1,January,Q1,1,2011-01,Non-Holiday,0.8942801899999999
40,2011-01-14,771315.62,0,18.55,3.215,132.9510645,5.114,2011,1,January,Q1,2,2011-01,Non-Holiday,0.77131562
40,2011-01-21,764014.75,0,14.64,3.232,133.0285161,5.114,2011,1,January,Q1,3,2011-01,Non-Holiday,0.76401475
40,2011-01-28,775910.43,0,9.51,3.243,133.1059677,5.114,2011,1,January,Q1,4,2011-01,Non-Holiday,0.77591043
40,2011-02-04,904261.65,0,13.29,3.24,133.1834194,5.114,2011,2,February,Q1,5,2011-02,Non-Holiday,0.90426165
40,2011-02-11,931939.52,1,16.87,3.255,133.260871,5.114,2011,2,February,Q1,6,2011-02,Holiday,0.93193952
40,2011-02-18,968694.45,0,21.82,3.263,133.3701429,5.114,2011,2,February,Q1,7,2011-02,Non-Holiday,0.96869445
40,2011-02-25,888869.27,0,16.5,3.281,133.4921429,5.114,2011,2,February,Q1,8,2011-02,Non-Holiday,0.88886927
40,2011-03-04,977070.62,0,18.49,3.437,133.6141429,5.114,2011,3,March,Q1,9,2011-03,Non-Holiday,0.97707062
40,2011-03-11,860255.58,0,30.53,3.6,133.7361429,5.114,2011,3,March,Q1,10,2011-03,Non-Holiday,0.8602555799999999
40,2011-03-18,871024.26,0,35.76,3.634,133.8492258,5.114,2011,3,March,Q1,11,2011-03,Non-Holiday,0.87102426
40,2011-03-25,834621.39,0,28.89,3.624,133.9587419,5.114,2011,3,March,Q1,12,2011-03,Non-Holiday,0.83462139
40,2011-04-01,841889.08,0,28.6,3.638,134.0682581,4.781,2011,4,April,Q2,13,2011-04,Non-Holiday,0.84188908
40,2011-04-08,947753.32,0,34.77,3.72,134.1777742,4.781,2011,4,April,Q2,14,2011-04,Non-Holiday,0.9477533199999999
40,2011-04-15,874446.32,0,43.69,3.823,134.2784667,4.781,2011,4,April,Q2,15,2011-04,Non-Holiday,0.87444632
40,2011-04-22,965056.4,0,39.32,3.919,134.3571,4.781,2011,4,April,Q2,16,2011-04,Non-Holiday,0.9650564
40,2011-04-29,847246.5,0,52.68,3.988,134.4357333,4.781,2011,4,April,Q2,17,2011-04,Non-Holiday,0.8472465
40,2011-05-06,1016752.55,0,50.81,4.078,134.5143667,4.781,2011,5,May,Q2,18,2011-05,Non-Holiday,1.01675255
40,2011-05-13,903864.02,0,54.09,4.095,134.593,4.781,2011,5,May,Q2,19,2011-05,Non-Holiday,0.90386402
40,2011-05-20,907110.83,0,56.38,4.101,134.6803871,4.781,2011,5,May,Q2,20,2011-05,Non-Holiday,0.9071108299999999
40,2011-05-27,972373.81,0,63.11,4.034,134.7677742,4.781,2011,5,May,Q2,21,2011-05,Non-Holiday,0.97237381
40,2011-06-03,1075687.74,0,66.16,3.973,134.8551613,4.781,2011,6,June,Q2,22,2011-06,Non-Holiday,1.07568774
40,2011-06-10,984336.04,0,64.19,3.924,134.9425484,4.781,2011,6,June,Q2,23,2011-06,Non-Holiday,0.9843360400000001
40,2011-06-17,971422.67,0,59.16,3.873,135.0837333,4.781,2011,6,June,Q2,24,2011-06,Non-Holiday,0.97142267
40,2011-06-24,977103.64,0,62.59,3.851,135.2652667,4.781,2011,6,June,Q2,25,2011-06,Non-Holiday,0.97710364
40,2011-07-01,1048866.3,0,65.25,3.815,135.4468,4.584,2011,7,July,Q3,26,2011-07,Non-Holiday,1.0488663
40,2011-07-08,1107366.06,0,67.86,3.784,135.6283333,4.584,2011,7,July,Q3,27,2011-07,Non-Holiday,1.1073660600000002
40,2011-07-15,953252.14,0,68.9,3.827,135.7837419,4.584,2011,7,July,Q3,28,2011-07,Non-Holiday,0.95325214
40,2011-07-22,980642.1,0,73.34,3.882,135.8738387,4.584,2011,7,July,Q3,29,2011-07,Non-Holiday,0.9806421
40,2011-07-29,929096.9,0,67.45,3.898,135.9639355,4.584,2011,7,July,Q3,30,2011-07,Non-Holiday,0.9290969
40,2011-08-05,1063818.2,0,68.1,3.903,136.0540323,4.584,2011,8,August,Q3,31,2011-08,Non-Holiday,1.0638182
40,2011-08-12,955506.95,0,68.3,3.88,136.144129,4.584,2011,8,August,Q3,32,2011-08,Non-Holiday,0.95550695
40,2011-08-19,943237.12,0,64.05,3.82,136.183129,4.584,2011,8,August,Q3,33,2011-08,Non-Holiday,0.94323712
40,2011-08-26,969611.3,0,65.01,3.796,136.2136129,4.584,2011,8,August,Q3,34,2011-08,Non-Holiday,0.9696113000000001
40,2011-09-02,957298.26,0,63.79,3.784,136.2440968,4.584,2011,9,September,Q3,35,2011-09,Non-Holiday,0.95729826
40,2011-09-09,1021391.99,1,64.83,3.809,136.2745806,4.584,2011,9,September,Q3,36,2011-09,Holiday,1.02139199
40,2011-09-16,890661.79,0,58.28,3.809,136.3145,4.584,2011,9,September,Q3,37,2011-09,Non-Holiday,0.89066179
40,2011-09-23,876583.98,0,54.09,3.758,136.367,4.584,2011,9,September,Q3,38,2011-09,Non-Holiday,0.8765839799999999
40,2011-09-30,912857.1,0,63.45,3.684,136.4195,4.584,2011,9,September,Q3,39,2011-09,Non-Holiday,0.9128571
40,2011-10-07,1070389.98,0,50.21,3.633,136.472,4.42,2011,10,October,Q4,40,2011-10,Non-Holiday,1.07038998
40,2011-10-14,936751.68,0,53.9,3.583,136.5150968,4.42,2011,10,October,Q4,41,2011-10,Non-Holiday,0.9367516800000001
40,2011-10-21,942319.65,0,51.61,3.618,136.5017742,4.42,2011,10,October,Q4,42,2011-10,Non-Holiday,0.9423196500000001
40,2011-10-28,941675.95,0,42.09,3.604,136.4884516,4.42,2011,10,October,Q4,43,2011-10,Non-Holiday,0.9416759499999999
40,2011-11-04,1011321.18,0,35.4,3.586,136.475129,4.42,2011,11,November,Q4,44,2011-11,Non-Holiday,1.0113211800000002
40,2011-11-11,1037687.07,0,40.75,3.57,136.4618065,4.42,2011,11,November,Q4,45,2011-11,Non-Holiday,1.03768707
40,2011-11-18,905399.99,0,41.85,3.571,136.4666667,4.42,2011,11,November,Q4,46,2011-11,Non-Holiday,0.90539999
40,2011-11-25,1230011.95,1,32.76,3.536,136.4788,4.42,2011,11,November,Q4,47,2011-11,Holiday,1.23001195
40,2011-12-02,1059676.62,0,38.51,3.501,136.4909333,4.42,2011,12,December,Q4,48,2011-12,Non-Holiday,1.05967662
40,2011-12-09,1158708.98,0,34.48,3.47,136.5030667,4.42,2011,12,December,Q4,49,2011-12,Non-Holiday,1.1587089799999999
40,2011-12-16,1198670.19,0,29.53,3.445,136.5335161,4.42,2011,12,December,Q4,50,2011-12,Non-Holiday,1.1986701899999999
40,2011-12-23,1601585.7,0,24.46,3.413,136.5883871,4.42,2011,12,December,Q4,51,2011-12,Non-Holiday,1.6015857
40,2011-12-30,908853.15,1,18.75,3.402,136.6432581,4.42,2011,12,December,Q4,52,2011-12,Holiday,0.90885315
40,2012-01-06,954576.86,0,23.29,3.439,136.698129,4.261,2012,1,January,Q1,1,2012-01,Non-Holiday,0.95457686
40,2012-01-13,780607.52,0,25.9,3.523,136.753,4.261,2012,1,January,Q1,2,2012-01,Non-Holiday,0.78060752
40,2012-01-20,811365.42,0,14.02,3.542,136.8564194,4.261,2012,1,January,Q1,3,2012-01,Non-Holiday,0.81136542
40,2012-01-27,770157.29,0,22.91,3.568,136.9598387,4.261,2012,1,January,Q1,4,2012-01,Non-Holiday,0.77015729
40,2012-02-03,979552.34,0,27.86,3.633,137.0632581,4.261,2012,2,February,Q1,5,2012-02,Non-Holiday,0.97955234
40,2012-02-10,999785.48,1,23.92,3.655,137.1666774,4.261,2012,2,February,Q1,6,2012-02,Holiday,0.99978548
40,2012-02-17,975500.87,0,25.56,3.703,137.2583103,4.261,2012,2,February,Q1,7,2012-02,Non-Holiday,0.97550087
40,2012-02-24,919301.81,0,29.88,3.751,137.3411034,4.261,2012,2,February,Q1,8,2012-02,Non-Holiday,0.9193018100000001
40,2012-03-02,927732.02,0,23.79,3.827,137.4238966,4.261,2012,3,March,Q1,9,2012-03,Non-Holiday,0.92773202
40,2012-03-09,954233.87,0,30.58,3.876,137.5066897,4.261,2012,3,March,Q1,10,2012-03,Non-Holiday,0.95423387
40,2012-03-16,891154.18,0,37.13,3.867,137.5843871,4.261,2012,3,March,Q1,11,2012-03,Non-Holiday,0.89115418
40,2012-03-23,844490.86,0,52.27,3.889,137.6552903,4.261,2012,3,March,Q1,12,2012-03,Non-Holiday,0.84449086
40,2012-03-30,871945.64,0,36.25,3.921,137.7261935,4.261,2012,3,March,Q1,13,2012-03,Non-Holiday,0.87194564
40,2012-04-06,1132064.23,0,36.54,3.957,137.7970968,4.125,2012,4,April,Q2,14,2012-04,Non-Holiday,1.13206423
40,2012-04-13,857811.17,0,40.65,4.025,137.868,4.125,2012,4,April,Q2,15,2012-04,Non-Holiday,0.8578111700000001
40,2012-04-20,896979.93,0,55.3,4.046,137.9230667,4.125,2012,4,April,Q2,16,2012-04,Non-Holiday,0.8969799300000001
40,2012-04-27,875372.91,0,47.51,4.023,137.9781333,4.125,2012,4,April,Q2,17,2012-04,Non-Holiday,0.8753729100000001
40,2012-05-04,993311.59,0,44.47,3.991,138.0332,4.125,2012,5,May,Q2,18,2012-05,Non-Holiday,0.99331159
40,2012-05-11,967729.35,0,52.06,3.947,138.0882667,4.125,2012,5,May,Q2,19,2012-05,Non-Holiday,0.9677293499999999
40,2012-05-18,896295.41,0,57.59,3.899,138.1065806,4.125,2012,5,May,Q2,20,2012-05,Non-Holiday,0.89629541
40,2012-05-25,991054.49,0,65.25,3.85,138.1101935,4.125,2012,5,May,Q2,21,2012-05,Non-Holiday,0.99105449
40,2012-06-01,1037464.27,0,64.75,3.798,138.1138065,4.125,2012,6,June,Q2,22,2012-06,Non-Holiday,1.03746427
40,2012-06-08,1079386.88,0,55.78,3.746,138.1174194,4.125,2012,6,June,Q2,23,2012-06,Non-Holiday,1.07938688
40,2012-06-15,977950.28,0,63.39,3.683,138.1295333,4.125,2012,6,June,Q2,24,2012-06,Non-Holiday,0.9779502800000001
40,2012-06-22,1033552.18,0,69.32,3.629,138.1629,4.125,2012,6,June,Q2,25,2012-06,Non-Holiday,1.03355218
40,2012-06-29,988764.84,0,64.42,3.577,138.1962667,4.125,2012,6,June,Q2,26,2012-06,Non-Holiday,0.98876484
40,2012-07-06,1182901.56,0,69.08,3.538,138.2296333,4.156,2012,7,July,Q3,27,2012-07,Non-Holiday,1.1829015600000001
40,2012-07-13,979848.71,0,67.48,3.561,138.263,4.156,2012,7,July,Q3,28,2012-07,Non-Holiday,0.97984871
40,2012-07-20,968502.38,0,70.45,3.61,138.2331935,4.156,2012,7,July,Q3,29,2012-07,Non-Holiday,0.96850238
40,2012-07-27,954396.85,0,67.88,3.701,138.2033871,4.156,2012,7,July,Q3,30,2012-07,Non-Holiday,0.95439685
40,2012-08-03,1068346.76,0,70.15,3.698,138.1735806,4.156,2012,8,August,Q3,31,2012-08,Non-Holiday,1.06834676
40,2012-08-10,1007906.43,0,70.09,3.772,138.1437742,4.156,2012,8,August,Q3,32,2012-08,Non-Holiday,1.00790643
40,2012-08-17,969387.48,0,69.41,3.84,138.1857097,4.156,2012,8,August,Q3,33,2012-08,Non-Holiday,0.96938748
40,2012-08-24,945318.47,0,63.91,3.874,138.2814516,4.156,2012,8,August,Q3,34,2012-08,Non-Holiday,0.94531847
40,2012-08-31,987264.67,0,66.11,3.884,138.3771935,4.156,2012,8,August,Q3,35,2012-08,Non-Holiday,0.9872646700000001
40,2012-09-07,1088248.4,1,65.06,3.921,138.4729355,4.156,2012,9,September,Q3,36,2012-09,Holiday,1.0882484
40,2012-09-14,901709.82,0,59.38,3.988,138.5673,4.156,2012,9,September,Q3,37,2012-09,Non-Holiday,0.90170982
40,2012-09-21,899768.4,0,54.12,4.056,138.6534,4.156,2012,9,September,Q3,38,2012-09,Non-Holiday,0.8997684
40,2012-09-28,919595.44,0,50.98,4.018,138.7395,4.156,2012,9,September,Q3,39,2012-09,Non-Holiday,0.9195954399999999
40,2012-10-05,1069112.0,0,57.21,4.027,138.8256,4.145,2012,10,October,Q4,40,2012-10,Non-Holiday,1.069112
40,2012-10-12,982523.26,0,47.35,4.029,138.9117,4.145,2012,10,October,Q4,41,2012-10,Non-Holiday,0.98252326
40,2012-10-19,918170.5,0,46.33,4.0,138.8336129,4.145,2012,10,October,Q4,42,2012-10,Non-Holiday,0.9181705
40,2012-10-26,921264.52,0,49.65,3.917,138.7281613,4.145,2012,10,October,Q4,43,2012-10,Non-Holiday,0.92126452
41,2010-02-05,1086533.18,0,30.27,2.58,189.3816974,7.541,2010,2,February,Q1,5,2010-02,Non-Holiday,1.08653318
41,2010-02-12,1075656.34,1,23.04,2.572,189.4642725,7.541,2010,2,February,Q1,6,2010-02,Holiday,1.07565634
41,2010-02-19,1052034.74,0,24.13,2.55,189.5340998,7.541,2010,2,February,Q1,7,2010-02,Non-Holiday,1.05203474
41,2010-02-26,991941.73,0,21.84,2.586,189.6018023,7.541,2010,2,February,Q1,8,2010-02,Non-Holiday,0.99194173
41,2010-03-05,1063557.49,0,32.49,2.62,189.6695049,7.541,2010,3,March,Q1,9,2010-03,Non-Holiday,1.06355749
41,2010-03-12,1023997.71,0,33.4,2.684,189.7372075,7.541,2010,3,March,Q1,10,2010-03,Non-Holiday,1.02399771
41,2010-03-19,1006597.69,0,36.7,2.692,189.734262,7.541,2010,3,March,Q1,11,2010-03,Non-Holiday,1.00659769
41,2010-03-26,1015196.46,0,32.3,2.717,189.7195417,7.541,2010,3,March,Q1,12,2010-03,Non-Holiday,1.0151964599999999
41,2010-04-02,1168826.39,0,41.31,2.725,189.7048215,7.363,2010,4,April,Q2,13,2010-04,Non-Holiday,1.16882639
41,2010-04-09,1082158.21,0,37.3,2.75,189.6901012,7.363,2010,4,April,Q2,14,2010-04,Non-Holiday,1.08215821
41,2010-04-16,1043388.79,0,46.79,2.765,189.6628845,7.363,2010,4,April,Q2,15,2010-04,Non-Holiday,1.04338879
41,2010-04-23,1067340.74,0,45.29,2.776,189.6190057,7.363,2010,4,April,Q2,16,2010-04,Non-Holiday,1.06734074
41,2010-04-30,1063960.11,0,40.2,2.766,189.575127,7.363,2010,4,April,Q2,17,2010-04,Non-Holiday,1.06396011
41,2010-05-07,1175738.22,0,41.5,2.771,189.5312483,7.363,2010,5,May,Q2,18,2010-05,Non-Holiday,1.17573822
41,2010-05-14,1116439.02,0,40.23,2.788,189.4904116,7.363,2010,5,May,Q2,19,2010-05,Non-Holiday,1.11643902
41,2010-05-21,1163234.33,0,50.59,2.776,189.467827,7.363,2010,5,May,Q2,20,2010-05,Non-Holiday,1.16323433
41,2010-05-28,1246654.24,0,56.97,2.737,189.4452425,7.363,2010,5,May,Q2,21,2010-05,Non-Holiday,1.24665424
41,2010-06-04,1305068.1,0,60.13,2.7,189.422658,7.363,2010,6,June,Q2,22,2010-06,Non-Holiday,1.3050681000000002
41,2010-06-11,1217199.39,0,63.36,2.684,189.4000734,7.363,2010,6,June,Q2,23,2010-06,Non-Holiday,1.21719939
41,2010-06-18,1202963.06,0,54.9,2.674,189.4185259,7.363,2010,6,June,Q2,24,2010-06,Non-Holiday,1.20296306
41,2010-06-25,1174209.52,0,66.0,2.715,189.4533931,7.363,2010,6,June,Q2,25,2010-06,Non-Holiday,1.17420952
41,2010-07-02,1273279.79,0,69.39,2.728,189.4882603,7.335,2010,7,July,Q3,26,2010-07,Non-Holiday,1.2732797900000001
41,2010-07-09,1176079.59,0,60.93,2.711,189.5231276,7.335,2010,7,July,Q3,27,2010-07,Non-Holiday,1.17607959
41,2010-07-16,1179788.38,0,69.06,2.699,189.6125456,7.335,2010,7,July,Q3,28,2010-07,Non-Holiday,1.17978838
41,2010-07-23,1192213.87,0,70.77,2.691,189.774698,7.335,2010,7,July,Q3,29,2010-07,Non-Holiday,1.19221387
41,2010-07-30,1211136.63,0,70.07,2.69,189.9368504,7.335,2010,7,July,Q3,30,2010-07,Non-Holiday,1.21113663
41,2010-08-06,1338132.72,0,69.21,2.69,190.0990028,7.335,2010,8,August,Q3,31,2010-08,Non-Holiday,1.33813272
41,2010-08-13,1285976.53,0,70.24,2.723,190.2611552,7.335,2010,8,August,Q3,32,2010-08,Non-Holiday,1.2859765300000001
41,2010-08-20,1353838.39,0,66.19,2.732,190.2948237,7.335,2010,8,August,Q3,33,2010-08,Non-Holiday,1.35383839
41,2010-08-27,1173131.63,0,70.59,2.731,190.3284922,7.335,2010,8,August,Q3,34,2010-08,Non-Holiday,1.1731316299999999
41,2010-09-03,1223355.5,0,64.13,2.773,190.3621607,7.335,2010,9,September,Q3,35,2010-09,Non-Holiday,1.2233555
41,2010-09-10,1172672.27,1,63.3,2.78,190.3958293,7.335,2010,9,September,Q3,36,2010-09,Holiday,1.17267227
41,2010-09-17,1111170.91,0,62.4,2.8,190.4688287,7.335,2010,9,September,Q3,37,2010-09,Non-Holiday,1.11117091
41,2010-09-24,1110941.78,0,60.11,2.793,190.5713264,7.335,2010,9,September,Q3,38,2010-09,Non-Holiday,1.11094178
41,2010-10-01,1109216.35,0,62.67,2.759,190.6738241,7.508,2010,10,October,Q4,39,2010-10,Non-Holiday,1.10921635
41,2010-10-08,1162042.24,0,57.1,2.745,190.7763218,7.508,2010,10,October,Q4,40,2010-10,Non-Holiday,1.16204224
41,2010-10-15,1133913.33,0,49.91,2.762,190.8623087,7.508,2010,10,October,Q4,41,2010-10,Non-Holiday,1.1339133300000002
41,2010-10-22,1156003.7,0,48.09,2.762,190.9070184,7.508,2010,10,October,Q4,42,2010-10,Non-Holiday,1.1560036999999999
41,2010-10-29,1144854.56,0,42.16,2.748,190.951728,7.508,2010,10,October,Q4,43,2010-10,Non-Holiday,1.14485456
41,2010-11-05,1163878.49,0,46.74,2.729,190.9964377,7.508,2010,11,November,Q4,44,2010-11,Non-Holiday,1.16387849
41,2010-11-12,1175326.23,0,38.99,2.737,191.0411474,7.508,2010,11,November,Q4,45,2010-11,Non-Holiday,1.17532623
41,2010-11-19,1172155.28,0,31.34,2.758,191.0312172,7.508,2010,11,November,Q4,46,2010-11,Non-Holiday,1.1721552800000001
41,2010-11-26,1866681.57,1,25.3,2.742,191.0121805,7.508,2010,11,November,Q4,47,2010-11,Holiday,1.8666815700000001
41,2010-12-03,1220115.75,0,33.0,2.712,190.9931437,7.508,2010,12,December,Q4,48,2010-12,Non-Holiday,1.22011575
41,2010-12-10,1434908.13,0,33.9,2.728,190.9741069,7.508,2010,12,December,Q4,49,2010-12,Non-Holiday,1.43490813
41,2010-12-17,1627904.68,0,31.51,2.778,191.0303376,7.508,2010,12,December,Q4,50,2010-12,Non-Holiday,1.6279046799999999
41,2010-12-24,2225016.73,0,29.81,2.781,191.1430189,7.508,2010,12,December,Q4,51,2010-12,Non-Holiday,2.22501673
41,2010-12-31,1001790.16,1,25.19,2.829,191.2557002,7.508,2010,12,December,Q4,52,2010-12,Holiday,1.00179016
41,2011-01-07,1153596.53,0,23.76,2.882,191.3683815,7.241,2011,1,January,Q1,1,2011-01,Non-Holiday,1.15359653
41,2011-01-14,1052609.16,0,22.44,2.911,191.4784939,7.241,2011,1,January,Q1,2,2011-01,Non-Holiday,1.0526091599999998
41,2011-01-21,1088025.8,0,32.7,2.973,191.5731924,7.241,2011,1,January,Q1,3,2011-01,Non-Holiday,1.0880258
41,2011-01-28,1026439.93,0,32.23,3.008,191.667891,7.241,2011,1,January,Q1,4,2011-01,Non-Holiday,1.02643993
41,2011-02-04,1179420.5,0,14.56,3.011,191.7625895,7.241,2011,2,February,Q1,5,2011-02,Non-Holiday,1.1794205
41,2011-02-11,1150003.36,1,16.81,3.037,191.8572881,7.241,2011,2,February,Q1,6,2011-02,Holiday,1.1500033600000001
41,2011-02-18,1203399.64,0,39.39,3.051,191.9178331,7.241,2011,2,February,Q1,7,2011-02,Non-Holiday,1.20339964
41,2011-02-25,1099714.93,0,26.1,3.101,191.9647167,7.241,2011,2,February,Q1,8,2011-02,Non-Holiday,1.09971493
41,2011-03-04,1229257.7,0,34.99,3.232,192.0116004,7.241,2011,3,March,Q1,9,2011-03,Non-Holiday,1.2292577
41,2011-03-11,1159089.6,0,31.6,3.372,192.058484,7.241,2011,3,March,Q1,10,2011-03,Non-Holiday,1.1590896000000002
41,2011-03-18,1115504.26,0,40.19,3.406,192.1237981,7.241,2011,3,March,Q1,11,2011-03,Non-Holiday,1.11550426
41,2011-03-25,1140578.16,0,41.11,3.414,192.1964844,7.241,2011,3,March,Q1,12,2011-03,Non-Holiday,1.14057816
41,2011-04-01,1179125.48,0,38.16,3.461,192.2691707,6.934,2011,4,April,Q2,13,2011-04,Non-Holiday,1.17912548
41,2011-04-08,1206252.12,0,42.87,3.532,192.3418571,6.934,2011,4,April,Q2,14,2011-04,Non-Holiday,1.20625212
41,2011-04-15,1192982.07,0,39.94,3.611,192.4225954,6.934,2011,4,April,Q2,15,2011-04,Non-Holiday,1.19298207
41,2011-04-22,1304481.75,0,42.86,3.636,192.5234638,6.934,2011,4,April,Q2,16,2011-04,Non-Holiday,1.30448175
41,2011-04-29,1178841.05,0,39.81,3.663,192.6243322,6.934,2011,4,April,Q2,17,2011-04,Non-Holiday,1.17884105
41,2011-05-06,1244956.91,0,41.2,3.735,192.7252006,6.934,2011,5,May,Q2,18,2011-05,Non-Holiday,1.24495691
41,2011-05-13,1270025.74,0,50.29,3.767,192.826069,6.934,2011,5,May,Q2,19,2011-05,Non-Holiday,1.27002574
41,2011-05-20,1244542.33,0,41.11,3.828,192.831317,6.934,2011,5,May,Q2,20,2011-05,Non-Holiday,1.24454233
41,2011-05-27,1278304.33,0,50.56,3.795,192.8365651,6.934,2011,5,May,Q2,21,2011-05,Non-Holiday,1.27830433
41,2011-06-03,1297584.95,0,54.81,3.763,192.8418131,6.934,2011,6,June,Q2,22,2011-06,Non-Holiday,1.2975849499999998
41,2011-06-10,1311690.11,0,61.1,3.735,192.8470612,6.934,2011,6,June,Q2,23,2011-06,Non-Holiday,1.31169011
41,2011-06-17,1289151.84,0,62.3,3.697,192.9034759,6.934,2011,6,June,Q2,24,2011-06,Non-Holiday,1.2891518400000002
41,2011-06-24,1244381.98,0,59.54,3.661,192.9982655,6.934,2011,6,June,Q2,25,2011-06,Non-Holiday,1.24438198
41,2011-07-01,1333347.78,0,67.01,3.597,193.0930552,6.901,2011,7,July,Q3,26,2011-07,Non-Holiday,1.33334778
41,2011-07-08,1338862.58,0,68.49,3.54,193.1878448,6.901,2011,7,July,Q3,27,2011-07,Non-Holiday,1.33886258
41,2011-07-15,1245772.7,0,68.18,3.532,193.3125484,6.901,2011,7,July,Q3,28,2011-07,Non-Holiday,1.2457726999999998
41,2011-07-22,1292830.93,0,74.11,3.545,193.5120367,6.901,2011,7,July,Q3,29,2011-07,Non-Holiday,1.29283093
41,2011-07-29,1248330.1,0,71.3,3.547,193.711525,6.901,2011,7,July,Q3,30,2011-07,Non-Holiday,1.2483301
41,2011-08-05,1402233.69,0,72.19,3.554,193.9110133,6.901,2011,8,August,Q3,31,2011-08,Non-Holiday,1.4022336899999999
41,2011-08-12,1356689.88,0,67.65,3.542,194.1105017,6.901,2011,8,August,Q3,32,2011-08,Non-Holiday,1.3566898799999998
41,2011-08-19,1412959.97,0,70.55,3.499,194.2500634,6.901,2011,8,August,Q3,33,2011-08,Non-Holiday,1.41295997
41,2011-08-26,1328740.71,0,71.61,3.485,194.3796374,6.901,2011,8,August,Q3,34,2011-08,Non-Holiday,1.32874071
41,2011-09-02,1283849.38,0,70.37,3.511,194.5092113,6.901,2011,9,September,Q3,35,2011-09,Non-Holiday,1.28384938
41,2011-09-09,1280958.97,1,58.31,3.566,194.6387853,6.901,2011,9,September,Q3,36,2011-09,Holiday,1.28095897
41,2011-09-16,1197019.39,0,54.82,3.596,194.7419707,6.901,2011,9,September,Q3,37,2011-09,Non-Holiday,1.19701939
41,2011-09-23,1173059.79,0,55.06,3.581,194.8099713,6.901,2011,9,September,Q3,38,2011-09,Non-Holiday,1.17305979
41,2011-09-30,1160619.61,0,61.77,3.538,194.8779718,6.901,2011,9,September,Q3,39,2011-09,Non-Holiday,1.1606196100000001
41,2011-10-07,1277882.77,0,58.74,3.498,194.9459724,6.759,2011,10,October,Q4,40,2011-10,Non-Holiday,1.27788277
41,2011-10-14,1247130.22,0,47.43,3.491,195.0261012,6.759,2011,10,October,Q4,41,2011-10,Non-Holiday,1.24713022
41,2011-10-21,1214944.29,0,45.62,3.548,195.1789994,6.759,2011,10,October,Q4,42,2011-10,Non-Holiday,1.21494429
41,2011-10-28,1274463.02,0,37.02,3.55,195.3318977,6.759,2011,10,October,Q4,43,2011-10,Non-Holiday,1.27446302
41,2011-11-04,1315684.86,0,35.04,3.527,195.4847959,6.759,2011,11,November,Q4,44,2011-11,Non-Holiday,1.3156848600000002
41,2011-11-11,1302499.23,0,32.87,3.505,195.6376941,6.759,2011,11,November,Q4,45,2011-11,Non-Holiday,1.30249923
41,2011-11-18,1230118.02,0,36.64,3.479,195.7184713,6.759,2011,11,November,Q4,46,2011-11,Non-Holiday,1.23011802
41,2011-11-25,1906713.35,1,36.37,3.424,195.7704,6.759,2011,11,November,Q4,47,2011-11,Holiday,1.9067133500000002
41,2011-12-02,1292436.23,0,34.53,3.378,195.8223287,6.759,2011,12,December,Q4,48,2011-12,Non-Holiday,1.29243623
41,2011-12-09,1548661.45,0,17.05,3.331,195.8742575,6.759,2011,12,December,Q4,49,2011-12,Non-Holiday,1.54866145
41,2011-12-16,1682368.32,0,25.01,3.266,195.9841685,6.759,2011,12,December,Q4,50,2011-12,Non-Holiday,1.6823683200000001
41,2011-12-23,2263722.68,0,25.59,3.173,196.1713893,6.759,2011,12,December,Q4,51,2011-12,Non-Holiday,2.2637226800000003
41,2011-12-30,1264014.16,1,34.12,3.119,196.3586101,6.759,2011,12,December,Q4,52,2011-12,Holiday,1.2640141599999999
41,2012-01-06,1208191.61,0,37.21,3.095,196.5458309,6.589,2012,1,January,Q1,1,2012-01,Non-Holiday,1.20819161
41,2012-01-13,1134767.28,0,27.49,3.077,196.7330517,6.589,2012,1,January,Q1,2,2012-01,Non-Holiday,1.13476728
41,2012-01-20,1116295.24,0,31.56,3.055,196.7796652,6.589,2012,1,January,Q1,3,2012-01,Non-Holiday,1.11629524
41,2012-01-27,1079398.81,0,33.15,3.038,196.8262786,6.589,2012,1,January,Q1,4,2012-01,Non-Holiday,1.07939881
41,2012-02-03,1208825.6,0,31.65,3.031,196.8728921,6.589,2012,2,February,Q1,5,2012-02,Non-Holiday,1.2088256000000002
41,2012-02-10,1238844.56,1,22.0,3.103,196.9195056,6.589,2012,2,February,Q1,6,2012-02,Holiday,1.23884456
41,2012-02-17,1330451.46,0,22.52,3.113,196.9432711,6.589,2012,2,February,Q1,7,2012-02,Non-Holiday,1.33045146
41,2012-02-24,1224915.66,0,27.89,3.129,196.9499007,6.589,2012,2,February,Q1,8,2012-02,Non-Holiday,1.22491566
41,2012-03-02,1239813.26,0,27.39,3.191,196.9565303,6.589,2012,3,March,Q1,9,2012-03,Non-Holiday,1.23981326
41,2012-03-09,1243814.77,0,35.3,3.286,196.9631599,6.589,2012,3,March,Q1,10,2012-03,Non-Holiday,1.24381477
41,2012-03-16,1201511.62,0,47.76,3.486,197.0457208,6.589,2012,3,March,Q1,11,2012-03,Non-Holiday,1.20151162
41,2012-03-23,1215354.38,0,44.04,3.664,197.2295234,6.589,2012,3,March,Q1,12,2012-03,Non-Holiday,1.21535438
41,2012-03-30,1239423.19,0,51.56,3.75,197.4133259,6.589,2012,3,March,Q1,13,2012-03,Non-Holiday,1.23942319
41,2012-04-06,1460234.31,0,48.48,3.854,197.5971285,6.547,2012,4,April,Q2,14,2012-04,Non-Holiday,1.4602343100000001
41,2012-04-13,1323004.73,0,46.84,3.901,197.780931,6.547,2012,4,April,Q2,15,2012-04,Non-Holiday,1.32300473
41,2012-04-20,1220815.33,0,43.57,3.936,197.7227385,6.547,2012,4,April,Q2,16,2012-04,Non-Holiday,1.22081533
41,2012-04-27,1248950.65,0,57.66,3.927,197.664546,6.547,2012,4,April,Q2,17,2012-04,Non-Holiday,1.2489506499999998
41,2012-05-04,1359770.73,0,52.86,3.903,197.6063534,6.547,2012,5,May,Q2,18,2012-05,Non-Holiday,1.35977073
41,2012-05-11,1353285.1,0,50.22,3.87,197.5481609,6.547,2012,5,May,Q2,19,2012-05,Non-Holiday,1.3532851000000001
41,2012-05-18,1331514.44,0,55.24,3.837,197.5553137,6.547,2012,5,May,Q2,20,2012-05,Non-Holiday,1.3315144399999999
41,2012-05-25,1424500.47,0,54.89,3.804,197.5886046,6.547,2012,5,May,Q2,21,2012-05,Non-Holiday,1.42450047
41,2012-06-01,1374891.36,0,57.29,3.764,197.6218954,6.547,2012,6,June,Q2,22,2012-06,Non-Holiday,1.3748913600000001
41,2012-06-08,1436383.84,0,65.11,3.741,197.6551863,6.547,2012,6,June,Q2,23,2012-06,Non-Holiday,1.4363838400000002
41,2012-06-15,1384584.59,0,64.92,3.723,197.692292,6.547,2012,6,June,Q2,24,2012-06,Non-Holiday,1.38458459
41,2012-06-22,1386407.17,0,66.88,3.735,197.7389345,6.547,2012,6,June,Q2,25,2012-06,Non-Holiday,1.38640717
41,2012-06-29,1355600.01,0,76.54,3.693,197.785577,6.547,2012,6,June,Q2,26,2012-06,Non-Holiday,1.35560001
41,2012-07-06,1456300.89,0,74.47,3.646,197.8322195,6.432,2012,7,July,Q3,27,2012-07,Non-Holiday,1.4563008899999998
41,2012-07-13,1332594.07,0,67.24,3.613,197.8788621,6.432,2012,7,July,Q3,28,2012-07,Non-Holiday,1.33259407
41,2012-07-20,1347175.93,0,74.06,3.585,197.9290378,6.432,2012,7,July,Q3,29,2012-07,Non-Holiday,1.34717593
41,2012-07-27,1344723.97,0,73.31,3.57,197.9792136,6.432,2012,7,July,Q3,30,2012-07,Non-Holiday,1.34472397
41,2012-08-03,1439607.35,0,73.16,3.528,198.0293893,6.432,2012,8,August,Q3,31,2012-08,Non-Holiday,1.4396073500000002
41,2012-08-10,1504545.94,0,71.73,3.509,198.0795651,6.432,2012,8,August,Q3,32,2012-08,Non-Holiday,1.5045459399999999
41,2012-08-17,1560590.05,0,65.77,3.545,198.1001057,6.432,2012,8,August,Q3,33,2012-08,Non-Holiday,1.56059005
41,2012-08-24,1464462.85,0,69.07,3.558,198.0984199,6.432,2012,8,August,Q3,34,2012-08,Non-Holiday,1.46446285
41,2012-08-31,1360517.52,0,71.56,3.556,198.0967341,6.432,2012,8,August,Q3,35,2012-08,Non-Holiday,1.36051752
41,2012-09-07,1392143.82,1,67.41,3.596,198.0950484,6.432,2012,9,September,Q3,36,2012-09,Holiday,1.39214382
41,2012-09-14,1306644.25,0,59.39,3.659,198.1267184,6.432,2012,9,September,Q3,37,2012-09,Non-Holiday,1.30664425
41,2012-09-21,1276609.36,0,59.81,3.765,198.358523,6.432,2012,9,September,Q3,38,2012-09,Non-Holiday,1.2766093600000001
41,2012-09-28,1307928.01,0,56.08,3.789,198.5903276,6.432,2012,9,September,Q3,39,2012-09,Non-Holiday,1.30792801
41,2012-10-05,1400160.95,0,50.14,3.779,198.8221322,6.195,2012,10,October,Q4,40,2012-10,Non-Holiday,1.4001609499999998
41,2012-10-12,1409544.97,0,39.38,3.76,199.0539368,6.195,2012,10,October,Q4,41,2012-10,Non-Holiday,1.40954497
41,2012-10-19,1326197.24,0,49.56,3.75,199.1481963,6.195,2012,10,October,Q4,42,2012-10,Non-Holiday,1.32619724
41,2012-10-26,1316542.59,0,41.8,3.686,199.2195317,6.195,2012,10,October,Q4,43,2012-10,Non-Holiday,1.31654259
42,2010-02-05,543384.01,0,54.34,2.962,126.4420645,9.765,2010,2,February,Q1,5,2010-02,Non-Holiday,0.54338401
42,2010-02-12,575709.96,1,49.96,2.828,126.4962581,9.765,2010,2,February,Q1,6,2010-02,Holiday,0.57570996
42,2010-02-19,508794.87,0,58.22,2.915,126.5262857,9.765,2010,2,February,Q1,7,2010-02,Non-Holiday,0.50879487
42,2010-02-26,491510.58,0,52.77,2.825,126.5522857,9.765,2010,2,February,Q1,8,2010-02,Non-Holiday,0.49151058000000003
42,2010-03-05,554972.42,0,55.92,2.877,126.5782857,9.765,2010,3,March,Q1,9,2010-03,Non-Holiday,0.55497242
42,2010-03-12,588363.62,0,52.33,3.034,126.6042857,9.765,2010,3,March,Q1,10,2010-03,Non-Holiday,0.58836362
42,2010-03-19,519914.1,0,61.46,3.054,126.6066452,9.765,2010,3,March,Q1,11,2010-03,Non-Holiday,0.5199140999999999
42,2010-03-26,478021.68,0,60.05,2.98,126.6050645,9.765,2010,3,March,Q1,12,2010-03,Non-Holiday,0.47802168
42,2010-04-02,505907.41,0,63.66,3.086,126.6034839,9.524,2010,4,April,Q2,13,2010-04,Non-Holiday,0.50590741
42,2010-04-09,582552.26,0,65.29,3.004,126.6019032,9.524,2010,4,April,Q2,14,2010-04,Non-Holiday,0.58255226
42,2010-04-16,549528.16,0,69.74,3.109,126.5621,9.524,2010,4,April,Q2,15,2010-04,Non-Holiday,0.54952816
42,2010-04-23,492364.77,0,66.42,3.05,126.4713333,9.524,2010,4,April,Q2,16,2010-04,Non-Holiday,0.49236477
42,2010-04-30,477615.87,0,69.76,3.105,126.3805667,9.524,2010,4,April,Q2,17,2010-04,Non-Holiday,0.47761587
42,2010-05-07,582846.22,0,71.06,3.127,126.2898,9.524,2010,5,May,Q2,18,2010-05,Non-Holiday,0.58284622
42,2010-05-14,564345.55,0,73.88,3.145,126.2085484,9.524,2010,5,May,Q2,19,2010-05,Non-Holiday,0.5643455500000001
42,2010-05-21,504403.16,0,78.32,3.12,126.1843871,9.524,2010,5,May,Q2,20,2010-05,Non-Holiday,0.50440316
42,2010-05-28,484097.03,0,76.67,3.058,126.1602258,9.524,2010,5,May,Q2,21,2010-05,Non-Holiday,0.48409703000000004
42,2010-06-04,556046.12,0,82.82,2.941,126.1360645,9.524,2010,6,June,Q2,22,2010-06,Non-Holiday,0.55604612
42,2010-06-11,607218.6,0,89.67,3.057,126.1119032,9.524,2010,6,June,Q2,23,2010-06,Non-Holiday,0.6072185999999999
42,2010-06-18,529418.64,0,83.49,2.935,126.114,9.524,2010,6,June,Q2,24,2010-06,Non-Holiday,0.52941864
42,2010-06-25,484327.56,0,90.32,3.084,126.1266,9.524,2010,6,June,Q2,25,2010-06,Non-Holiday,0.48432756
42,2010-07-02,507168.8,0,92.89,2.978,126.1392,9.199,2010,7,July,Q3,26,2010-07,Non-Holiday,0.5071688
42,2010-07-09,570069.48,0,91.03,3.1,126.1518,9.199,2010,7,July,Q3,27,2010-07,Non-Holiday,0.57006948
42,2010-07-16,558837.27,0,91.8,2.971,126.1498065,9.199,2010,7,July,Q3,28,2010-07,Non-Holiday,0.55883727
42,2010-07-23,491115.86,0,88.44,3.112,126.1283548,9.199,2010,7,July,Q3,29,2010-07,Non-Holiday,0.49111585999999996
42,2010-07-30,469598.57,0,85.03,3.017,126.1069032,9.199,2010,7,July,Q3,30,2010-07,Non-Holiday,0.46959857
42,2010-08-06,579544.21,0,86.13,3.123,126.0854516,9.199,2010,8,August,Q3,31,2010-08,Non-Holiday,0.57954421
42,2010-08-13,583079.97,0,88.37,3.049,126.064,9.199,2010,8,August,Q3,32,2010-08,Non-Holiday,0.58307997
42,2010-08-20,500945.63,0,89.88,3.041,126.0766452,9.199,2010,8,August,Q3,33,2010-08,Non-Holiday,0.50094563
42,2010-08-27,465993.51,0,84.99,3.022,126.0892903,9.199,2010,8,August,Q3,34,2010-08,Non-Holiday,0.46599351
42,2010-09-03,524658.06,0,83.8,3.087,126.1019355,9.199,2010,9,September,Q3,35,2010-09,Non-Holiday,0.52465806
42,2010-09-10,589091.04,1,84.04,2.961,126.1145806,9.199,2010,9,September,Q3,36,2010-09,Holiday,0.58909104
42,2010-09-17,536871.58,0,85.52,3.028,126.1454667,9.199,2010,9,September,Q3,37,2010-09,Non-Holiday,0.5368715799999999
42,2010-09-24,492262.96,0,85.75,2.939,126.1900333,9.199,2010,9,September,Q3,38,2010-09,Non-Holiday,0.49226296
42,2010-10-01,481523.93,0,86.01,3.001,126.2346,9.003,2010,10,October,Q4,39,2010-10,Non-Holiday,0.48152393
42,2010-10-08,599759.45,0,77.04,2.924,126.2791667,9.003,2010,10,October,Q4,40,2010-10,Non-Holiday,0.59975945
42,2010-10-15,559285.35,0,75.48,3.08,126.3266774,9.003,2010,10,October,Q4,41,2010-10,Non-Holiday,0.55928535
42,2010-10-22,522467.51,0,68.12,3.014,126.3815484,9.003,2010,10,October,Q4,42,2010-10,Non-Holiday,0.52246751
42,2010-10-29,476967.65,0,68.76,3.13,126.4364194,9.003,2010,10,October,Q4,43,2010-10,Non-Holiday,0.47696765
42,2010-11-05,565390.4,0,71.04,3.009,126.4912903,9.003,2010,11,November,Q4,44,2010-11,Non-Holiday,0.5653904000000001
42,2010-11-12,588592.61,0,61.24,3.13,126.5461613,9.003,2010,11,November,Q4,45,2010-11,Non-Holiday,0.58859261
42,2010-11-19,524316.21,0,58.83,3.047,126.6072,9.003,2010,11,November,Q4,46,2010-11,Non-Holiday,0.52431621
42,2010-11-26,522296.71,1,55.33,3.162,126.6692667,9.003,2010,11,November,Q4,47,2010-11,Holiday,0.52229671
42,2010-12-03,500250.8,0,51.17,3.041,126.7313333,9.003,2010,12,December,Q4,48,2010-12,Non-Holiday,0.5002508
42,2010-12-10,585175.24,0,60.51,3.091,126.7934,9.003,2010,12,December,Q4,49,2010-12,Non-Holiday,0.58517524
42,2010-12-17,537455.65,0,59.15,3.125,126.8794839,9.003,2010,12,December,Q4,50,2010-12,Non-Holiday,0.5374556500000001
42,2010-12-24,555075.27,0,57.06,3.236,126.9835806,9.003,2010,12,December,Q4,51,2010-12,Non-Holiday,0.55507527
42,2010-12-31,428953.6,1,49.67,3.148,127.0876774,9.003,2010,12,December,Q4,52,2010-12,Holiday,0.4289536
42,2011-01-07,592947.75,0,43.43,3.287,127.1917742,8.744,2011,1,January,Q1,1,2011-01,Non-Holiday,0.59294775
42,2011-01-14,613899.15,0,49.98,3.312,127.3009355,8.744,2011,1,January,Q1,2,2011-01,Non-Holiday,0.6138991500000001
42,2011-01-21,533414.62,0,56.75,3.336,127.4404839,8.744,2011,1,January,Q1,3,2011-01,Non-Holiday,0.53341462
42,2011-01-28,499081.79,0,53.03,3.231,127.5800323,8.744,2011,1,January,Q1,4,2011-01,Non-Holiday,0.49908178999999997
42,2011-02-04,586886.16,0,44.88,3.348,127.7195806,8.744,2011,2,February,Q1,5,2011-02,Non-Holiday,0.58688616
42,2011-02-11,628063.88,1,51.51,3.381,127.859129,8.744,2011,2,February,Q1,6,2011-02,Holiday,0.62806388
42,2011-02-18,556485.1,0,61.77,3.43,127.99525,8.744,2011,2,February,Q1,7,2011-02,Non-Holiday,0.5564851
42,2011-02-25,526904.08,0,53.59,3.398,128.13,8.744,2011,2,February,Q1,8,2011-02,Non-Holiday,0.52690408
42,2011-03-04,570879.04,0,56.96,3.674,128.26475,8.744,2011,3,March,Q1,9,2011-03,Non-Holiday,0.57087904
42,2011-03-11,607294.56,0,64.22,3.63,128.3995,8.744,2011,3,March,Q1,10,2011-03,Non-Holiday,0.60729456
42,2011-03-18,558239.32,0,70.12,3.892,128.5121935,8.744,2011,3,March,Q1,11,2011-03,Non-Holiday,0.55823932
42,2011-03-25,522673.62,0,62.53,3.716,128.6160645,8.744,2011,3,March,Q1,12,2011-03,Non-Holiday,0.52267362
42,2011-04-01,508432.17,0,67.64,3.772,128.7199355,8.494,2011,4,April,Q2,13,2011-04,Non-Holiday,0.50843217
42,2011-04-08,620087.35,0,73.03,3.818,128.8238065,8.494,2011,4,April,Q2,14,2011-04,Non-Holiday,0.6200873499999999
42,2011-04-15,597644.02,0,61.05,4.089,128.9107333,8.494,2011,4,April,Q2,15,2011-04,Non-Holiday,0.59764402
42,2011-04-22,534597.69,0,75.93,3.917,128.9553,8.494,2011,4,April,Q2,16,2011-04,Non-Holiday,0.5345976899999999
42,2011-04-29,496010.17,0,73.38,4.151,128.9998667,8.494,2011,4,April,Q2,17,2011-04,Non-Holiday,0.49601017
42,2011-05-06,612337.35,0,73.56,4.193,129.0444333,8.494,2011,5,May,Q2,18,2011-05,Non-Holiday,0.61233735
42,2011-05-13,603024.75,0,74.04,4.202,129.089,8.494,2011,5,May,Q2,19,2011-05,Non-Holiday,0.60302475
42,2011-05-20,524559.95,0,72.62,3.99,129.0756774,8.494,2011,5,May,Q2,20,2011-05,Non-Holiday,0.52455995
42,2011-05-27,503295.29,0,78.62,3.933,129.0623548,8.494,2011,5,May,Q2,21,2011-05,Non-Holiday,0.50329529
42,2011-06-03,545109.3,0,81.87,3.893,129.0490323,8.494,2011,6,June,Q2,22,2011-06,Non-Holiday,0.5451093
42,2011-06-10,616701.99,0,84.57,3.981,129.0357097,8.494,2011,6,June,Q2,23,2011-06,Non-Holiday,0.61670199
42,2011-06-17,546675.65,0,87.96,3.935,129.0432,8.494,2011,6,June,Q2,24,2011-06,Non-Holiday,0.5466756500000001
42,2011-06-24,501780.66,0,90.69,3.807,129.0663,8.494,2011,6,June,Q2,25,2011-06,Non-Holiday,0.50178066
42,2011-07-01,506343.83,0,95.36,3.842,129.0894,8.257,2011,7,July,Q3,26,2011-07,Non-Holiday,0.50634383
42,2011-07-08,593234.27,0,88.57,3.793,129.1125,8.257,2011,7,July,Q3,27,2011-07,Non-Holiday,0.5932342700000001
42,2011-07-15,591703.82,0,86.01,3.779,129.1338387,8.257,2011,7,July,Q3,28,2011-07,Non-Holiday,0.59170382
42,2011-07-22,511316.29,0,88.59,3.697,129.1507742,8.257,2011,7,July,Q3,29,2011-07,Non-Holiday,0.51131629
42,2011-07-29,479256.8,0,86.75,3.694,129.1677097,8.257,2011,7,July,Q3,30,2011-07,Non-Holiday,0.4792568
42,2011-08-05,572603.33,0,89.8,3.803,129.1846452,8.257,2011,8,August,Q3,31,2011-08,Non-Holiday,0.57260333
42,2011-08-12,603147.26,0,85.61,3.794,129.2015806,8.257,2011,8,August,Q3,32,2011-08,Non-Holiday,0.60314726
42,2011-08-19,526641.23,0,87.4,3.743,129.2405806,8.257,2011,8,August,Q3,33,2011-08,Non-Holiday,0.52664123
42,2011-08-26,503720.98,0,91.59,3.663,129.2832581,8.257,2011,8,August,Q3,34,2011-08,Non-Holiday,0.50372098
42,2011-09-02,537124.76,0,91.61,3.798,129.3259355,8.257,2011,9,September,Q3,35,2011-09,Non-Holiday,0.53712476
42,2011-09-09,608390.94,1,89.06,3.771,129.3686129,8.257,2011,9,September,Q3,36,2011-09,Holiday,0.6083909399999999
42,2011-09-16,576837.09,0,77.49,3.784,129.4306,8.257,2011,9,September,Q3,37,2011-09,Non-Holiday,0.5768370899999999
42,2011-09-23,528486.45,0,82.51,3.789,129.5183333,8.257,2011,9,September,Q3,38,2011-09,Non-Holiday,0.5284864499999999
42,2011-09-30,510243.79,0,82.27,3.877,129.6060667,8.257,2011,9,September,Q3,39,2011-09,Non-Holiday,0.51024379
42,2011-10-07,649111.23,0,75.01,3.827,129.6938,7.874,2011,10,October,Q4,40,2011-10,Non-Holiday,0.6491112299999999
42,2011-10-14,613531.11,0,70.27,3.698,129.7706452,7.874,2011,10,October,Q4,41,2011-10,Non-Holiday,0.6135311099999999
42,2011-10-21,537276.41,0,77.91,3.842,129.7821613,7.874,2011,10,October,Q4,42,2011-10,Non-Holiday,0.53727641
42,2011-10-28,515599.7,0,72.79,3.843,129.7936774,7.874,2011,10,October,Q4,43,2011-10,Non-Holiday,0.5155997
42,2011-11-04,597667.21,0,68.57,3.828,129.8051935,7.874,2011,11,November,Q4,44,2011-11,Non-Holiday,0.59766721
42,2011-11-11,643125.29,0,55.28,3.677,129.8167097,7.874,2011,11,November,Q4,45,2011-11,Non-Holiday,0.6431252900000001
42,2011-11-18,567673.87,0,58.97,3.669,129.8268333,7.874,2011,11,November,Q4,46,2011-11,Non-Holiday,0.56767387
42,2011-11-25,577698.37,1,60.68,3.76,129.8364,7.874,2011,11,November,Q4,47,2011-11,Holiday,0.57769837
42,2011-12-02,511883.36,0,57.29,3.701,129.8459667,7.874,2011,12,December,Q4,48,2011-12,Non-Holiday,0.51188336
42,2011-12-09,619133.48,0,42.58,3.644,129.8555333,7.874,2011,12,December,Q4,49,2011-12,Non-Holiday,0.61913348
42,2011-12-16,598437.98,0,50.53,3.489,129.8980645,7.874,2011,12,December,Q4,50,2011-12,Non-Holiday,0.59843798
42,2011-12-23,575676.13,0,48.36,3.541,129.9845484,7.874,2011,12,December,Q4,51,2011-12,Non-Holiday,0.57567613
42,2011-12-30,454412.28,1,48.92,3.428,130.0710323,7.874,2011,12,December,Q4,52,2011-12,Holiday,0.45441228
42,2012-01-06,636372.37,0,59.85,3.443,130.1575161,7.545,2012,1,January,Q1,1,2012-01,Non-Holiday,0.63637237
42,2012-01-13,664348.2,0,51.0,3.477,130.244,7.545,2012,1,January,Q1,2,2012-01,Non-Holiday,0.6643481999999999
42,2012-01-20,579499.93,0,54.51,3.66,130.2792258,7.545,2012,1,January,Q1,3,2012-01,Non-Holiday,0.57949993
42,2012-01-27,538978.67,0,53.59,3.675,130.3144516,7.545,2012,1,January,Q1,4,2012-01,Non-Holiday,0.53897867
42,2012-02-03,588448.21,0,56.85,3.543,130.3496774,7.545,2012,2,February,Q1,5,2012-02,Non-Holiday,0.5884482099999999
42,2012-02-10,674919.45,1,55.73,3.722,130.3849032,7.545,2012,2,February,Q1,6,2012-02,Holiday,0.67491945
42,2012-02-17,606671.5,0,54.12,3.781,130.4546207,7.545,2012,2,February,Q1,7,2012-02,Non-Holiday,0.6066715
42,2012-02-24,564304.15,0,56.02,3.95,130.5502069,7.545,2012,2,February,Q1,8,2012-02,Non-Holiday,0.56430415
42,2012-03-02,585895.34,0,57.62,3.882,130.6457931,7.545,2012,3,March,Q1,9,2012-03,Non-Holiday,0.58589534
42,2012-03-09,659816.15,0,57.65,3.963,130.7413793,7.545,2012,3,March,Q1,10,2012-03,Non-Holiday,0.65981615
42,2012-03-16,618767.26,0,62.11,4.273,130.8261935,7.545,2012,3,March,Q1,11,2012-03,Non-Holiday,0.61876726
42,2012-03-23,561226.38,0,56.54,4.288,130.8966452,7.545,2012,3,March,Q1,12,2012-03,Non-Holiday,0.56122638
42,2012-03-30,544408.14,0,67.92,4.294,130.9670968,7.545,2012,3,March,Q1,13,2012-03,Non-Holiday,0.54440814
42,2012-04-06,652312.11,0,65.99,4.282,131.0375484,7.382,2012,4,April,Q2,14,2012-04,Non-Holiday,0.65231211
42,2012-04-13,639123.45,0,70.28,4.254,131.108,7.382,2012,4,April,Q2,15,2012-04,Non-Holiday,0.6391234499999999
42,2012-04-20,552529.23,0,67.75,4.111,131.1173333,7.382,2012,4,April,Q2,16,2012-04,Non-Holiday,0.55252923
42,2012-04-27,526625.49,0,80.11,4.088,131.1266667,7.382,2012,4,April,Q2,17,2012-04,Non-Holiday,0.52662549
42,2012-05-04,609274.89,0,77.02,4.058,131.136,7.382,2012,5,May,Q2,18,2012-05,Non-Holiday,0.60927489
42,2012-05-11,643603.69,0,76.03,4.186,131.1453333,7.382,2012,5,May,Q2,19,2012-05,Non-Holiday,0.64360369
42,2012-05-18,590636.38,0,85.19,4.308,131.0983226,7.382,2012,5,May,Q2,20,2012-05,Non-Holiday,0.59063638
42,2012-05-25,535764.58,0,86.03,4.127,131.0287742,7.382,2012,5,May,Q2,21,2012-05,Non-Holiday,0.5357645799999999
42,2012-06-01,521953.78,0,80.06,4.277,130.9592258,7.382,2012,6,June,Q2,22,2012-06,Non-Holiday,0.52195378
42,2012-06-08,642671.48,0,86.87,4.103,130.8896774,7.382,2012,6,June,Q2,23,2012-06,Non-Holiday,0.64267148
42,2012-06-15,606309.13,0,88.58,4.144,130.8295333,7.382,2012,6,June,Q2,24,2012-06,Non-Holiday,0.60630913
42,2012-06-22,540031.29,0,89.92,4.014,130.7929,7.382,2012,6,June,Q2,25,2012-06,Non-Holiday,0.54003129
42,2012-06-29,507403.77,0,91.36,3.875,130.7562667,7.382,2012,6,June,Q2,26,2012-06,Non-Holiday,0.50740377
42,2012-07-06,618702.09,0,86.87,3.666,130.7196333,7.17,2012,7,July,Q3,27,2012-07,Non-Holiday,0.61870209
42,2012-07-13,628099.08,0,89.8,3.723,130.683,7.17,2012,7,July,Q3,28,2012-07,Non-Holiday,0.6280990799999999
42,2012-07-20,530318.39,0,84.45,3.589,130.7012903,7.17,2012,7,July,Q3,29,2012-07,Non-Holiday,0.53031839
42,2012-07-27,516352.21,0,83.98,3.769,130.7195806,7.17,2012,7,July,Q3,30,2012-07,Non-Holiday,0.51635221
42,2012-08-03,573084.71,0,84.76,3.595,130.737871,7.17,2012,8,August,Q3,31,2012-08,Non-Holiday,0.5730847099999999
42,2012-08-10,576620.31,0,90.78,3.811,130.7561613,7.17,2012,8,August,Q3,32,2012-08,Non-Holiday,0.57662031
42,2012-08-17,575997.78,0,88.83,4.002,130.7909677,7.17,2012,8,August,Q3,33,2012-08,Non-Holiday,0.57599778
42,2012-08-24,535537.03,0,82.5,4.055,130.8381613,7.17,2012,8,August,Q3,34,2012-08,Non-Holiday,0.5355370300000001
42,2012-08-31,504760.57,0,86.97,3.886,130.8853548,7.17,2012,8,August,Q3,35,2012-08,Non-Holiday,0.50476057
42,2012-09-07,617405.35,1,83.07,4.124,130.9325484,7.17,2012,9,September,Q3,36,2012-09,Holiday,0.61740535
42,2012-09-14,586737.66,0,78.47,3.966,130.9776667,7.17,2012,9,September,Q3,37,2012-09,Non-Holiday,0.58673766
42,2012-09-21,527165.7,0,81.93,4.125,131.0103333,7.17,2012,9,September,Q3,38,2012-09,Non-Holiday,0.5271657
42,2012-09-28,505978.46,0,82.52,3.966,131.043,7.17,2012,9,September,Q3,39,2012-09,Non-Holiday,0.50597846
42,2012-10-05,593162.53,0,80.88,4.132,131.0756667,6.943,2012,10,October,Q4,40,2012-10,Non-Holiday,0.5931625300000001
42,2012-10-12,612379.9,0,76.03,4.468,131.1083333,6.943,2012,10,October,Q4,41,2012-10,Non-Holiday,0.6123799
42,2012-10-19,541406.98,0,72.71,4.449,131.1499677,6.943,2012,10,October,Q4,42,2012-10,Non-Holiday,0.54140698
42,2012-10-26,514756.08,0,70.5,4.301,131.1930968,6.943,2012,10,October,Q4,43,2012-10,Non-Holiday,0.5147560800000001
43,2010-02-05,647029.28,0,47.31,2.572,203.0642742,9.521,2010,2,February,Q1,5,2010-02,Non-Holiday,0.64702928
43,2010-02-12,682918.99,1,47.99,2.548,203.2010968,9.521,2010,2,February,Q1,6,2010-02,Holiday,0.68291899
43,2010-02-19,658997.55,0,48.77,2.514,203.2479796,9.521,2010,2,February,Q1,7,2010-02,Non-Holiday,0.65899755
43,2010-02-26,618702.79,0,48.77,2.561,203.2798724,9.521,2010,2,February,Q1,8,2010-02,Non-Holiday,0.6187027900000001
43,2010-03-05,658600.05,0,52.89,2.625,203.3117653,9.521,2010,3,March,Q1,9,2010-03,Non-Holiday,0.65860005
43,2010-03-12,645386.94,0,53.67,2.667,203.3436582,9.521,2010,3,March,Q1,10,2010-03,Non-Holiday,0.64538694
43,2010-03-19,668098.49,0,56.0,2.72,203.195159,9.521,2010,3,March,Q1,11,2010-03,Non-Holiday,0.66809849
43,2010-03-26,623097.93,0,54.53,2.732,203.0165945,9.521,2010,3,March,Q1,12,2010-03,Non-Holiday,0.62309793
43,2010-04-02,650102.8,0,62.19,2.719,202.83803,9.593,2010,4,April,Q2,13,2010-04,Non-Holiday,0.6501028000000001
43,2010-04-09,693058.34,0,64.37,2.77,202.6594654,9.593,2010,4,April,Q2,14,2010-04,Non-Holiday,0.69305834
43,2010-04-16,675282.2,0,69.46,2.808,202.5351571,9.593,2010,4,April,Q2,15,2010-04,Non-Holiday,0.6752821999999999
43,2010-04-23,638957.35,0,62.71,2.795,202.4831905,9.593,2010,4,April,Q2,16,2010-04,Non-Holiday,0.63895735
43,2010-04-30,630740.11,0,66.91,2.78,202.4312238,9.593,2010,4,April,Q2,17,2010-04,Non-Holiday,0.63074011
43,2010-05-07,691498.6,0,67.16,2.835,202.3792571,9.593,2010,5,May,Q2,18,2010-05,Non-Holiday,0.6914986
43,2010-05-14,690851.59,0,72.14,2.854,202.3705092,9.593,2010,5,May,Q2,19,2010-05,Non-Holiday,0.69085159
43,2010-05-21,672062.08,0,74.74,2.826,202.6210737,9.593,2010,5,May,Q2,20,2010-05,Non-Holiday,0.67206208
43,2010-05-28,630315.76,0,78.59,2.759,202.8716382,9.593,2010,5,May,Q2,21,2010-05,Non-Holiday,0.63031576
43,2010-06-04,682012.53,0,82.76,2.705,203.1222028,9.593,2010,6,June,Q2,22,2010-06,Non-Holiday,0.6820125300000001
43,2010-06-11,684023.95,0,88.12,2.668,203.3727673,9.593,2010,6,June,Q2,23,2010-06,Non-Holiday,0.6840239499999999
43,2010-06-18,700009.77,0,84.9,2.637,203.370619,9.593,2010,6,June,Q2,24,2010-06,Non-Holiday,0.70000977
43,2010-06-25,625196.14,0,88.48,2.653,203.2673857,9.593,2010,6,June,Q2,25,2010-06,Non-Holiday,0.62519614
43,2010-07-02,667353.79,0,80.17,2.669,203.1641524,9.816,2010,7,July,Q3,26,2010-07,Non-Holiday,0.6673537900000001
43,2010-07-09,718748.33,0,81.52,2.642,203.060919,9.816,2010,7,July,Q3,27,2010-07,Non-Holiday,0.7187483299999999
43,2010-07-16,696844.36,0,84.17,2.623,203.0538548,9.816,2010,7,July,Q3,28,2010-07,Non-Holiday,0.6968443599999999
43,2010-07-23,649035.55,0,86.6,2.608,203.1750161,9.816,2010,7,July,Q3,29,2010-07,Non-Holiday,0.64903555
43,2010-07-30,622112.23,0,79.79,2.64,203.2961774,9.816,2010,7,July,Q3,30,2010-07,Non-Holiday,0.6221122299999999
43,2010-08-06,698536.06,0,84.66,2.627,203.4173387,9.816,2010,8,August,Q3,31,2010-08,Non-Holiday,0.69853606
43,2010-08-13,713479.91,0,86.31,2.692,203.5385,9.816,2010,8,August,Q3,32,2010-08,Non-Holiday,0.71347991
43,2010-08-20,712869.09,0,85.26,2.664,203.5092419,9.816,2010,8,August,Q3,33,2010-08,Non-Holiday,0.71286909
43,2010-08-27,655284.69,0,80.32,2.619,203.4799839,9.816,2010,8,August,Q3,34,2010-08,Non-Holiday,0.6552846899999999
43,2010-09-03,689326.91,0,80.43,2.577,203.4507258,9.816,2010,9,September,Q3,35,2010-09,Non-Holiday,0.68932691
43,2010-09-10,722120.04,1,81.32,2.565,203.4214677,9.816,2010,9,September,Q3,36,2010-09,Holiday,0.7221200400000001
43,2010-09-17,725043.04,0,78.86,2.582,203.4499286,9.816,2010,9,September,Q3,37,2010-09,Non-Holiday,0.7250430400000001
43,2010-09-24,650263.95,0,77.42,2.624,203.5216786,9.816,2010,9,September,Q3,38,2010-09,Non-Holiday,0.6502639499999999
43,2010-10-01,657108.77,0,77.93,2.603,203.5934286,10.21,2010,10,October,Q4,39,2010-10,Non-Holiday,0.65710877
43,2010-10-08,713332.54,0,72.81,2.633,203.6651786,10.21,2010,10,October,Q4,40,2010-10,Non-Holiday,0.71333254
43,2010-10-15,699852.68,0,68.78,2.72,203.7299032,10.21,2010,10,October,Q4,41,2010-10,Non-Holiday,0.69985268
43,2010-10-22,680943.03,0,69.46,2.725,203.7770645,10.21,2010,10,October,Q4,42,2010-10,Non-Holiday,0.68094303
43,2010-10-29,610076.32,0,65.88,2.716,203.8242258,10.21,2010,10,October,Q4,43,2010-10,Non-Holiday,0.6100763199999999
43,2010-11-05,605960.2,0,62.52,2.689,203.8713871,10.21,2010,11,November,Q4,44,2010-11,Non-Holiday,0.6059602
43,2010-11-12,595421.23,0,59.98,2.728,203.9185484,10.21,2010,11,November,Q4,45,2010-11,Non-Holiday,0.59542123
43,2010-11-19,589467.35,0,54.96,2.771,203.8191286,10.21,2010,11,November,Q4,46,2010-11,Non-Holiday,0.58946735
43,2010-11-26,633520.34,1,54.76,2.735,203.6952786,10.21,2010,11,November,Q4,47,2010-11,Holiday,0.63352034
43,2010-12-03,557543.62,0,44.56,2.708,203.5714286,10.21,2010,12,December,Q4,48,2010-12,Non-Holiday,0.55754362
43,2010-12-10,598679.02,0,52.52,2.843,203.4475786,10.21,2010,12,December,Q4,49,2010-12,Non-Holiday,0.5986790200000001
43,2010-12-17,615761.77,0,56.51,2.869,203.3996521,10.21,2010,12,December,Q4,50,2010-12,Non-Holiday,0.61576177
43,2010-12-24,656637.63,0,57.15,2.886,203.4086682,10.21,2010,12,December,Q4,51,2010-12,Non-Holiday,0.65663763
43,2010-12-31,534740.3,1,48.61,2.943,203.4176843,10.21,2010,12,December,Q4,52,2010-12,Holiday,0.5347403000000001
43,2011-01-07,611796.61,0,40.47,2.976,203.4267005,10.398,2011,1,January,Q1,1,2011-01,Non-Holiday,0.61179661
43,2011-01-14,614940.07,0,43.45,2.983,203.4840645,10.398,2011,1,January,Q1,2,2011-01,Non-Holiday,0.61494007
43,2011-01-21,601004.79,0,53.05,3.016,203.8315161,10.398,2011,1,January,Q1,3,2011-01,Non-Holiday,0.6010047900000001
43,2011-01-28,562558.27,0,44.98,3.01,204.1789677,10.398,2011,1,January,Q1,4,2011-01,Non-Holiday,0.56255827
43,2011-02-04,651521.77,0,33.21,2.989,204.5264194,10.398,2011,2,February,Q1,5,2011-02,Non-Holiday,0.65152177
43,2011-02-11,635650.98,1,40.65,3.022,204.873871,10.398,2011,2,February,Q1,6,2011-02,Holiday,0.63565098
43,2011-02-18,626627.77,0,59.15,3.045,205.1683214,10.398,2011,2,February,Q1,7,2011-02,Non-Holiday,0.62662777
43,2011-02-25,592340.01,0,58.37,3.065,205.4415714,10.398,2011,2,February,Q1,8,2011-02,Non-Holiday,0.59234001
43,2011-03-04,616345.25,0,60.26,3.288,205.7148214,10.398,2011,3,March,Q1,9,2011-03,Non-Holiday,0.61634525
43,2011-03-11,629026.75,0,60.24,3.459,205.9880714,10.398,2011,3,March,Q1,10,2011-03,Non-Holiday,0.62902675
43,2011-03-18,635171.05,0,68.98,3.488,206.225924,10.398,2011,3,March,Q1,11,2011-03,Non-Holiday,0.6351710500000001
43,2011-03-25,585989.1,0,65.53,3.473,206.4496175,10.398,2011,3,March,Q1,12,2011-03,Non-Holiday,0.5859890999999999
43,2011-04-01,611585.54,0,67.79,3.524,206.6733111,10.581,2011,4,April,Q2,13,2011-04,Non-Holiday,0.61158554
43,2011-04-08,650418.75,0,70.35,3.622,206.8970046,10.581,2011,4,April,Q2,14,2011-04,Non-Holiday,0.65041875
43,2011-04-15,635758.03,0,65.01,3.743,207.1015429,10.581,2011,4,April,Q2,15,2011-04,Non-Holiday,0.63575803
43,2011-04-22,638280.67,0,74.49,3.807,207.2581929,10.581,2011,4,April,Q2,16,2011-04,Non-Holiday,0.63828067
43,2011-04-29,611464.21,0,71.34,3.81,207.4148429,10.581,2011,4,April,Q2,17,2011-04,Non-Holiday,0.61146421
43,2011-05-06,649148.74,0,66.77,3.906,207.5714929,10.581,2011,5,May,Q2,18,2011-05,Non-Holiday,0.64914874
43,2011-05-13,684655.91,0,76.03,3.899,207.7281429,10.581,2011,5,May,Q2,19,2011-05,Non-Holiday,0.68465591
43,2011-05-20,648330.18,0,74.21,3.907,207.5200622,10.581,2011,5,May,Q2,20,2011-05,Non-Holiday,0.6483301800000001
43,2011-05-27,578209.63,0,80.89,3.786,207.3119816,10.581,2011,5,May,Q2,21,2011-05,Non-Holiday,0.57820963
43,2011-06-03,630972.15,0,83.49,3.699,207.1039009,10.581,2011,6,June,Q2,22,2011-06,Non-Holiday,0.6309721500000001
43,2011-06-10,643041.71,0,85.81,3.648,206.8958203,10.581,2011,6,June,Q2,23,2011-06,Non-Holiday,0.64304171
43,2011-06-17,665781.74,0,88.49,3.637,206.8560238,10.581,2011,6,June,Q2,24,2011-06,Non-Holiday,0.66578174
43,2011-06-24,604925.08,0,88.3,3.594,206.9424405,10.581,2011,6,June,Q2,25,2011-06,Non-Holiday,0.60492508
43,2011-07-01,586781.78,0,91.36,3.524,207.0288571,10.641,2011,7,July,Q3,26,2011-07,Non-Holiday,0.58678178
43,2011-07-08,651147.83,0,87.02,3.48,207.1152738,10.641,2011,7,July,Q3,27,2011-07,Non-Holiday,0.65114783
43,2011-07-15,631827.38,0,84.67,3.575,207.1940691,10.641,2011,7,July,Q3,28,2011-07,Non-Holiday,0.63182738
43,2011-07-22,597354.39,0,88.58,3.651,207.2538111,10.641,2011,7,July,Q3,29,2011-07,Non-Holiday,0.59735439
43,2011-07-29,533917.52,0,83.43,3.682,207.313553,10.641,2011,7,July,Q3,30,2011-07,Non-Holiday,0.53391752
43,2011-08-05,605956.59,0,87.47,3.684,207.3732949,10.641,2011,8,August,Q3,31,2011-08,Non-Holiday,0.60595659
43,2011-08-12,595626.56,0,86.64,3.638,207.4330369,10.641,2011,8,August,Q3,32,2011-08,Non-Holiday,0.59562656
43,2011-08-19,663396.32,0,82.08,3.554,207.4953088,10.641,2011,8,August,Q3,33,2011-08,Non-Holiday,0.6633963199999999
43,2011-08-26,561573.08,0,87.43,3.523,207.5580023,10.641,2011,8,August,Q3,34,2011-08,Non-Holiday,0.56157308
43,2011-09-02,594224.9,0,87.84,3.533,207.6206959,10.641,2011,9,September,Q3,35,2011-09,Non-Holiday,0.5942249000000001
43,2011-09-09,649128.23,1,79.29,3.546,207.6833894,10.641,2011,9,September,Q3,36,2011-09,Holiday,0.64912823
43,2011-09-16,618877.13,0,77.17,3.526,207.8527143,10.641,2011,9,September,Q3,37,2011-09,Non-Holiday,0.61887713
43,2011-09-23,586108.13,0,78.98,3.467,208.1642143,10.641,2011,9,September,Q3,38,2011-09,Non-Holiday,0.58610813
43,2011-09-30,555183.72,0,78.97,3.355,208.4757143,10.641,2011,9,September,Q3,39,2011-09,Non-Holiday,0.5551837199999999
43,2011-10-07,642828.62,0,74.17,3.285,208.7872143,10.148,2011,10,October,Q4,40,2011-10,Non-Holiday,0.64282862
43,2011-10-14,590984.56,0,68.09,3.274,209.0752166,10.148,2011,10,October,Q4,41,2011-10,Non-Holiday,0.5909845600000001
43,2011-10-21,594625.96,0,70.3,3.353,209.2222327,10.148,2011,10,October,Q4,42,2011-10,Non-Holiday,0.59462596
43,2011-10-28,572516.57,0,66.82,3.372,209.3692488,10.148,2011,10,October,Q4,43,2011-10,Non-Holiday,0.57251657
43,2011-11-04,641905.37,0,59.08,3.332,209.516265,10.148,2011,11,November,Q4,44,2011-11,Non-Holiday,0.64190537
43,2011-11-11,615975.5,0,51.26,3.297,209.6632811,10.148,2011,11,November,Q4,45,2011-11,Non-Holiday,0.6159755
43,2011-11-18,628115.61,0,57.75,3.308,209.8651071,10.148,2011,11,November,Q4,46,2011-11,Non-Holiday,0.6281156099999999
43,2011-11-25,669965.22,1,55.7,3.236,210.0888571,10.148,2011,11,November,Q4,47,2011-11,Holiday,0.6699652199999999
43,2011-12-02,585028.26,0,47.49,3.172,210.3126071,10.148,2011,12,December,Q4,48,2011-12,Non-Holiday,0.58502826
43,2011-12-09,617898.07,0,34.23,3.158,210.5363571,10.148,2011,12,December,Q4,49,2011-12,Non-Holiday,0.61789807
43,2011-12-16,665007.08,0,43.78,3.159,210.7365392,10.148,2011,12,December,Q4,50,2011-12,Non-Holiday,0.66500708
43,2011-12-23,676290.46,0,42.63,3.112,210.9052972,10.148,2011,12,December,Q4,51,2011-12,Non-Holiday,0.6762904599999999
43,2011-12-30,505405.85,1,41.83,3.129,211.0740553,10.148,2011,12,December,Q4,52,2011-12,Holiday,0.5054058499999999
43,2012-01-06,670993.01,0,47.59,3.157,211.2428134,9.653,2012,1,January,Q1,1,2012-01,Non-Holiday,0.67099301
43,2012-01-13,663529.64,0,43.68,3.261,211.4115714,9.653,2012,1,January,Q1,2,2012-01,Non-Holiday,0.66352964
43,2012-01-20,619225.65,0,52.72,3.268,211.4997811,9.653,2012,1,January,Q1,3,2012-01,Non-Holiday,0.6192256500000001
43,2012-01-27,587685.38,0,52.1,3.29,211.5879908,9.653,2012,1,January,Q1,4,2012-01,Non-Holiday,0.58768538
43,2012-02-03,629176.71,0,51.92,3.36,211.6762005,9.653,2012,2,February,Q1,5,2012-02,Non-Holiday,0.62917671
43,2012-02-10,662198.65,1,46.54,3.409,211.7644101,9.653,2012,2,February,Q1,6,2012-02,Holiday,0.66219865
43,2012-02-17,660632.05,0,49.38,3.51,211.916835,9.653,2012,2,February,Q1,7,2012-02,Non-Holiday,0.66063205
43,2012-02-24,613042.97,0,53.53,3.555,212.1174212,9.653,2012,2,February,Q1,8,2012-02,Non-Holiday,0.61304297
43,2012-03-02,693249.98,0,56.43,3.63,212.3180074,9.653,2012,3,March,Q1,9,2012-03,Non-Holiday,0.6932499799999999
43,2012-03-09,636677.67,0,54.52,3.669,212.5185936,9.653,2012,3,March,Q1,10,2012-03,Non-Holiday,0.6366776700000001
43,2012-03-16,661707.02,0,57.88,3.734,212.6651567,9.653,2012,3,March,Q1,11,2012-03,Non-Holiday,0.66170702
43,2012-03-23,610940.94,0,56.28,3.787,212.7396889,9.653,2012,3,March,Q1,12,2012-03,Non-Holiday,0.61094094
43,2012-03-30,623258.4,0,69.88,3.845,212.8142212,9.653,2012,3,March,Q1,13,2012-03,Non-Holiday,0.6232584
43,2012-04-06,658468.27,0,64.7,3.891,212.8887535,9.575,2012,4,April,Q2,14,2012-04,Non-Holiday,0.65846827
43,2012-04-13,665687.92,0,70.18,3.891,212.9632857,9.575,2012,4,April,Q2,15,2012-04,Non-Holiday,0.66568792
43,2012-04-20,638144.98,0,67.28,3.877,213.0130524,9.575,2012,4,April,Q2,16,2012-04,Non-Holiday,0.63814498
43,2012-04-27,593138.59,0,78.27,3.814,213.062819,9.575,2012,4,April,Q2,17,2012-04,Non-Holiday,0.59313859
43,2012-05-04,637964.2,0,77.47,3.749,213.1125857,9.575,2012,5,May,Q2,18,2012-05,Non-Holiday,0.6379642
43,2012-05-11,640159.04,0,67.59,3.688,213.1623524,9.575,2012,5,May,Q2,19,2012-05,Non-Holiday,0.64015904
43,2012-05-18,648541.81,0,72.06,3.63,213.1753618,9.575,2012,5,May,Q2,20,2012-05,Non-Holiday,0.6485418100000001
43,2012-05-25,597406.39,0,82.41,3.561,213.1736682,9.575,2012,5,May,Q2,21,2012-05,Non-Holiday,0.5974063900000001
43,2012-06-01,605078.62,0,80.89,3.501,213.1719747,9.575,2012,6,June,Q2,22,2012-06,Non-Holiday,0.60507862
43,2012-06-08,643032.51,0,85.73,3.452,213.1702811,9.575,2012,6,June,Q2,23,2012-06,Non-Holiday,0.6430325100000001
43,2012-06-15,634815.1,0,87.75,3.393,213.1786952,9.575,2012,6,June,Q2,24,2012-06,Non-Holiday,0.6348151
43,2012-06-22,613270.79,0,87.51,3.346,213.2123786,9.575,2012,6,June,Q2,25,2012-06,Non-Holiday,0.6132707900000001
43,2012-06-29,593128.13,0,89.85,3.286,213.2460619,9.575,2012,6,June,Q2,26,2012-06,Non-Holiday,0.59312813
43,2012-07-06,645618.59,0,82.68,3.227,213.2797452,9.285,2012,7,July,Q3,27,2012-07,Non-Holiday,0.64561859
43,2012-07-13,627634.04,0,78.82,3.256,213.3134286,9.285,2012,7,July,Q3,28,2012-07,Non-Holiday,0.62763404
43,2012-07-20,596554.05,0,83.83,3.311,213.3219124,9.285,2012,7,July,Q3,29,2012-07,Non-Holiday,0.5965540500000001
43,2012-07-27,572447.52,0,82.01,3.407,213.3303963,9.285,2012,7,July,Q3,30,2012-07,Non-Holiday,0.57244752
43,2012-08-03,614378.94,0,85.06,3.417,213.3388802,9.285,2012,8,August,Q3,31,2012-08,Non-Holiday,0.6143789399999999
43,2012-08-10,643558.78,0,86.36,3.494,213.3473641,9.285,2012,8,August,Q3,32,2012-08,Non-Holiday,0.64355878
43,2012-08-17,640210.85,0,85.66,3.571,213.4226959,9.285,2012,8,August,Q3,33,2012-08,Non-Holiday,0.64021085
43,2012-08-24,598234.64,0,81.65,3.62,213.5481636,9.285,2012,8,August,Q3,34,2012-08,Non-Holiday,0.59823464
43,2012-08-31,593141.29,0,81.12,3.638,213.6736313,9.285,2012,8,August,Q3,35,2012-08,Non-Holiday,0.59314129
43,2012-09-07,663814.18,1,84.99,3.73,213.7990991,9.285,2012,9,September,Q3,36,2012-09,Holiday,0.66381418
43,2012-09-14,625196.94,0,73.03,3.717,213.9332167,9.285,2012,9,September,Q3,37,2012-09,Non-Holiday,0.6251969399999999
43,2012-09-21,601990.02,0,75.87,3.721,214.1192333,9.285,2012,9,September,Q3,38,2012-09,Non-Holiday,0.60199002
43,2012-09-28,577792.32,0,77.55,3.666,214.30525,9.285,2012,9,September,Q3,39,2012-09,Non-Holiday,0.5777923199999999
43,2012-10-05,642614.89,0,74.09,3.617,214.4912667,8.839,2012,10,October,Q4,40,2012-10,Non-Holiday,0.64261489
43,2012-10-12,619369.72,0,71.14,3.601,214.6772833,8.839,2012,10,October,Q4,41,2012-10,Non-Holiday,0.61936972
43,2012-10-19,623919.23,0,71.25,3.594,214.7212488,8.839,2012,10,October,Q4,42,2012-10,Non-Holiday,0.6239192299999999
43,2012-10-26,587603.55,0,69.17,3.506,214.7415392,8.839,2012,10,October,Q4,43,2012-10,Non-Holiday,0.5876035500000001
44,2010-02-05,281090.95,0,31.53,2.666,126.4420645,8.119,2010,2,February,Q1,5,2010-02,Non-Holiday,0.28109095
44,2010-02-12,286857.13,1,33.16,2.671,126.4962581,8.119,2010,2,February,Q1,6,2010-02,Holiday,0.28685713
44,2010-02-19,267956.3,0,35.7,2.654,126.5262857,8.119,2010,2,February,Q1,7,2010-02,Non-Holiday,0.2679563
44,2010-02-26,273079.07,0,29.98,2.667,126.5522857,8.119,2010,2,February,Q1,8,2010-02,Non-Holiday,0.27307907
44,2010-03-05,284617.27,0,40.65,2.681,126.5782857,8.119,2010,3,March,Q1,9,2010-03,Non-Holiday,0.28461727000000003
44,2010-03-12,272190.83,0,37.62,2.733,126.6042857,8.119,2010,3,March,Q1,10,2010-03,Non-Holiday,0.27219083
44,2010-03-19,269624.2,0,42.49,2.782,126.6066452,8.119,2010,3,March,Q1,11,2010-03,Non-Holiday,0.26962420000000004
44,2010-03-26,276279.49,0,41.48,2.819,126.6050645,8.119,2010,3,March,Q1,12,2010-03,Non-Holiday,0.27627949
44,2010-04-02,286197.5,0,42.15,2.842,126.6034839,7.972,2010,4,April,Q2,13,2010-04,Non-Holiday,0.2861975
44,2010-04-09,257361.3,0,38.97,2.877,126.6019032,7.972,2010,4,April,Q2,14,2010-04,Non-Holiday,0.2573613
44,2010-04-16,280048.74,0,50.39,2.915,126.5621,7.972,2010,4,April,Q2,15,2010-04,Non-Holiday,0.28004874
44,2010-04-23,278287.04,0,55.66,2.936,126.4713333,7.972,2010,4,April,Q2,16,2010-04,Non-Holiday,0.27828704
44,2010-04-30,272997.65,0,48.33,2.941,126.3805667,7.972,2010,4,April,Q2,17,2010-04,Non-Holiday,0.27299765000000004
44,2010-05-07,285379.86,0,44.42,2.948,126.2898,7.972,2010,5,May,Q2,18,2010-05,Non-Holiday,0.28537986
44,2010-05-14,286515.92,0,50.15,2.962,126.2085484,7.972,2010,5,May,Q2,19,2010-05,Non-Holiday,0.28651592
44,2010-05-21,267065.35,0,57.71,2.95,126.1843871,7.972,2010,5,May,Q2,20,2010-05,Non-Holiday,0.26706535
44,2010-05-28,291891.01,0,53.11,2.908,126.1602258,7.972,2010,5,May,Q2,21,2010-05,Non-Holiday,0.29189101
44,2010-06-04,282351.82,0,59.85,2.871,126.1360645,7.972,2010,6,June,Q2,22,2010-06,Non-Holiday,0.28235182000000003
44,2010-06-11,296818.2,0,65.24,2.841,126.1119032,7.972,2010,6,June,Q2,23,2010-06,Non-Holiday,0.29681820000000003
44,2010-06-18,293481.36,0,58.41,2.819,126.114,7.972,2010,6,June,Q2,24,2010-06,Non-Holiday,0.29348135999999997
44,2010-06-25,288247.24,0,71.83,2.82,126.1266,7.972,2010,6,June,Q2,25,2010-06,Non-Holiday,0.28824724
44,2010-07-02,300628.19,0,78.82,2.814,126.1392,7.804,2010,7,July,Q3,26,2010-07,Non-Holiday,0.30062819
44,2010-07-09,280472.78,0,71.33,2.802,126.1518,7.804,2010,7,July,Q3,27,2010-07,Non-Holiday,0.28047278000000003
44,2010-07-16,297099.95,0,77.79,2.791,126.1498065,7.804,2010,7,July,Q3,28,2010-07,Non-Holiday,0.29709995
44,2010-07-23,292680.16,0,82.27,2.797,126.1283548,7.804,2010,7,July,Q3,29,2010-07,Non-Holiday,0.29268015999999997
44,2010-07-30,275020.96,0,78.94,2.797,126.1069032,7.804,2010,7,July,Q3,30,2010-07,Non-Holiday,0.27502096000000004
44,2010-08-06,296804.49,0,81.24,2.802,126.0854516,7.804,2010,8,August,Q3,31,2010-08,Non-Holiday,0.29680449
44,2010-08-13,291028.09,0,74.93,2.837,126.064,7.804,2010,8,August,Q3,32,2010-08,Non-Holiday,0.29102809
44,2010-08-20,284740.5,0,76.34,2.85,126.0766452,7.804,2010,8,August,Q3,33,2010-08,Non-Holiday,0.2847405
44,2010-08-27,293155.08,0,75.31,2.854,126.0892903,7.804,2010,8,August,Q3,34,2010-08,Non-Holiday,0.29315508
44,2010-09-03,295880.12,0,65.71,2.868,126.1019355,7.804,2010,9,September,Q3,35,2010-09,Non-Holiday,0.29588011999999997
44,2010-09-10,283455.13,1,65.74,2.87,126.1145806,7.804,2010,9,September,Q3,36,2010-09,Holiday,0.28345513
44,2010-09-17,279364.13,0,66.84,2.875,126.1454667,7.804,2010,9,September,Q3,37,2010-09,Non-Holiday,0.27936413
44,2010-09-24,281313.78,0,68.22,2.872,126.1900333,7.804,2010,9,September,Q3,38,2010-09,Non-Holiday,0.28131378
44,2010-10-01,300152.45,0,68.74,2.853,126.2346,7.61,2010,10,October,Q4,39,2010-10,Non-Holiday,0.30015245
44,2010-10-08,279524.44,0,63.03,2.841,126.2791667,7.61,2010,10,October,Q4,40,2010-10,Non-Holiday,0.27952444
44,2010-10-15,268708.43,0,54.12,2.845,126.3266774,7.61,2010,10,October,Q4,41,2010-10,Non-Holiday,0.26870843
44,2010-10-22,270110.3,0,56.89,2.849,126.3815484,7.61,2010,10,October,Q4,42,2010-10,Non-Holiday,0.27011029999999997
44,2010-10-29,286497.49,0,45.12,2.841,126.4364194,7.61,2010,10,October,Q4,43,2010-10,Non-Holiday,0.28649748999999997
44,2010-11-05,270516.84,0,49.96,2.831,126.4912903,7.61,2010,11,November,Q4,44,2010-11,Non-Holiday,0.27051684000000004
44,2010-11-12,281909.79,0,42.55,2.831,126.5461613,7.61,2010,11,November,Q4,45,2010-11,Non-Holiday,0.28190979
44,2010-11-19,284322.52,0,42.0,2.842,126.6072,7.61,2010,11,November,Q4,46,2010-11,Non-Holiday,0.28432252
44,2010-11-26,307646.5,1,28.22,2.83,126.6692667,7.61,2010,11,November,Q4,47,2010-11,Holiday,0.3076465
44,2010-12-03,264214.12,0,25.8,2.812,126.7313333,7.61,2010,12,December,Q4,48,2010-12,Non-Holiday,0.26421412
44,2010-12-10,278253.28,0,36.78,2.817,126.7934,7.61,2010,12,December,Q4,49,2010-12,Non-Holiday,0.27825328000000005
44,2010-12-17,278646.35,0,35.21,2.842,126.8794839,7.61,2010,12,December,Q4,50,2010-12,Non-Holiday,0.27864635
44,2010-12-24,365098.24,0,34.9,2.846,126.9835806,7.61,2010,12,December,Q4,51,2010-12,Non-Holiday,0.36509824
44,2010-12-31,241937.11,1,26.79,2.868,127.0876774,7.61,2010,12,December,Q4,52,2010-12,Holiday,0.24193710999999998
44,2011-01-07,288320.38,0,16.94,2.891,127.1917742,7.224,2011,1,January,Q1,1,2011-01,Non-Holiday,0.28832038
44,2011-01-14,292859.36,0,20.6,2.903,127.3009355,7.224,2011,1,January,Q1,2,2011-01,Non-Holiday,0.29285936
44,2011-01-21,276157.8,0,34.8,2.934,127.4404839,7.224,2011,1,January,Q1,3,2011-01,Non-Holiday,0.2761578
44,2011-01-28,276011.4,0,31.64,2.96,127.5800323,7.224,2011,1,January,Q1,4,2011-01,Non-Holiday,0.2760114
44,2011-02-04,293953.08,0,23.35,2.974,127.7195806,7.224,2011,2,February,Q1,5,2011-02,Non-Holiday,0.29395308000000003
44,2011-02-11,307486.73,1,30.83,3.034,127.859129,7.224,2011,2,February,Q1,6,2011-02,Holiday,0.30748673
44,2011-02-18,280785.76,0,40.85,3.062,127.99525,7.224,2011,2,February,Q1,7,2011-02,Non-Holiday,0.28078576
44,2011-02-25,279427.93,0,33.17,3.12,128.13,7.224,2011,2,February,Q1,8,2011-02,Non-Holiday,0.27942793
44,2011-03-04,293984.54,0,34.23,3.23,128.26475,7.224,2011,3,March,Q1,9,2011-03,Non-Holiday,0.29398453999999996
44,2011-03-11,284496.14,0,41.28,3.346,128.3995,7.224,2011,3,March,Q1,10,2011-03,Non-Holiday,0.28449614
44,2011-03-18,281699.68,0,44.69,3.407,128.5121935,7.224,2011,3,March,Q1,11,2011-03,Non-Holiday,0.28169968
44,2011-03-25,285031.81,0,42.38,3.435,128.6160645,7.224,2011,3,March,Q1,12,2011-03,Non-Holiday,0.28503181
44,2011-04-01,281514.26,0,42.49,3.487,128.7199355,6.906,2011,4,April,Q2,13,2011-04,Non-Holiday,0.28151426
44,2011-04-08,292498.61,0,42.75,3.547,128.8238065,6.906,2011,4,April,Q2,14,2011-04,Non-Holiday,0.29249861
44,2011-04-15,289667.55,0,41.72,3.616,128.9107333,6.906,2011,4,April,Q2,15,2011-04,Non-Holiday,0.28966755
44,2011-04-22,280357.3,0,47.55,3.655,128.9553,6.906,2011,4,April,Q2,16,2011-04,Non-Holiday,0.2803573
44,2011-04-29,281247.97,0,43.85,3.683,128.9998667,6.906,2011,4,April,Q2,17,2011-04,Non-Holiday,0.28124796999999996
44,2011-05-06,299354.67,0,47.75,3.744,129.0444333,6.906,2011,5,May,Q2,18,2011-05,Non-Holiday,0.29935467
44,2011-05-13,307095.31,0,52.4,3.77,129.089,6.906,2011,5,May,Q2,19,2011-05,Non-Holiday,0.30709531
44,2011-05-20,303559.23,0,52.12,3.802,129.0756774,6.906,2011,5,May,Q2,20,2011-05,Non-Holiday,0.30355922999999996
44,2011-05-27,308442.49,0,54.62,3.778,129.0623548,6.906,2011,5,May,Q2,21,2011-05,Non-Holiday,0.30844249
44,2011-06-03,308950.04,0,52.76,3.752,129.0490323,6.906,2011,6,June,Q2,22,2011-06,Non-Holiday,0.30895004
44,2011-06-10,308770.42,0,61.39,3.732,129.0357097,6.906,2011,6,June,Q2,23,2011-06,Non-Holiday,0.30877042
44,2011-06-17,300255.87,0,63.35,3.704,129.0432,6.906,2011,6,June,Q2,24,2011-06,Non-Holiday,0.30025587
44,2011-06-24,296765.59,0,66.38,3.668,129.0663,6.906,2011,6,June,Q2,25,2011-06,Non-Holiday,0.29676559
44,2011-07-01,315273.08,0,74.29,3.613,129.0894,6.56,2011,7,July,Q3,26,2011-07,Non-Holiday,0.31527308000000004
44,2011-07-08,295339.01,0,77.3,3.563,129.1125,6.56,2011,7,July,Q3,27,2011-07,Non-Holiday,0.29533901
44,2011-07-15,289201.21,0,75.59,3.553,129.1338387,6.56,2011,7,July,Q3,28,2011-07,Non-Holiday,0.28920121000000004
44,2011-07-22,303108.81,0,78.5,3.563,129.1507742,6.56,2011,7,July,Q3,29,2011-07,Non-Holiday,0.30310881
44,2011-07-29,279677.0,0,77.62,3.574,129.1677097,6.56,2011,7,July,Q3,30,2011-07,Non-Holiday,0.279677
44,2011-08-05,298080.45,0,75.56,3.595,129.1846452,6.56,2011,8,August,Q3,31,2011-08,Non-Holiday,0.29808045
44,2011-08-12,290399.66,0,75.95,3.606,129.2015806,6.56,2011,8,August,Q3,32,2011-08,Non-Holiday,0.29039965999999995
44,2011-08-19,290909.69,0,76.68,3.578,129.2405806,6.56,2011,8,August,Q3,33,2011-08,Non-Holiday,0.29090969
44,2011-08-26,324174.79,0,81.53,3.57,129.2832581,6.56,2011,8,August,Q3,34,2011-08,Non-Holiday,0.32417479
44,2011-09-02,309543.52,0,77.0,3.58,129.3259355,6.56,2011,9,September,Q3,35,2011-09,Non-Holiday,0.30954352
44,2011-09-09,295811.25,1,70.19,3.619,129.3686129,6.56,2011,9,September,Q3,36,2011-09,Holiday,0.29581125
44,2011-09-16,303974.28,0,67.54,3.641,129.4306,6.56,2011,9,September,Q3,37,2011-09,Non-Holiday,0.30397428000000004
44,2011-09-23,307409.13,0,63.6,3.648,129.5183333,6.56,2011,9,September,Q3,38,2011-09,Non-Holiday,0.30740913000000003
44,2011-09-30,299757.75,0,68.28,3.623,129.6060667,6.56,2011,9,September,Q3,39,2011-09,Non-Holiday,0.29975775
44,2011-10-07,312577.36,0,60.62,3.592,129.6938,6.078,2011,10,October,Q4,40,2011-10,Non-Holiday,0.31257735999999997
44,2011-10-14,293031.78,0,51.74,3.567,129.7706452,6.078,2011,10,October,Q4,41,2011-10,Non-Holiday,0.29303178
44,2011-10-21,305969.81,0,54.66,3.579,129.7821613,6.078,2011,10,October,Q4,42,2011-10,Non-Holiday,0.30596981
44,2011-10-28,306336.07,0,47.41,3.567,129.7936774,6.078,2011,10,October,Q4,43,2011-10,Non-Holiday,0.30633607
44,2011-11-04,307126.34,0,43.51,3.538,129.8051935,6.078,2011,11,November,Q4,44,2011-11,Non-Holiday,0.30712634000000005
44,2011-11-11,312233.56,0,33.8,3.513,129.8167097,6.078,2011,11,November,Q4,45,2011-11,Non-Holiday,0.31223356
44,2011-11-18,310531.04,0,40.65,3.489,129.8268333,6.078,2011,11,November,Q4,46,2011-11,Non-Holiday,0.31053104
44,2011-11-25,309129.01,1,38.89,3.445,129.8364,6.078,2011,11,November,Q4,47,2011-11,Holiday,0.30912901
44,2011-12-02,284309.34,0,33.94,3.389,129.8459667,6.078,2011,12,December,Q4,48,2011-12,Non-Holiday,0.28430934
44,2011-12-09,304300.91,0,24.82,3.341,129.8555333,6.078,2011,12,December,Q4,49,2011-12,Non-Holiday,0.30430091
44,2011-12-16,311144.16,0,27.85,3.282,129.8980645,6.078,2011,12,December,Q4,50,2011-12,Non-Holiday,0.31114415999999995
44,2011-12-23,376233.89,0,24.76,3.186,129.9845484,6.078,2011,12,December,Q4,51,2011-12,Non-Holiday,0.37623389
44,2011-12-30,263917.85,1,31.53,3.119,130.0710323,6.078,2011,12,December,Q4,52,2011-12,Holiday,0.26391784999999995
44,2012-01-06,325327.93,0,33.8,3.08,130.1575161,5.774,2012,1,January,Q1,1,2012-01,Non-Holiday,0.32532793
44,2012-01-13,312361.88,0,25.61,3.056,130.244,5.774,2012,1,January,Q1,2,2012-01,Non-Holiday,0.31236188
44,2012-01-20,316948.39,0,32.71,3.047,130.2792258,5.774,2012,1,January,Q1,3,2012-01,Non-Holiday,0.31694839
44,2012-01-27,308295.38,0,34.32,3.058,130.3144516,5.774,2012,1,January,Q1,4,2012-01,Non-Holiday,0.30829538
44,2012-02-03,325986.05,0,31.39,3.077,130.3496774,5.774,2012,2,February,Q1,5,2012-02,Non-Holiday,0.32598604999999997
44,2012-02-10,325377.97,1,33.73,3.116,130.3849032,5.774,2012,2,February,Q1,6,2012-02,Holiday,0.32537796999999996
44,2012-02-17,320691.21,0,36.57,3.119,130.4546207,5.774,2012,2,February,Q1,7,2012-02,Non-Holiday,0.32069121
44,2012-02-24,315641.8,0,35.38,3.145,130.5502069,5.774,2012,2,February,Q1,8,2012-02,Non-Holiday,0.3156418
44,2012-03-02,316687.22,0,32.36,3.242,130.6457931,5.774,2012,3,March,Q1,9,2012-03,Non-Holiday,0.31668722
44,2012-03-09,303438.24,0,38.24,3.38,130.7413793,5.774,2012,3,March,Q1,10,2012-03,Non-Holiday,0.30343823999999997
44,2012-03-16,331965.95,0,52.5,3.529,130.8261935,5.774,2012,3,March,Q1,11,2012-03,Non-Holiday,0.33196595
44,2012-03-23,296947.06,0,47.83,3.671,130.8966452,5.774,2012,3,March,Q1,12,2012-03,Non-Holiday,0.29694706
44,2012-03-30,310027.29,0,53.2,3.734,130.9670968,5.774,2012,3,March,Q1,13,2012-03,Non-Holiday,0.31002728999999996
44,2012-04-06,320021.1,0,48.85,3.793,131.0375484,5.621,2012,4,April,Q2,14,2012-04,Non-Holiday,0.3200211
44,2012-04-13,311390.22,0,51.7,3.833,131.108,5.621,2012,4,April,Q2,15,2012-04,Non-Holiday,0.31139022
44,2012-04-20,323233.8,0,50.24,3.845,131.1173333,5.621,2012,4,April,Q2,16,2012-04,Non-Holiday,0.3232338
44,2012-04-27,330338.36,0,64.8,3.842,131.1266667,5.621,2012,4,April,Q2,17,2012-04,Non-Holiday,0.33033836
44,2012-05-04,326053.28,0,54.41,3.831,131.136,5.621,2012,5,May,Q2,18,2012-05,Non-Holiday,0.32605328
44,2012-05-11,341381.08,0,56.47,3.809,131.1453333,5.621,2012,5,May,Q2,19,2012-05,Non-Holiday,0.34138108
44,2012-05-18,334042.43,0,65.17,3.808,131.0983226,5.621,2012,5,May,Q2,20,2012-05,Non-Holiday,0.33404243
44,2012-05-25,343268.29,0,62.39,3.801,131.0287742,5.621,2012,5,May,Q2,21,2012-05,Non-Holiday,0.34326829
44,2012-06-01,323410.94,0,61.11,3.788,130.9592258,5.621,2012,6,June,Q2,22,2012-06,Non-Holiday,0.32341094
44,2012-06-08,340238.38,0,68.4,3.776,130.8896774,5.621,2012,6,June,Q2,23,2012-06,Non-Holiday,0.34023838
44,2012-06-15,338400.82,0,65.97,3.756,130.8295333,5.621,2012,6,June,Q2,24,2012-06,Non-Holiday,0.33840082
44,2012-06-22,336241.0,0,72.89,3.737,130.7929,5.621,2012,6,June,Q2,25,2012-06,Non-Holiday,0.336241
44,2012-06-29,338386.08,0,82.0,3.681,130.7562667,5.621,2012,6,June,Q2,26,2012-06,Non-Holiday,0.33838608000000003
44,2012-07-06,358461.58,0,79.23,3.63,130.7196333,5.407,2012,7,July,Q3,27,2012-07,Non-Holiday,0.35846158
44,2012-07-13,336479.49,0,83.68,3.595,130.683,5.407,2012,7,July,Q3,28,2012-07,Non-Holiday,0.33647949
44,2012-07-20,337819.16,0,75.69,3.556,130.7012903,5.407,2012,7,July,Q3,29,2012-07,Non-Holiday,0.33781915999999995
44,2012-07-27,319855.26,0,80.42,3.537,130.7195806,5.407,2012,7,July,Q3,30,2012-07,Non-Holiday,0.31985526000000003
44,2012-08-03,342385.38,0,81.99,3.512,130.737871,5.407,2012,8,August,Q3,31,2012-08,Non-Holiday,0.34238538
44,2012-08-10,333594.81,0,81.69,3.509,130.7561613,5.407,2012,8,August,Q3,32,2012-08,Non-Holiday,0.33359481
44,2012-08-17,327389.51,0,79.4,3.545,130.7909677,5.407,2012,8,August,Q3,33,2012-08,Non-Holiday,0.32738951
44,2012-08-24,337985.74,0,77.37,3.582,130.8381613,5.407,2012,8,August,Q3,34,2012-08,Non-Holiday,0.33798574
44,2012-08-31,339490.69,0,79.18,3.624,130.8853548,5.407,2012,8,August,Q3,35,2012-08,Non-Holiday,0.33949069
44,2012-09-07,338737.33,1,70.65,3.689,130.9325484,5.407,2012,9,September,Q3,36,2012-09,Holiday,0.33873733
44,2012-09-14,347726.67,0,68.55,3.749,130.9776667,5.407,2012,9,September,Q3,37,2012-09,Non-Holiday,0.34772666999999996
44,2012-09-21,336017.6,0,67.96,3.821,131.0103333,5.407,2012,9,September,Q3,38,2012-09,Non-Holiday,0.33601759999999997
44,2012-09-28,355307.94,0,64.8,3.821,131.043,5.407,2012,9,September,Q3,39,2012-09,Non-Holiday,0.35530794
44,2012-10-05,337390.44,0,61.79,3.815,131.0756667,5.217,2012,10,October,Q4,40,2012-10,Non-Holiday,0.33739044
44,2012-10-12,337796.13,0,55.1,3.797,131.1083333,5.217,2012,10,October,Q4,41,2012-10,Non-Holiday,0.33779613000000003
44,2012-10-19,323766.77,0,52.06,3.781,131.1499677,5.217,2012,10,October,Q4,42,2012-10,Non-Holiday,0.32376677000000004
44,2012-10-26,361067.07,0,46.97,3.755,131.1930968,5.217,2012,10,October,Q4,43,2012-10,Non-Holiday,0.36106707
45,2010-02-05,890689.51,0,27.31,2.784,181.8711898,8.992,2010,2,February,Q1,5,2010-02,Non-Holiday,0.89068951
45,2010-02-12,656988.64,1,27.73,2.773,181.982317,8.992,2010,2,February,Q1,6,2010-02,Holiday,0.65698864
45,2010-02-19,841264.04,0,31.27,2.745,182.0347816,8.992,2010,2,February,Q1,7,2010-02,Non-Holiday,0.84126404
45,2010-02-26,741891.65,0,34.89,2.754,182.0774691,8.992,2010,2,February,Q1,8,2010-02,Non-Holiday,0.74189165
45,2010-03-05,777951.22,0,37.13,2.777,182.1201566,8.992,2010,3,March,Q1,9,2010-03,Non-Holiday,0.7779512199999999
45,2010-03-12,765687.42,0,45.8,2.818,182.1628441,8.992,2010,3,March,Q1,10,2010-03,Non-Holiday,0.76568742
45,2010-03-19,773819.49,0,48.79,2.844,182.0779857,8.992,2010,3,March,Q1,11,2010-03,Non-Holiday,0.7738194899999999
45,2010-03-26,782563.38,0,54.36,2.854,181.9718697,8.992,2010,3,March,Q1,12,2010-03,Non-Holiday,0.78256338
45,2010-04-02,877235.96,0,47.74,2.85,181.8657537,8.899,2010,4,April,Q2,13,2010-04,Non-Holiday,0.8772359599999999
45,2010-04-09,833782.7,0,65.45,2.869,181.7596377,8.899,2010,4,April,Q2,14,2010-04,Non-Holiday,0.8337827
45,2010-04-16,782221.96,0,54.28,2.899,181.6924769,8.899,2010,4,April,Q2,15,2010-04,Non-Holiday,0.78222196
45,2010-04-23,749779.1,0,53.47,2.902,181.6772564,8.899,2010,4,April,Q2,16,2010-04,Non-Holiday,0.7497791
45,2010-04-30,737265.57,0,53.15,2.921,181.6620359,8.899,2010,4,April,Q2,17,2010-04,Non-Holiday,0.7372655699999999
45,2010-05-07,812190.76,0,70.75,2.966,181.6468154,8.899,2010,5,May,Q2,18,2010-05,Non-Holiday,0.81219076
45,2010-05-14,758182.2,0,54.26,2.982,181.6612792,8.899,2010,5,May,Q2,19,2010-05,Non-Holiday,0.7581821999999999
45,2010-05-21,747888.25,0,62.62,2.958,181.8538486,8.899,2010,5,May,Q2,20,2010-05,Non-Holiday,0.74788825
45,2010-05-28,801098.43,0,69.27,2.899,182.0464181,8.899,2010,5,May,Q2,21,2010-05,Non-Holiday,0.80109843
45,2010-06-04,837548.62,0,75.93,2.847,182.2389876,8.899,2010,6,June,Q2,22,2010-06,Non-Holiday,0.83754862
45,2010-06-11,794698.77,0,69.71,2.809,182.4315571,8.899,2010,6,June,Q2,23,2010-06,Non-Holiday,0.79469877
45,2010-06-18,815130.5,0,72.62,2.78,182.4424199,8.899,2010,6,June,Q2,24,2010-06,Non-Holiday,0.8151305
45,2010-06-25,792299.15,0,79.32,2.808,182.3806,8.899,2010,6,June,Q2,25,2010-06,Non-Holiday,0.7922991500000001
45,2010-07-02,800147.84,0,76.61,2.815,182.3187801,8.743,2010,7,July,Q3,26,2010-07,Non-Holiday,0.8001478399999999
45,2010-07-09,787062.0,0,82.45,2.793,182.2569603,8.743,2010,7,July,Q3,27,2010-07,Non-Holiday,0.787062
45,2010-07-16,723708.99,0,77.84,2.783,182.2604411,8.743,2010,7,July,Q3,28,2010-07,Non-Holiday,0.72370899
45,2010-07-23,714601.11,0,81.46,2.771,182.3509895,8.743,2010,7,July,Q3,29,2010-07,Non-Holiday,0.71460111
45,2010-07-30,716859.27,0,79.78,2.781,182.4415378,8.743,2010,7,July,Q3,30,2010-07,Non-Holiday,0.71685927
45,2010-08-06,746517.32,0,77.17,2.784,182.5320862,8.743,2010,8,August,Q3,31,2010-08,Non-Holiday,0.7465173199999999
45,2010-08-13,722262.21,0,78.44,2.805,182.6226346,8.743,2010,8,August,Q3,32,2010-08,Non-Holiday,0.72226221
45,2010-08-20,708568.29,0,76.01,2.779,182.6165205,8.743,2010,8,August,Q3,33,2010-08,Non-Holiday,0.70856829
45,2010-08-27,721744.33,0,71.36,2.755,182.6104063,8.743,2010,8,August,Q3,34,2010-08,Non-Holiday,0.7217443299999999
45,2010-09-03,790144.7,0,78.37,2.715,182.6042922,8.743,2010,9,September,Q3,35,2010-09,Non-Holiday,0.7901446999999999
45,2010-09-10,721460.22,1,70.87,2.699,182.598178,8.743,2010,9,September,Q3,36,2010-09,Holiday,0.72146022
45,2010-09-17,716987.58,0,66.55,2.706,182.622509,8.743,2010,9,September,Q3,37,2010-09,Non-Holiday,0.71698758
45,2010-09-24,678228.58,0,68.59,2.713,182.6696737,8.743,2010,9,September,Q3,38,2010-09,Non-Holiday,0.67822858
45,2010-10-01,690007.76,0,70.58,2.707,182.7168385,8.724,2010,10,October,Q4,39,2010-10,Non-Holiday,0.69000776
45,2010-10-08,745782.1,0,56.49,2.764,182.7640032,8.724,2010,10,October,Q4,40,2010-10,Non-Holiday,0.7457821
45,2010-10-15,715263.3,0,58.61,2.868,182.8106203,8.724,2010,10,October,Q4,41,2010-10,Non-Holiday,0.7152633
45,2010-10-22,730899.37,0,53.15,2.917,182.8558685,8.724,2010,10,October,Q4,42,2010-10,Non-Holiday,0.73089937
45,2010-10-29,732859.76,0,61.3,2.921,182.9011166,8.724,2010,10,October,Q4,43,2010-10,Non-Holiday,0.73285976
45,2010-11-05,764014.06,0,45.65,2.917,182.9463648,8.724,2010,11,November,Q4,44,2010-11,Non-Holiday,0.76401406
45,2010-11-12,765648.93,0,46.14,2.931,182.9916129,8.724,2010,11,November,Q4,45,2010-11,Non-Holiday,0.76564893
45,2010-11-19,723987.85,0,50.02,3.0,182.8989385,8.724,2010,11,November,Q4,46,2010-11,Non-Holiday,0.72398785
45,2010-11-26,1182500.16,1,46.15,3.039,182.7832769,8.724,2010,11,November,Q4,47,2010-11,Holiday,1.18250016
45,2010-12-03,879244.9,0,40.93,3.046,182.6676154,8.724,2010,12,December,Q4,48,2010-12,Non-Holiday,0.8792449
45,2010-12-10,1002364.34,0,30.54,3.109,182.5519538,8.724,2010,12,December,Q4,49,2010-12,Non-Holiday,1.00236434
45,2010-12-17,1123282.85,0,30.51,3.14,182.517732,8.724,2010,12,December,Q4,50,2010-12,Non-Holiday,1.12328285
45,2010-12-24,1682862.03,0,30.59,3.141,182.54459,8.724,2010,12,December,Q4,51,2010-12,Non-Holiday,1.6828620300000001
45,2010-12-31,679156.2,1,29.67,3.179,182.5714479,8.724,2010,12,December,Q4,52,2010-12,Holiday,0.6791562
45,2011-01-07,680254.35,0,34.32,3.193,182.5983058,8.549,2011,1,January,Q1,1,2011-01,Non-Holiday,0.68025435
45,2011-01-14,654018.95,0,24.78,3.205,182.6585782,8.549,2011,1,January,Q1,2,2011-01,Non-Holiday,0.65401895
45,2011-01-21,644285.33,0,30.55,3.229,182.9193368,8.549,2011,1,January,Q1,3,2011-01,Non-Holiday,0.64428533
45,2011-01-28,617207.58,0,24.05,3.237,183.1800955,8.549,2011,1,January,Q1,4,2011-01,Non-Holiday,0.61720758
45,2011-02-04,759442.33,0,28.73,3.231,183.4408542,8.549,2011,2,February,Q1,5,2011-02,Non-Holiday,0.7594423299999999
45,2011-02-11,766456.0,1,30.3,3.239,183.7016129,8.549,2011,2,February,Q1,6,2011-02,Holiday,0.766456
45,2011-02-18,802253.41,0,40.7,3.245,183.9371353,8.549,2011,2,February,Q1,7,2011-02,Non-Holiday,0.8022534100000001
45,2011-02-25,733716.78,0,35.78,3.274,184.1625632,8.549,2011,2,February,Q1,8,2011-02,Non-Holiday,0.7337167800000001
45,2011-03-04,761880.36,0,38.65,3.433,184.3879911,8.549,2011,3,March,Q1,9,2011-03,Non-Holiday,0.76188036
45,2011-03-11,714014.73,0,45.01,3.582,184.613419,8.549,2011,3,March,Q1,10,2011-03,Non-Holiday,0.7140147299999999
45,2011-03-18,733564.77,0,46.66,3.631,184.809719,8.549,2011,3,March,Q1,11,2011-03,Non-Holiday,0.73356477
45,2011-03-25,719737.25,0,41.76,3.625,184.9943679,8.549,2011,3,March,Q1,12,2011-03,Non-Holiday,0.71973725
45,2011-04-01,712425.76,0,37.27,3.638,185.1790167,8.521,2011,4,April,Q2,13,2011-04,Non-Holiday,0.71242576
45,2011-04-08,750182.71,0,48.71,3.72,185.3636656,8.521,2011,4,April,Q2,14,2011-04,Non-Holiday,0.7501827099999999
45,2011-04-15,765270.02,0,53.69,3.821,185.5339821,8.521,2011,4,April,Q2,15,2011-04,Non-Holiday,0.76527002
45,2011-04-22,813630.44,0,53.04,3.892,185.6684673,8.521,2011,4,April,Q2,16,2011-04,Non-Holiday,0.81363044
45,2011-04-29,786561.61,0,66.18,3.962,185.8029526,8.521,2011,4,April,Q2,17,2011-04,Non-Holiday,0.78656161
45,2011-05-06,810150.64,0,58.21,4.046,185.9374378,8.521,2011,5,May,Q2,18,2011-05,Non-Holiday,0.81015064
45,2011-05-13,793889.1,0,60.38,4.066,186.0719231,8.521,2011,5,May,Q2,19,2011-05,Non-Holiday,0.7938891
45,2011-05-20,727163.67,0,62.28,4.062,185.9661154,8.521,2011,5,May,Q2,20,2011-05,Non-Holiday,0.72716367
45,2011-05-27,817653.25,0,69.7,3.985,185.8603077,8.521,2011,5,May,Q2,21,2011-05,Non-Holiday,0.81765325
45,2011-06-03,877423.45,0,76.38,3.922,185.7545,8.521,2011,6,June,Q2,22,2011-06,Non-Holiday,0.87742345
45,2011-06-10,814395.17,0,73.88,3.881,185.6486923,8.521,2011,6,June,Q2,23,2011-06,Non-Holiday,0.8143951700000001
45,2011-06-17,811153.67,0,69.32,3.842,185.6719333,8.521,2011,6,June,Q2,24,2011-06,Non-Holiday,0.81115367
45,2011-06-24,762861.78,0,74.85,3.804,185.7919609,8.521,2011,6,June,Q2,25,2011-06,Non-Holiday,0.76286178
45,2011-07-01,791495.25,0,74.04,3.748,185.9119885,8.625,2011,7,July,Q3,26,2011-07,Non-Holiday,0.79149525
45,2011-07-08,768718.11,0,77.49,3.711,186.032016,8.625,2011,7,July,Q3,27,2011-07,Non-Holiday,0.76871811
45,2011-07-15,748435.2,0,78.47,3.76,186.1399808,8.625,2011,7,July,Q3,28,2011-07,Non-Holiday,0.7484352
45,2011-07-22,741625.25,0,82.33,3.811,186.2177885,8.625,2011,7,July,Q3,29,2011-07,Non-Holiday,0.74162525
45,2011-07-29,704680.97,0,81.31,3.829,186.2955962,8.625,2011,7,July,Q3,30,2011-07,Non-Holiday,0.70468097
45,2011-08-05,765996.92,0,78.22,3.842,186.3734038,8.625,2011,8,August,Q3,31,2011-08,Non-Holiday,0.7659969200000001
45,2011-08-12,724180.89,0,77.0,3.812,186.4512115,8.625,2011,8,August,Q3,32,2011-08,Non-Holiday,0.72418089
45,2011-08-19,712362.72,0,72.98,3.747,186.5093071,8.625,2011,8,August,Q3,33,2011-08,Non-Holiday,0.71236272
45,2011-08-26,833979.01,0,72.55,3.704,186.5641172,8.625,2011,8,August,Q3,34,2011-08,Non-Holiday,0.83397901
45,2011-09-02,726482.39,0,70.63,3.703,186.6189274,8.625,2011,9,September,Q3,35,2011-09,Non-Holiday,0.72648239
45,2011-09-09,746129.56,1,71.48,3.738,186.6737376,8.625,2011,9,September,Q3,36,2011-09,Holiday,0.7461295600000001
45,2011-09-16,711367.56,0,69.17,3.742,186.8024,8.625,2011,9,September,Q3,37,2011-09,Non-Holiday,0.71136756
45,2011-09-23,714106.42,0,63.75,3.711,187.0295321,8.625,2011,9,September,Q3,38,2011-09,Non-Holiday,0.71410642
45,2011-09-30,698986.34,0,70.66,3.645,187.2566641,8.625,2011,9,September,Q3,39,2011-09,Non-Holiday,0.6989863399999999
45,2011-10-07,753447.05,0,55.82,3.583,187.4837962,8.523,2011,10,October,Q4,40,2011-10,Non-Holiday,0.75344705
45,2011-10-14,720946.99,0,63.82,3.541,187.6917481,8.523,2011,10,October,Q4,41,2011-10,Non-Holiday,0.72094699
45,2011-10-21,771686.4,0,59.6,3.57,187.7846197,8.523,2011,10,October,Q4,42,2011-10,Non-Holiday,0.7716864
45,2011-10-28,781694.57,0,51.78,3.569,187.8774913,8.523,2011,10,October,Q4,43,2011-10,Non-Holiday,0.78169457
45,2011-11-04,833429.22,0,43.92,3.551,187.9703629,8.523,2011,11,November,Q4,44,2011-11,Non-Holiday,0.83342922
45,2011-11-11,808624.82,0,47.65,3.53,188.0632345,8.523,2011,11,November,Q4,45,2011-11,Non-Holiday,0.8086248199999999
45,2011-11-18,773603.77,0,51.34,3.53,188.1983654,8.523,2011,11,November,Q4,46,2011-11,Non-Holiday,0.77360377
45,2011-11-25,1170672.94,1,48.71,3.492,188.3504,8.523,2011,11,November,Q4,47,2011-11,Holiday,1.17067294
45,2011-12-02,875699.81,0,50.19,3.452,188.5024346,8.523,2011,12,December,Q4,48,2011-12,Non-Holiday,0.8756998100000001
45,2011-12-09,957155.31,0,46.57,3.415,188.6544692,8.523,2011,12,December,Q4,49,2011-12,Non-Holiday,0.9571553100000001
45,2011-12-16,1078905.68,0,39.93,3.413,188.7979349,8.523,2011,12,December,Q4,50,2011-12,Non-Holiday,1.0789056799999999
45,2011-12-23,1521957.99,0,42.27,3.389,188.9299752,8.523,2011,12,December,Q4,51,2011-12,Non-Holiday,1.52195799
45,2011-12-30,869403.63,1,37.79,3.389,189.0620155,8.523,2011,12,December,Q4,52,2011-12,Holiday,0.86940363
45,2012-01-06,714081.05,0,35.88,3.422,189.1940558,8.424,2012,1,January,Q1,1,2012-01,Non-Holiday,0.71408105
45,2012-01-13,676615.53,0,41.18,3.513,189.3260962,8.424,2012,1,January,Q1,2,2012-01,Non-Holiday,0.6766155300000001
45,2012-01-20,700392.21,0,31.85,3.533,189.4214733,8.424,2012,1,January,Q1,3,2012-01,Non-Holiday,0.70039221
45,2012-01-27,624081.64,0,37.93,3.567,189.5168505,8.424,2012,1,January,Q1,4,2012-01,Non-Holiday,0.62408164
45,2012-02-03,757330.95,0,42.96,3.617,189.6122277,8.424,2012,2,February,Q1,5,2012-02,Non-Holiday,0.75733095
45,2012-02-10,803657.12,1,37.0,3.64,189.7076048,8.424,2012,2,February,Q1,6,2012-02,Holiday,0.80365712
45,2012-02-17,858853.75,0,36.85,3.695,189.8424834,8.424,2012,2,February,Q1,7,2012-02,Non-Holiday,0.85885375
45,2012-02-24,753060.78,0,42.86,3.739,190.0069881,8.424,2012,2,February,Q1,8,2012-02,Non-Holiday,0.75306078
45,2012-03-02,782796.01,0,41.55,3.816,190.1714927,8.424,2012,3,March,Q1,9,2012-03,Non-Holiday,0.78279601
45,2012-03-09,776968.87,0,45.52,3.848,190.3359973,8.424,2012,3,March,Q1,10,2012-03,Non-Holiday,0.77696887
45,2012-03-16,788340.23,0,50.56,3.862,190.4618964,8.424,2012,3,March,Q1,11,2012-03,Non-Holiday,0.78834023
45,2012-03-23,791835.37,0,59.45,3.9,190.5363213,8.424,2012,3,March,Q1,12,2012-03,Non-Holiday,0.79183537
45,2012-03-30,777254.06,0,50.04,3.953,190.6107463,8.424,2012,3,March,Q1,13,2012-03,Non-Holiday,0.7772540600000001
45,2012-04-06,899479.43,0,49.73,3.996,190.6851712,8.567,2012,4,April,Q2,14,2012-04,Non-Holiday,0.8994794300000001
45,2012-04-13,781970.6,0,51.83,4.044,190.7595962,8.567,2012,4,April,Q2,15,2012-04,Non-Holiday,0.7819706
45,2012-04-20,776661.74,0,63.13,4.027,190.8138013,8.567,2012,4,April,Q2,16,2012-04,Non-Holiday,0.77666174
45,2012-04-27,711571.88,0,53.2,4.004,190.8680064,8.567,2012,4,April,Q2,17,2012-04,Non-Holiday,0.71157188
45,2012-05-04,782300.68,0,55.21,3.951,190.9222115,8.567,2012,5,May,Q2,18,2012-05,Non-Holiday,0.7823006800000001
45,2012-05-11,770487.37,0,61.24,3.889,190.9764167,8.567,2012,5,May,Q2,19,2012-05,Non-Holiday,0.77048737
45,2012-05-18,800842.28,0,66.3,3.848,190.9964479,8.567,2012,5,May,Q2,20,2012-05,Non-Holiday,0.80084228
45,2012-05-25,817741.17,0,67.21,3.798,191.0028096,8.567,2012,5,May,Q2,21,2012-05,Non-Holiday,0.81774117
45,2012-06-01,837144.63,0,74.48,3.742,191.0091712,8.567,2012,6,June,Q2,22,2012-06,Non-Holiday,0.8371446300000001
45,2012-06-08,795133.0,0,64.3,3.689,191.0155329,8.567,2012,6,June,Q2,23,2012-06,Non-Holiday,0.795133
45,2012-06-15,821498.18,0,71.93,3.62,191.0299731,8.567,2012,6,June,Q2,24,2012-06,Non-Holiday,0.8214981800000001
45,2012-06-22,822569.16,0,74.22,3.564,191.0646096,8.567,2012,6,June,Q2,25,2012-06,Non-Holiday,0.82256916
45,2012-06-29,773367.71,0,75.22,3.506,191.0992462,8.567,2012,6,June,Q2,26,2012-06,Non-Holiday,0.7733677099999999
45,2012-07-06,843361.1,0,82.99,3.475,191.1338827,8.684,2012,7,July,Q3,27,2012-07,Non-Holiday,0.8433611
45,2012-07-13,749817.08,0,79.97,3.523,191.1685192,8.684,2012,7,July,Q3,28,2012-07,Non-Holiday,0.7498170799999999
45,2012-07-20,737613.65,0,78.89,3.567,191.1670428,8.684,2012,7,July,Q3,29,2012-07,Non-Holiday,0.73761365
45,2012-07-27,711671.58,0,77.2,3.647,191.1655664,8.684,2012,7,July,Q3,30,2012-07,Non-Holiday,0.71167158
45,2012-08-03,725729.51,0,76.58,3.654,191.16409,8.684,2012,8,August,Q3,31,2012-08,Non-Holiday,0.72572951
45,2012-08-10,733037.32,0,78.65,3.722,191.1626135,8.684,2012,8,August,Q3,32,2012-08,Non-Holiday,0.73303732
45,2012-08-17,722496.93,0,75.71,3.807,191.2284919,8.684,2012,8,August,Q3,33,2012-08,Non-Holiday,0.72249693
45,2012-08-24,718232.26,0,72.62,3.834,191.3448865,8.684,2012,8,August,Q3,34,2012-08,Non-Holiday,0.71823226
45,2012-08-31,734297.87,0,75.09,3.867,191.461281,8.684,2012,8,August,Q3,35,2012-08,Non-Holiday,0.73429787
45,2012-09-07,766512.66,1,75.7,3.911,191.5776756,8.684,2012,9,September,Q3,36,2012-09,Holiday,0.7665126600000001
45,2012-09-14,702238.27,0,67.87,3.948,191.69985,8.684,2012,9,September,Q3,37,2012-09,Non-Holiday,0.70223827
45,2012-09-21,723086.2,0,65.32,4.038,191.8567038,8.684,2012,9,September,Q3,38,2012-09,Non-Holiday,0.7230861999999999
45,2012-09-28,713173.95,0,64.88,3.997,192.0135577,8.684,2012,9,September,Q3,39,2012-09,Non-Holiday,0.71317395
45,2012-10-05,733455.07,0,64.89,3.985,192.1704115,8.667,2012,10,October,Q4,40,2012-10,Non-Holiday,0.73345507
45,2012-10-12,734464.36,0,54.47,4.0,192.3272654,8.667,2012,10,October,Q4,41,2012-10,Non-Holiday,0.73446436
45,2012-10-19,718125.53,0,56.47,3.969,192.3308542,8.667,2012,10,October,Q4,42,2012-10,Non-Holiday,0.71812553
45,2012-10-26,760281.43,0,58.85,3.882,192.3088989,8.667,2012,10,October,Q4,43,2012-10,Non-Holiday,0.76028143
